Title,Artist,Appearance_Count,Platform_Count,Platforms,Date_Count,First_Seen,Last_Seen,Best_Rank,Avg_Rank,Best_Platform,Total_Hit_Score,Avg_Hit_Score,Spotify_Peak_Position,Spotify_Total_Streams,Spotify_Days_On_Chart,Spotify_Peak_Count,AppleMusic_Peak_Position,AppleMusic_Days_On_Chart,AppleMusic_Peak_Count,ZingMP3_Total_Plays,ZingMP3_Total_Likes,NCT_Total_Likes,YouTube_Total_Views,YouTube_Total_Likes,Duration,Spotify_URL,ZingMP3_URL,NCT_URL,YouTube_URL
Người Đầu Tiên,Juky San,48,4,"APPLE_MUSIC, NCT, SPOTIFY, ZINGMP3",14,2025-10-31,2025-11-13,5,17.208333333333332,SPOTIFY,3733.4,77.77916666666667,6.0,903846.0,12.0,1.0,,,,442000.0,12000.0,19219.0,0,0,,,https://zingmp3.vn/bai-hat/Nguoi-Dau-Tien-Juky-San-buitruonglinh/Z8AOOBCA.html,https://www.nhaccuatui.com/song/oyfwO2mxFbH0,
Không Buông,Hngle,43,4,"APPLE_MUSIC, NCT, SPOTIFY, ZINGMP3",14,2025-10-31,2025-11-13,3,9.30232558139535,SPOTIFY,3649.75,84.87790697674419,2.0,7850531.0,71.0,18.0,,,,3600000.0,70000.0,79674.0,0,0,,,https://zingmp3.vn/bai-hat/Khong-Buong-Hngle-Ari/Z88WECDF.html,https://www.nhaccuatui.com/song/l8cuO7N4Gx3J,
Anh Đã Không Biết Cách Yêu Em,Quang Đăng Trần,43,4,"APPLE_MUSIC, NCT, SPOTIFY, ZINGMP3",14,2025-10-31,2025-11-13,2,13.465116279069768,NCT,3460.55,80.4779069767442,8.0,6357076.0,101.0,1.0,,,,20300000.0,399000.0,133254.0,0,0,,,https://zingmp3.vn/bai-hat/Anh-Da-Khong-Biet-Cach-Yeu-Em-Quang-Dang-Tran/Z870AWF8.html,https://www.nhaccuatui.com/song/RjjlFp5VePzi,
NGƯỜI NHƯ ANH XỨNG ĐÁNG CÔ ĐƠN,ANH TRAI SAY HI,42,4,"APPLE_MUSIC, NCT, SPOTIFY, ZINGMP3",14,2025-10-31,2025-11-13,8,15.785714285714286,NCT,3302.2,78.62380952380951,2.0,4398327.0,44.0,5.0,,,,2900000.0,41000.0,69080.0,0,0,,,https://zingmp3.vn/bai-hat/NGUOI-NHU-ANH-XUNG-DANG-CO-DON-ANH-TRAI-SAY-HI-Vu-Cat-Tuong-Karik-Negav-Ngo-Kien-Huy-Jey-B/Z89ZDF6B.html,https://www.nhaccuatui.com/song/ohdUc5kDIMnJ,
In Love,Low G,43,4,"APPLE_MUSIC, NCT, SPOTIFY, ZINGMP3",14,2025-10-31,2025-11-13,2,20.348837209302324,SPOTIFY,3223.0,74.95348837209302,2.0,2384648.0,21.0,3.0,,,,511000.0,6000.0,28048.0,0,0,,,https://zingmp3.vn/bai-hat/In-Love-Low-G-JustaTee/Z89EBCDW.html,https://www.nhaccuatui.com/song/TfjjHnTFVTKj,
Không Thời Gian,Dương Domic,43,4,"APPLE_MUSIC, NCT, SPOTIFY, ZINGMP3",14,2025-10-31,2025-11-13,6,23.27906976744186,SPOTIFY,3088.25,71.81976744186046,6.0,4069139.0,51.0,1.0,,,,2200000.0,43000.0,45478.0,0,0,,,https://zingmp3.vn/bai-hat/Khong-Thoi-Gian-Duong-Domic/Z890F6ZE.html,https://www.nhaccuatui.com/song/FxoGeDuCWtSP,
NGƯỜI ĐẦU TIÊN,EM XINH SAY HI,35,3,"NCT, SPOTIFY, ZINGMP3",14,2025-10-31,2025-11-13,5,17.857142857142858,SPOTIFY,2686.25,76.75,2.0,7715711.0,85.0,1.0,0.0,0.0,0.0,3800000.0,47000.0,65258.0,0,0,,,https://zingmp3.vn/bai-hat/NGUOI-DAU-TIEN-EM-XINH-SAY-HI-Juky-San/Z88IAOA0.html,https://www.nhaccuatui.com/song/O4NyykO66w3D,
chẳng phải tình đầu sao đau đến thế,MIN,28,3,"APPLE_MUSIC, NCT, SPOTIFY",13,2025-10-31,2025-11-13,1,1.4285714285714286,APPLE_MUSIC,2613.0,93.32142857142857,2.0,2656843.0,20.0,12.0,,,,0.0,0.0,52950.0,0,0,,,,https://www.nhaccuatui.com/song/aV6cyHFUBioS,
Ngày Này Năm Ấy,Việt Anh,35,3,"NCT, SPOTIFY, ZINGMP3",14,2025-10-31,2025-11-13,7,19.4,ZINGMP3,2599.15,74.26142857142857,11.0,5496921.0,95.0,1.0,0.0,0.0,0.0,7100000.0,129000.0,80275.0,0,0,,,https://zingmp3.vn/bai-hat/Ngay-Nay-Nam-Ay-Viet-Anh/Z87W0W9U.html,https://www.nhaccuatui.com/song/10vd0FQlcvyO,
Em,Binz,28,3,"APPLE_MUSIC, NCT, SPOTIFY",13,2025-10-31,2025-11-13,2,3.9285714285714284,APPLE_MUSIC,2548.25,91.00892857142857,3.0,1706918.0,17.0,5.0,,,,0.0,0.0,22294.0,0,0,,,,https://www.nhaccuatui.com/song/9gfD7AsrzcYv,
ĐOẠN KỊCH CÂM,ANH TRAI SAY HI,37,4,"APPLE_MUSIC, NCT, SPOTIFY, ZINGMP3",14,2025-10-31,2025-11-13,7,27.89189189189189,NCT,2482.8500000000004,67.10405405405406,29.0,480255.0,9.0,1.0,,,,332000.0,9000.0,15133.0,0,0,,,https://zingmp3.vn/bai-hat/DOAN-KICH-CAM-ANH-TRAI-SAY-HI-CONGB-Negav-B-Ray-CODYNAMVO-Pham-Dinh-Thai-Ngan-My-My/Z8AZU6ID.html,https://www.nhaccuatui.com/song/vdXhGFEWSIMh,
KHÔNG ĐAU NỮA RỒI,EM XINH SAY HI,39,4,"APPLE_MUSIC, NCT, SPOTIFY, ZINGMP3",14,2025-10-31,2025-11-13,8,35.30769230769231,APPLE_MUSIC,2372.2999999999997,60.82820512820512,1.0,11772826.0,142.0,1.0,,,,7400000.0,87000.0,115039.0,0,0,,,https://zingmp3.vn/bai-hat/KHONG-DAU-NUA-ROI-EM-XINH-SAY-HI-Orange-My-My-52Hz-Chau-Bui/Z869676I.html,https://www.nhaccuatui.com/song/Ijo7HDYemsvo,
Kho Báu,STRONG,36,3,"APPLE_MUSIC, NCT, ZINGMP3",14,2025-10-31,2025-11-13,4,32.22222222222222,NCT,2231.7499999999995,61.99305555555554,0.0,0.0,0.0,0.0,,,,6200000.0,62000.0,139356.0,0,0,,,https://zingmp3.vn/bai-hat/Kho-Bau-S-TRONG/Z87IZ08U.html,https://www.nhaccuatui.com/song/kVt3JtCUChNI,
Bình Yên,Vũ.,28,3,"APPLE_MUSIC, NCT, SPOTIFY",13,2025-10-31,2025-11-13,11,18.857142857142858,SPOTIFY,2157.9500000000003,77.06964285714287,3.0,39741545.0,440.0,5.0,,,,0.0,0.0,223928.0,0,0,,,,https://www.nhaccuatui.com/song/56Um1CgCynmG,
Ngàn Năm Ánh Sáng,Đặng Vĩnh Thịnh,35,3,"NCT, SPOTIFY, ZINGMP3",14,2025-10-31,2025-11-13,14,36.48571428571429,SPOTIFY,2080.85,59.45285714285714,5.0,6310096.0,97.0,1.0,0.0,0.0,0.0,2600000.0,40000.0,56693.0,0,0,,,https://zingmp3.vn/bai-hat/Ngan-Nam-Anh-Sang-Dang-Vinh-Thinh-BMZ/Z87997D8.html,https://www.nhaccuatui.com/song/xnhwlEUv6mPq,
Quyền Yếu Đuối,MiiNa,24,2,"NCT, ZINGMP3",14,2025-10-31,2025-11-13,4,7.125,ZINGMP3,1986.0,82.75,0.0,0.0,0.0,0.0,0.0,0.0,0.0,1500000.0,54000.0,31215.0,0,0,02:55,,https://zingmp3.vn/bai-hat/Quyen-Yeu-Duoi-MiiNa-RIN9-DREAMeR/Z89AI86A.html,https://www.nhaccuatui.com/song/cynfdsSLkJLi,
Mất Kết Nối,Dương Domic,28,3,"APPLE_MUSIC, NCT, SPOTIFY",13,2025-10-31,2025-11-13,11,24.821428571428573,APPLE_MUSIC,1984.7,70.88214285714285,1.0,42152440.0,355.0,2.0,,,,0.0,0.0,371244.0,0,0,,,,https://www.nhaccuatui.com/song/uJ8qLJzC9wH5,
Còn Gì Đẹp Hơn (Mưa Đỏ Original Soundtrack),Nguyễn Hùng,32,3,"APPLE_MUSIC, NCT, ZINGMP3",14,2025-10-31,2025-11-13,13,32.40625,NCT,1960.35,61.2609375,0.0,0.0,0.0,0.0,,,,7300000.0,124000.0,131500.0,0,0,,,https://zingmp3.vn/bai-hat/Con-Gi-Dep-Hon-Mua-Do-Original-Soundtrack-Nguyen-Hung/Z8796CZO.html,https://www.nhaccuatui.com/song/My2LYptZ1GS5,
Nắng Ấm Trong Tim,Duongg,34,3,"NCT, SPOTIFY, ZINGMP3",14,2025-10-31,2025-11-13,18,39.88235294117647,NCT,1883.35,55.39264705882353,31.0,676900.0,16.0,1.0,0.0,0.0,0.0,518000.0,18000.0,13002.0,0,0,,,https://zingmp3.vn/bai-hat/Nang-Am-Trong-Tim-Duongg-Dadeon/Z886I7IU.html,https://www.nhaccuatui.com/song/4dPxo73rYIvn,
Wrong Times,Puppy,28,3,"APPLE_MUSIC, NCT, SPOTIFY",13,2025-10-31,2025-11-13,9,37.035714285714285,SPOTIFY,1697.8999999999999,60.63928571428571,3.0,49876765.0,725.0,16.0,,,,0.0,0.0,174568.0,0,0,,,,https://www.nhaccuatui.com/song/0lTwDzgDWI2q,
10 Mất 1 Còn Không,Lê Gia Bảo,24,2,"NCT, ZINGMP3",14,2025-10-31,2025-11-13,6,23.041666666666668,ZINGMP3,1659.4,69.14166666666667,0.0,0.0,0.0,0.0,0.0,0.0,0.0,22400000.0,373000.0,77635.0,0,0,04:50,,https://zingmp3.vn/bai-hat/10-Mat-1-Con-Khong-Le-Gia-Bao-BMZ/Z8ZI9OID.html,https://www.nhaccuatui.com/song/UpxC3e4PNIa9,
ĐA NGHI,ANH TRAI SAY HI,28,4,"APPLE_MUSIC, NCT, SPOTIFY, ZINGMP3",14,2025-10-31,2025-11-13,15,34.42857142857143,NCT,1648.9000000000003,58.88928571428573,21.0,1028166.0,24.0,1.0,,,,855000.0,14000.0,23311.0,0,0,,,https://zingmp3.vn/bai-hat/DA-NGHI-ANH-TRAI-SAY-HI-Negav-Hai-Nam-CODYNAMVO-Dillan-Hoang-Phan/Z89CZ8IO.html,https://www.nhaccuatui.com/song/N0u2OIefVcyy,
Phép Màu,MAYDAYs,20,2,"NCT, SPOTIFY",13,2025-10-31,2025-11-13,11,15.5,NCT,1591.5,79.575,2.0,23237191.0,261.0,12.0,0.0,0.0,0.0,0.0,0.0,208290.0,0,0,,,,https://www.nhaccuatui.com/song/AHgR9rMS5pYw,
Âm Thầm Bên Em,Sơn Tùng M-TP,20,2,"NCT, SPOTIFY",13,2025-10-31,2025-11-13,8,19.0,SPOTIFY,1543.7,77.185,4.0,44907218.0,1848.0,1.0,0.0,0.0,0.0,0.0,0.0,295187.0,0,0,,,,https://www.nhaccuatui.com/song/Sttn5Z5WPKPR,
Không Thể Say,HIEUTHUHAI,19,2,"APPLE_MUSIC, SPOTIFY",12,2025-10-31,2025-11-12,18,24.157894736842106,APPLE_MUSIC,1427.9,75.15263157894738,7.0,57352495.0,938.0,1.0,,,,0.0,0.0,0.0,0,0,,,,,
HƠN LÀ BẠN,ANH TRAI SAY HI,34,4,"APPLE_MUSIC, NCT, SPOTIFY, ZINGMP3",14,2025-10-31,2025-11-13,13,54.588235294117645,NCT,1415.6,41.63529411764706,60.0,300594.0,8.0,1.0,,,,256000.0,7000.0,11794.0,0,0,,,https://zingmp3.vn/bai-hat/HON-LA-BAN-ANH-TRAI-SAY-HI-Ngo-Kien-Huy-Vu-Cat-Tuong-Karik-VUONG-BINH-Son-K-MIN/Z8AZU6W0.html,https://www.nhaccuatui.com/song/7UwInkWOWovV,
ANH LÀ THẰNG TỒI,Phùng Khánh Linh,19,2,"APPLE_MUSIC, SPOTIFY",12,2025-10-31,2025-11-12,5,26.210526315789473,APPLE_MUSIC,1382.6000000000001,72.76842105263158,32.0,1109605.0,23.0,1.0,,,,0.0,0.0,0.0,0,0,,,,,
Em Không Cần,Hannie,31,3,"NCT, SPOTIFY, ZINGMP3",14,2025-10-31,2025-11-13,1,51.193548387096776,ZINGMP3,1369.85,44.188709677419354,67.0,673159.0,18.0,1.0,0.0,0.0,0.0,452000.0,9000.0,13721.0,0,0,,,https://zingmp3.vn/bai-hat/Em-Khong-Can-Hannie/Z89A0IZE.html,https://www.nhaccuatui.com/song/2nAn8W8IgHVH,
DẪU CÓ ĐẾN ĐÂU,ANH TRAI SAY HI,22,2,"NCT, ZINGMP3",14,2025-10-31,2025-11-13,13,31.545454545454547,ZINGMP3,1355.2500000000002,61.60227272727274,0.0,0.0,0.0,0.0,0.0,0.0,0.0,1000000.0,11000.0,16992.0,0,0,04:02,,https://zingmp3.vn/bai-hat/DAU-CO-DEN-DAU-ANH-TRAI-SAY-HI-CONGB-VUONG-BINH-Lohan-Nham-Phuong-Nam/Z89CZ8II.html,https://www.nhaccuatui.com/song/lVItHIYjhTZH,
DANCING IN THE DARK,SOOBIN,19,2,"APPLE_MUSIC, SPOTIFY",12,2025-10-31,2025-11-12,17,28.36842105263158,SPOTIFY,1354.8,71.30526315789473,3.0,21698857.0,244.0,8.0,,,,0.0,0.0,0.0,0,0,,,,,
Họa Sĩ Tồi,Thái Học,15,1,ZINGMP3,14,2025-10-31,2025-11-13,1,1.3333333333333333,ZINGMP3,1345.5,89.7,0.0,0.0,0.0,0.0,0.0,0.0,0.0,10400000.0,231000.0,0.0,0,0,04:43,,https://zingmp3.vn/bai-hat/Hoa-Si-Toi-Thai-Hoc/Z88IIB8B.html,,
Em Thua Cô Ta,Min Quỳnh Anh,15,1,ZINGMP3,14,2025-10-31,2025-11-13,1,2.4,ZINGMP3,1331.1,88.74,0.0,0.0,0.0,0.0,0.0,0.0,0.0,3100000.0,141000.0,0.0,0,0,04:29,,https://zingmp3.vn/bai-hat/Em-Thua-Co-Ta-Min-Quynh-Anh/Z89Z7Z0A.html,,
Love Game,Low G,31,4,"APPLE_MUSIC, NCT, SPOTIFY, ZINGMP3",13,2025-10-31,2025-11-13,19,54.58064516129032,APPLE_MUSIC,1320.2,42.58709677419355,3.0,3652886.0,61.0,2.0,,,,788000.0,11000.0,32444.0,0,0,,,https://zingmp3.vn/bai-hat/Love-Game-Low-G-tlinh/Z88ACAA7.html,https://www.nhaccuatui.com/song/4OMvyyEPeIyr,
Mình Là Người Yêu Cũ,Khả Hiệp,15,1,ZINGMP3,14,2025-10-31,2025-11-13,4,6.0,ZINGMP3,1282.5,85.5,0.0,0.0,0.0,0.0,0.0,0.0,0.0,9300000.0,213000.0,0.0,0,0,04:53,,https://zingmp3.vn/bai-hat/Minh-La-Nguoi-Yeu-Cu-Kha-Hiep/Z877Z7EW.html,,
một đời,14 Casper,20,2,"NCT, SPOTIFY",13,2025-10-31,2025-11-13,12,33.4,SPOTIFY,1278.5,63.925,10.0,31326887.0,590.0,1.0,0.0,0.0,0.0,0.0,0.0,168723.0,0,0,,,,https://www.nhaccuatui.com/song/ESFq1iGH8zTQ,
Nơi Này Có Anh,Sơn Tùng M-TP,20,2,"NCT, SPOTIFY",13,2025-10-31,2025-11-13,20,32.95,NCT,1254.0499999999997,62.702499999999986,7.0,32436862.0,2129.0,1.0,0.0,0.0,0.0,0.0,0.0,312433.0,0,0,,,,https://www.nhaccuatui.com/song/JzDZ5BW4RSTI,
TIẾC CHO EM,RHYDER,26,2,"SPOTIFY, ZINGMP3",14,2025-10-31,2025-11-13,21,51.0,ZINGMP3,1244.7,47.87307692307692,7.0,1530397.0,26.0,1.0,0.0,0.0,0.0,580000.0,8000.0,0.0,0,0,,,https://zingmp3.vn/bai-hat/TIEC-CHO-EM-RHYDER/Z89D0FCI.html,,
Giờ Thì,buitruonglinh,28,3,"APPLE_MUSIC, NCT, SPOTIFY",13,2025-10-31,2025-11-13,27,53.42857142857143,NCT,1231.0,43.964285714285715,10.0,18165221.0,331.0,1.0,,,,0.0,0.0,163689.0,0,0,,,,https://www.nhaccuatui.com/song/dyHwNKu52bax,
Canh Bạc Hôn Nhân,LaLa Trần,15,1,ZINGMP3,14,2025-10-31,2025-11-13,5,10.133333333333333,ZINGMP3,1226.7,81.78,0.0,0.0,0.0,0.0,0.0,0.0,0.0,503000.0,19000.0,0.0,0,0,05:35,,https://zingmp3.vn/bai-hat/Canh-Bac-Hon-Nhan-LaLa-Tran-Nguyen-Hong-Thuan/Z8AIA6D7.html,,
Phim Ba Người,Nguyễn Vĩ,15,1,ZINGMP3,14,2025-10-31,2025-11-13,9,11.066666666666666,ZINGMP3,1214.1000000000001,80.94000000000001,0.0,0.0,0.0,0.0,0.0,0.0,0.0,38200000.0,693000.0,0.0,0,0,05:16,,https://zingmp3.vn/bai-hat/Phim-Ba-Nguoi-Nguyen-Vi/Z8UOW9OB.html,,
giá như,SOOBIN,19,2,"APPLE_MUSIC, SPOTIFY",12,2025-10-31,2025-11-12,25,36.05263157894737,SPOTIFY,1210.8000000000002,63.726315789473695,9.0,27703226.0,580.0,1.0,,,,0.0,0.0,0.0,0,0,,,,,
Panorama,Richie D. ICY,20,3,"APPLE_MUSIC, NCT, SPOTIFY",13,2025-10-31,2025-11-13,12,33.45,NCT,1210.6,60.529999999999994,13.0,1529968.0,27.0,1.0,,,,0.0,0.0,20562.0,0,0,,,,https://www.nhaccuatui.com/song/SMJcVKFXYwbM,
Thiệp Hồng Sai Tên,Nguyễn Thành Đạt,16,2,"NCT, ZINGMP3",14,2025-10-31,2025-11-13,4,17.0625,ZINGMP3,1205.95,75.371875,0.0,0.0,0.0,0.0,0.0,0.0,0.0,490000.0,28000.0,9394.0,0,0,05:20,,https://zingmp3.vn/bai-hat/Thiep-Hong-Sai-Ten-Nguyen-Thanh-Dat/Z8AU6DAU.html,https://www.nhaccuatui.com/song/Zx6a24zw8U3e,
Hóa Giải Bằng Nước Mắt,Cao Thái Sơn,15,1,ZINGMP3,14,2025-10-31,2025-11-13,16,16.0,ZINGMP3,1147.5,76.5,0.0,0.0,0.0,0.0,0.0,0.0,0.0,24500000.0,275000.0,0.0,0,0,04:49,,https://zingmp3.vn/bai-hat/Hoa-Giai-Bang-Nuoc-Mat-Cao-Thai-Son-Le-Chi-Trung/Z7CEDDB6.html,,
HERMOSA,ANH TRAI SAY HI,24,2,"NCT, ZINGMP3",14,2025-10-31,2025-11-13,20,46.5,NCT,1144.6000000000001,47.69166666666667,0.0,0.0,0.0,0.0,0.0,0.0,0.0,1300000.0,18000.0,32284.0,0,0,04:06,,https://zingmp3.vn/bai-hat/HERMOSA-ANH-TRAI-SAY-HI-Son-K-buitruonglinh-Tez-Mason-Nguyen-CONGB/Z89ZDF69.html,https://www.nhaccuatui.com/song/YDxQbcF2YuCl,
Nỗi Đau Giữa Hòa Bình,Hòa Minzy,15,1,ZINGMP3,14,2025-10-31,2025-11-13,13,16.333333333333332,ZINGMP3,1143.0,76.2,0.0,0.0,0.0,0.0,0.0,0.0,0.0,6700000.0,160000.0,0.0,0,0,05:19,,https://zingmp3.vn/bai-hat/Noi-Dau-Giua-Hoa-Binh-Hoa-Minzy-Nguyen-Van-Chung/Z88IIO98.html,,
Kho Báu (with Rhymastic),STRONG,15,2,"NCT, ZINGMP3",8,2025-10-31,2025-11-07,6,15.0,NCT,1132.5,75.5,0.0,0.0,0.0,0.0,0.0,0.0,0.0,5400000.0,68000.0,136259.0,0,0,03:38,,https://zingmp3.vn/bai-hat/Kho-Bau-with-Rhymastic-S-TRONG-Rhymastic/Z87FI0E0.html,https://www.nhaccuatui.com/song/UV8S5HlKISf1,
Exit Sign,HIEUTHUHAI,19,2,"APPLE_MUSIC, SPOTIFY",12,2025-10-31,2025-11-12,8,40.94736842105263,SPOTIFY,1131.4,59.54736842105264,3.0,54777693.0,616.0,1.0,,,,0.0,0.0,0.0,0,0,,,,,
Buông Đôi Tay Nhau Ra,Sơn Tùng M-TP,20,2,"NCT, SPOTIFY",13,2025-10-31,2025-11-13,25,41.45,SPOTIFY,1117.9499999999998,55.897499999999994,3.0,24855245.0,851.0,1.0,0.0,0.0,0.0,0.0,0.0,203280.0,0,0,,,,https://www.nhaccuatui.com/song/mPjFpFGJhzko,
Tự Dưng Thành Người Lạ,Quốc Thiên,15,1,ZINGMP3,14,2025-10-31,2025-11-13,7,18.6,ZINGMP3,1112.4,74.16000000000001,0.0,0.0,0.0,0.0,0.0,0.0,0.0,766000.0,18000.0,0.0,0,0,05:38,,https://zingmp3.vn/bai-hat/Tu-Dung-Thanh-Nguoi-La-Quoc-Thien/Z89BWI00.html,,
Mỹ Vị Cuộc Đời,Trung Quân,15,1,ZINGMP3,14,2025-10-31,2025-11-13,3,18.666666666666668,ZINGMP3,1111.5,74.1,0.0,0.0,0.0,0.0,0.0,0.0,0.0,247000.0,3000.0,0.0,0,0,05:06,,https://zingmp3.vn/bai-hat/My-Vi-Cuoc-Doi-Trung-Quan/Z8AOAC0O.html,,
PHÓNG ZÌN ZÌN,tlinh,19,2,"APPLE_MUSIC, SPOTIFY",12,2025-10-31,2025-11-12,30,44.21052631578947,SPOTIFY,1053.7,55.45789473684211,4.0,34191379.0,419.0,1.0,,,,0.0,0.0,0.0,0,0,,,,,
Say Một Đời Vì Em,Nguyên Vũ,15,1,ZINGMP3,14,2025-10-31,2025-11-13,15,23.333333333333332,ZINGMP3,1048.5,69.9,0.0,0.0,0.0,0.0,0.0,0.0,0.0,1800000.0,46000.0,0.0,0,0,04:22,,https://zingmp3.vn/bai-hat/Say-Mot-Doi-Vi-Em-Nguyen-Vu/Z89UDD8F.html,,
vaicaunoicokhiennguoithaydoi,GREY D,19,2,"APPLE_MUSIC, SPOTIFY",12,2025-10-31,2025-11-12,30,45.1578947368421,SPOTIFY,1039.25,54.69736842105263,1.0,58390026.0,1241.0,6.0,,,,0.0,0.0,0.0,0,0,,,,,
Xin Lỗi Vì Đã Xuất Hiện,Thanh Hưng,15,1,ZINGMP3,14,2025-10-31,2025-11-13,9,24.133333333333333,ZINGMP3,1037.7,69.18,0.0,0.0,0.0,0.0,0.0,0.0,0.0,415000.0,10000.0,0.0,0,0,06:03,,https://zingmp3.vn/bai-hat/Xin-Loi-Vi-Da-Xuat-Hien-Thanh-Hung/Z8A0AWU6.html,,
Hoa Bất Tử,Thành Đạt,15,1,ZINGMP3,14,2025-10-31,2025-11-13,20,25.133333333333333,ZINGMP3,1024.1999999999998,68.27999999999999,0.0,0.0,0.0,0.0,0.0,0.0,0.0,17800000.0,240000.0,0.0,0,0,04:51,,https://zingmp3.vn/bai-hat/Hoa-Bat-Tu-Thanh-Dat/Z8UUZDZ8.html,,
vết thương,Fishy,19,2,"APPLE_MUSIC, SPOTIFY",12,2025-10-31,2025-11-12,13,48.05263157894737,SPOTIFY,999.8,52.62105263157895,10.0,9528801.0,178.0,1.0,,,,0.0,0.0,0.0,0,0,,,,,
Có Đôi Điều,Shiki,19,2,"APPLE_MUSIC, SPOTIFY",12,2025-10-31,2025-11-12,39,47.31578947368421,APPLE_MUSIC,998.1,52.53157894736842,9.0,21048734.0,316.0,1.0,,,,0.0,0.0,0.0,0,0,,,,,
Nắng có mang em về,Shartnuss,11,1,SPOTIFY,11,2025-10-31,2025-11-11,8,10.818181818181818,SPOTIFY,992.0,90.18181818181819,4.0,27347024.0,636.0,1.0,0.0,0.0,0.0,0.0,0.0,0.0,0,0,,,,,
CỨ ĐỔ TẠI CƠN MƯA,EM XINH SAY HI,21,3,"APPLE_MUSIC, NCT, ZINGMP3",14,2025-10-31,2025-11-13,17,49.904761904761905,ZINGMP3,958.65,45.65,0.0,0.0,0.0,0.0,,,,3400000.0,31000.0,42683.0,0,0,,,https://zingmp3.vn/bai-hat/CU-DO-TAI-CON-MUA-EM-XINH-SAY-HI-Phuong-Ly-Orange-Chau-Bui-52Hz/Z87EBIEC.html,https://www.nhaccuatui.com/song/EemTHbrT7zsG,
Tháng Năm,SOOBIN,19,2,"APPLE_MUSIC, SPOTIFY",12,2025-10-31,2025-11-12,23,49.10526315789474,APPLE_MUSIC,956.0999999999999,50.321052631578944,5.0,19993189.0,1070.0,1.0,,,,0.0,0.0,0.0,0,0,,,,,
Mo,Vũ Cát Tường,11,1,SPOTIFY,11,2025-10-31,2025-11-11,9,14.545454545454545,SPOTIFY,951.0,86.45454545454545,4.0,38396242.0,1142.0,1.0,0.0,0.0,0.0,0.0,0.0,0.0,0,0,,,,,
Muốn Cua Anh Làm Bồ,Dương Ái Vy,15,1,ZINGMP3,14,2025-10-31,2025-11-13,23,30.6,ZINGMP3,950.4,63.36,0.0,0.0,0.0,0.0,0.0,0.0,0.0,7000000.0,158000.0,0.0,0,0,02:34,,https://zingmp3.vn/bai-hat/Muon-Cua-Anh-Lam-Bo-Duong-Ai-Vy-HTM/Z8709ADD.html,,
Đừng Làm Trái Tim Anh Đau,Sơn Tùng M-TP,19,2,"APPLE_MUSIC, SPOTIFY",12,2025-10-31,2025-11-12,15,49.78947368421053,APPLE_MUSIC,941.6,49.55789473684211,1.0,50335672.0,522.0,20.0,,,,0.0,0.0,0.0,0,0,,,,,
Lệ Ngang Trời,Hồ Nhi,15,1,ZINGMP3,14,2025-10-31,2025-11-13,26,31.933333333333334,ZINGMP3,932.4,62.16,0.0,0.0,0.0,0.0,0.0,0.0,0.0,4400000.0,124000.0,0.0,0,0,05:29,,https://zingmp3.vn/bai-hat/Le-Ngang-Troi-Ho-Nhi-A-Tuan/Z86DB6FC.html,,
GÃ SĂN CÁ,EM XINH SAY HI,28,3,"APPLE_MUSIC, NCT, ZINGMP3",14,2025-10-31,2025-11-13,34,63.142857142857146,NCT,928.4000000000001,33.15714285714286,0.0,0.0,0.0,0.0,,,,6900000.0,113000.0,111507.0,0,0,,,https://zingmp3.vn/bai-hat/GA-SAN-CA-EM-XINH-SAY-HI-Lam-Bao-Ngoc-Quynh-Anh-Shyn-MAIQUINN-Saabirose/Z86C6CEA.html,https://www.nhaccuatui.com/song/8fBWGX9hPFRW,
NGƯỜI YÊU CHƯA SINH RA,ANH TRAI SAY HI,31,3,"APPLE_MUSIC, NCT, ZINGMP3",14,2025-10-31,2025-11-13,32,67.03225806451613,NCT,921.5,29.725806451612904,0.0,0.0,0.0,0.0,,,,914000.0,15000.0,27163.0,0,0,,,https://zingmp3.vn/bai-hat/NGUOI-YEU-CHUA-SINH-RA-ANH-TRAI-SAY-HI-OgeNus-BigDaddy-Phuc-Du-HUSTLANG-Robber-Dillan-Hoang-Phan/Z89ZDF68.html,https://www.nhaccuatui.com/song/OO3SZc0RTLlf,
Từng Ngày Yêu Em,buitruonglinh,11,1,SPOTIFY,11,2025-10-31,2025-11-11,10,17.545454545454547,SPOTIFY,918.0,83.45454545454545,8.0,20769306.0,311.0,1.0,0.0,0.0,0.0,0.0,0.0,0.0,0,0,,,,,
Vừa Lòng Nhau Chưa,Thành Đạt,15,1,ZINGMP3,14,2025-10-31,2025-11-13,17,34.53333333333333,ZINGMP3,897.3,59.82,0.0,0.0,0.0,0.0,0.0,0.0,0.0,2600000.0,35000.0,0.0,0,0,04:47,,https://zingmp3.vn/bai-hat/Vua-Long-Nhau-Chua-Thanh-Dat-DICKSON-Le-Chi-Trung/Z8776A7D.html,,
Vùng An Toàn,B Ray,19,2,"APPLE_MUSIC, SPOTIFY",12,2025-10-31,2025-11-12,12,52.36842105263158,APPLE_MUSIC,890.25,46.85526315789474,3.0,7762477.0,127.0,8.0,,,,0.0,0.0,0.0,0,0,,,,,
Mảnh Tình Sai Đôi,Thành Đạt,15,1,ZINGMP3,14,2025-10-31,2025-11-13,25,36.0,ZINGMP3,877.5,58.5,0.0,0.0,0.0,0.0,0.0,0.0,0.0,628000.0,13000.0,0.0,0,0,04:33,,https://zingmp3.vn/bai-hat/Manh-Tinh-Sai-Doi-Thanh-Dat/Z89AEIEE.html,,
Sự Ưu Tiên Của Em,Lê Gia Bảo,15,1,ZINGMP3,14,2025-10-31,2025-11-13,28,36.266666666666666,ZINGMP3,873.9000000000001,58.260000000000005,0.0,0.0,0.0,0.0,0.0,0.0,0.0,15700000.0,236000.0,0.0,0,0,04:57,,https://zingmp3.vn/bai-hat/Su-Uu-Tien-Cua-Em-Le-Gia-Bao/Z8O8B7BF.html,,
vạn vật như muốn ta bên nhau,RIO,11,1,SPOTIFY,11,2025-10-31,2025-11-11,18,22.454545454545453,SPOTIFY,864.0,78.54545454545455,4.0,15179887.0,215.0,1.0,0.0,0.0,0.0,0.0,0.0,0.0,0,0,,,,,
Cưới Chính,Nal,15,1,ZINGMP3,14,2025-10-31,2025-11-13,29,37.333333333333336,ZINGMP3,859.5,57.3,0.0,0.0,0.0,0.0,0.0,0.0,0.0,1100000.0,38000.0,0.0,0,0,04:04,,https://zingmp3.vn/bai-hat/Cuoi-Chinh-Nal-CT/Z88EODCD.html,,
MAKE UP,ANH TRAI SAY HI,18,2,"NCT, ZINGMP3",13,2025-10-31,2025-11-12,36,47.611111111111114,ZINGMP3,853.2,47.400000000000006,0.0,0.0,0.0,0.0,0.0,0.0,0.0,153000.0,4000.0,6636.0,0,0,04:18,,https://zingmp3.vn/bai-hat/MAKE-UP-ANH-TRAI-SAY-HI-Dillan-Hoang-Phan-buitruonglinh-Do-Nam-Son-Lohan-Ryn-Lee-Bao-Thy/Z8AZU6IF.html,https://www.nhaccuatui.com/song/qWmc2x35NHEk,
Hà Nội,Obito,19,2,"APPLE_MUSIC, SPOTIFY",12,2025-10-31,2025-11-12,28,56.578947368421055,APPLE_MUSIC,816.35,42.96578947368421,11.0,23158219.0,490.0,1.0,,,,0.0,0.0,0.0,0,0,,,,,
Chẳng Thể Cảm Hóa,Lương Quý Tuấn,15,1,ZINGMP3,14,2025-10-31,2025-11-13,37,41.733333333333334,ZINGMP3,800.1000000000003,53.34000000000002,0.0,0.0,0.0,0.0,0.0,0.0,0.0,5700000.0,156000.0,0.0,0,0,05:03,,https://zingmp3.vn/bai-hat/Chang-The-Cam-Hoa-Luong-Quy-Tuan-An-Clock/Z8ZI8BAB.html,,
Đừng Đóng Vai Nạn Nhân,Wendy Thảo,15,1,ZINGMP3,14,2025-10-31,2025-11-13,36,42.666666666666664,ZINGMP3,787.5000000000001,52.50000000000001,0.0,0.0,0.0,0.0,0.0,0.0,0.0,655000.0,20000.0,0.0,0,0,05:49,,https://zingmp3.vn/bai-hat/Dung-Dong-Vai-Nan-Nhan-Thao-Wendy-V2T-Media/Z89A0IE8.html,,
Nói Dối,Ronboogz,11,1,SPOTIFY,11,2025-10-31,2025-11-11,22,29.545454545454547,SPOTIFY,786.0,71.45454545454545,3.0,28560416.0,737.0,3.0,0.0,0.0,0.0,0.0,0.0,0.0,0,0,,,,,
ẢO ẢNH,ANH TRAI SAY HI,19,2,"NCT, ZINGMP3",14,2025-10-31,2025-11-13,22,55.0,NCT,773.1999999999999,40.69473684210526,0.0,0.0,0.0,0.0,0.0,0.0,0.0,455000.0,8000.0,12921.0,0,0,04:22,,https://zingmp3.vn/bai-hat/AO-ANH-ANH-TRAI-SAY-HI-Vu-Cat-Tuong-Gill-Ryn-Lee/Z89F9E07.html,https://www.nhaccuatui.com/song/qEDID98P9dOt,
Trái Tim Không Có Tội,Châu Khải Phong,15,1,ZINGMP3,14,2025-10-31,2025-11-13,26,45.06666666666667,ZINGMP3,755.1,50.34,0.0,0.0,0.0,0.0,0.0,0.0,0.0,1800000.0,30000.0,0.0,0,0,05:33,,https://zingmp3.vn/bai-hat/Trai-Tim-Khong-Co-Toi-Chau-Khai-Phong/Z88DZW6U.html,,
Lý Do Nào Để Quay Lại Với Nhau,PAR SG,10,1,SPOTIFY,10,2025-10-31,2025-11-10,14,25.8,SPOTIFY,752.0,75.2,8.0,11709797.0,398.0,1.0,0.0,0.0,0.0,0.0,0.0,0.0,0,0,,,,,
Lạ Lùng,Vũ.,19,2,"APPLE_MUSIC, SPOTIFY",12,2025-10-31,2025-11-12,49,60.473684210526315,APPLE_MUSIC,750.85,39.51842105263158,12.0,40559400.0,2749.0,1.0,,,,0.0,0.0,0.0,0,0,,,,,
Mảnh Tình Sai Đôi,Quang Hà,15,1,ZINGMP3,14,2025-10-31,2025-11-13,38,45.46666666666667,ZINGMP3,749.7,49.980000000000004,0.0,0.0,0.0,0.0,0.0,0.0,0.0,1600000.0,26000.0,0.0,0,0,04:37,,https://zingmp3.vn/bai-hat/Manh-Tinh-Sai-Doi-Quang-Ha/Z88C6FWW.html,,
Những Lời Hứa Bỏ Quên,Vũ.,19,3,"APPLE_MUSIC, NCT, SPOTIFY",12,2025-10-31,2025-11-13,31,56.31578947368421,NCT,746.2,39.27368421052632,1.0,41009967.0,694.0,9.0,,,,0.0,0.0,295303.0,0,0,,,,https://www.nhaccuatui.com/song/cJ6lXsQLONjC,
ẾCH NGOÀI ĐÁY GIẾNG,EM XINH SAY HI,15,1,ZINGMP3,14,2025-10-31,2025-11-13,23,47.2,ZINGMP3,726.3,48.419999999999995,0.0,0.0,0.0,0.0,0.0,0.0,0.0,4300000.0,79000.0,0.0,0,0,03:53,,https://zingmp3.vn/bai-hat/ECH-NGOAI-DAY-GIENG-EM-XINH-SAY-HI-Phuong-My-Chi/Z88IAO9D.html,,
Phong Sương Tửu (Ca Si Thiên Đình),THIÊN ĐÌNH,15,1,ZINGMP3,14,2025-10-31,2025-11-13,31,47.4,ZINGMP3,723.6000000000001,48.24000000000001,0.0,0.0,0.0,0.0,0.0,0.0,0.0,448000.0,7000.0,0.0,0,0,03:43,,https://zingmp3.vn/bai-hat/Phong-Suong-Tuu-Ca-Si-Thien-Dinh-THIEN-DINH/Z8AIWBI9.html,,
Nếu Ngày Ấy,SOOBIN,11,1,SPOTIFY,11,2025-10-31,2025-11-11,25,35.36363636363637,SPOTIFY,722.0,65.63636363636364,25.0,10200491.0,320.0,1.0,0.0,0.0,0.0,0.0,0.0,0.0,0,0,,,,,
EM ĐAU,Phùng Khánh Linh,8,1,APPLE_MUSIC,8,2025-11-05,2025-11-12,7,7.625,APPLE_MUSIC,709.65,88.70625,0.0,0.0,0.0,0.0,,,,0.0,0.0,0.0,0,0,,,,,
Bắt Con Bướm Vàng,DanhKa,15,1,ZINGMP3,14,2025-10-31,2025-11-13,42,48.666666666666664,ZINGMP3,706.5,47.1,0.0,0.0,0.0,0.0,0.0,0.0,0.0,1700000.0,36000.0,0.0,0,0,03:45,,https://zingmp3.vn/bai-hat/Bat-Con-Buom-Vang-DanhKa/Z87AU6ED.html,,
Vì Anh Đâu Có Biết,Madihu,11,1,SPOTIFY,11,2025-10-31,2025-11-11,22,37.36363636363637,SPOTIFY,700.0,63.63636363636363,2.0,57608948.0,1196.0,10.0,0.0,0.0,0.0,0.0,0.0,0.0,0,0,,,,,
Quá Muộn,MIN,8,1,APPLE_MUSIC,8,2025-11-05,2025-11-12,6,9.625,APPLE_MUSIC,694.4499999999999,86.80624999999999,0.0,0.0,0.0,0.0,,,,0.0,0.0,0.0,0,0,,,,,
Chế Độ Im Lặng,MIN,8,1,APPLE_MUSIC,8,2025-11-05,2025-11-12,9,11.75,APPLE_MUSIC,678.3,84.7875,0.0,0.0,0.0,0.0,,,,0.0,0.0,0.0,0,0,,,,,
một bài hát không vui mấy - Extended Version,T.R.I,11,1,SPOTIFY,11,2025-10-31,2025-11-11,29,39.63636363636363,SPOTIFY,675.0,61.36363636363637,17.0,16341458.0,311.0,1.0,0.0,0.0,0.0,0.0,0.0,0.0,0,0,,,,,
Có Mình Và Ta,Nguyễn Vĩ,15,1,ZINGMP3,14,2025-10-31,2025-11-13,41,51.733333333333334,ZINGMP3,665.1,44.34,0.0,0.0,0.0,0.0,0.0,0.0,0.0,924000.0,23000.0,0.0,0,0,04:18,,https://zingmp3.vn/bai-hat/Co-Minh-Va-Ta-Nguyen-Vi/Z88EZDW6.html,,
Thằng Điên,JustaTee,19,2,"APPLE_MUSIC, SPOTIFY",12,2025-10-31,2025-11-12,40,66.15789473684211,SPOTIFY,648.65,34.13947368421052,18.0,34735196.0,1132.0,1.0,,,,0.0,0.0,0.0,0,0,,,,,
Ngày Này Năm Ấy (Metal Rock),Việt Anh,12,2,"NCT, ZINGMP3",9,2025-10-31,2025-11-13,27,39.416666666666664,NCT,633.8499999999999,52.820833333333326,0.0,0.0,0.0,0.0,0.0,0.0,0.0,116000.0,3000.0,10250.0,0,0,03:50,,https://zingmp3.vn/bai-hat/Ngay-Nay-Nam-Ay-Metal-Rock-Viet-Anh/Z89FCIDO.html,https://www.nhaccuatui.com/song/6NeIeeSFl4y3,
Có Em Là Nhà,MIN,8,1,APPLE_MUSIC,8,2025-11-05,2025-11-12,11,17.75,APPLE_MUSIC,632.7,79.0875,0.0,0.0,0.0,0.0,,,,0.0,0.0,0.0,0,0,,,,,
Nắng Dưới Chân Mây,Nguyễn Hữu Kha,9,1,NCT,8,2025-10-31,2025-11-13,16,18.77777777777778,NCT,628.9999999999999,69.88888888888887,0.0,0.0,0.0,0.0,0.0,0.0,0.0,0.0,0.0,84693.0,0,0,3:39,,,https://www.nhaccuatui.com/song/F2v0Z9WBlCMV,
Thật Không Giống Ai (From Thà Cô Đơn),Vicky Nhung,7,1,ZINGMP3,7,2025-10-31,2025-11-06,1,2.0,ZINGMP3,623.7,89.10000000000001,0.0,0.0,0.0,0.0,0.0,0.0,0.0,,20000.0,0.0,0,0,04:07,,https://zingmp3.vn/bai-hat/That-Khong-Giong-Ai-From-Tha-Co-Don-Vicky-Nhung/Z8A6IOWO.html,,
Phép Màu [Đàn Cá Gỗ Original Soundtrack],MAYDAYs,8,1,APPLE_MUSIC,8,2025-11-05,2025-11-12,16,19.875,APPLE_MUSIC,616.55,77.06875,0.0,0.0,0.0,0.0,,,,0.0,0.0,0.0,0,0,,,,,
Love is,Dangrangto,11,1,SPOTIFY,11,2025-10-31,2025-11-11,35,45.27272727272727,SPOTIFY,613.0,55.72727272727273,7.0,23902845.0,382.0,1.0,0.0,0.0,0.0,0.0,0.0,0.0,0,0,,,,,
ƯỚC ANH TAN NÁT CON TIM,Phùng Khánh Linh,8,1,APPLE_MUSIC,8,2025-11-05,2025-11-12,14,21.875,APPLE_MUSIC,601.3499999999999,75.16874999999999,0.0,0.0,0.0,0.0,,,,0.0,0.0,0.0,0,0,,,,,
Chuyện Đôi Ta,Emcee L (Da LAB),9,2,"APPLE_MUSIC, SPOTIFY",7,2025-10-31,2025-11-07,13,34.22222222222222,SPOTIFY,600.5,66.72222222222223,2.0,68512977.0,1437.0,7.0,,,,0.0,0.0,0.0,0,0,,,,,
HIỆN THỰC PHŨ PHÀNG,Phùng Khánh Linh,8,1,APPLE_MUSIC,8,2025-11-05,2025-11-12,10,22.375,APPLE_MUSIC,597.55,74.69375,0.0,0.0,0.0,0.0,,,,0.0,0.0,0.0,0,0,,,,,
Sinh Ra Đã Là Thứ Đối Lập Nhau,Emcee L,11,1,SPOTIFY,11,2025-10-31,2025-11-11,28,47.0,SPOTIFY,594.0,54.0,16.0,52576041.0,1517.0,1.0,0.0,0.0,0.0,0.0,0.0,0.0,0,0,,,,,
Lưới Tình,J.ADE,8,1,ZINGMP3,8,2025-10-31,2025-11-12,14,19.0,ZINGMP3,590.4000000000001,73.80000000000001,0.0,0.0,0.0,0.0,0.0,0.0,0.0,93000.0,66000.0,0.0,0,0,04:14,,https://zingmp3.vn/bai-hat/Luoi-Tinh-J-ADE/Z8AOF0ZC.html,,
Có Em,Madihu,11,1,SPOTIFY,11,2025-10-31,2025-11-11,27,47.36363636363637,SPOTIFY,590.0,53.63636363636363,2.0,42507412.0,1286.0,1.0,0.0,0.0,0.0,0.0,0.0,0.0,0,0,,,,,
E Là Không Thể,Anh Quân,9,1,NCT,8,2025-10-31,2025-11-13,21,24.0,NCT,589.05,65.44999999999999,0.0,0.0,0.0,0.0,0.0,0.0,0.0,0.0,0.0,186252.0,0,0,5:09,,,https://www.nhaccuatui.com/song/r27tf4MELOuA,
Nếu Những Tiếc Nuối,Vũ.,17,2,"APPLE_MUSIC, SPOTIFY",11,2025-11-01,2025-11-12,33,65.23529411764706,APPLE_MUSIC,582.4499999999999,34.26176470588235,34.0,7310397.0,202.0,1.0,,,,0.0,0.0,0.0,0,0,,,,,
Bước Qua Mùa Cô Đơn,Vũ.,19,2,"APPLE_MUSIC, SPOTIFY",12,2025-10-31,2025-11-12,47,69.78947368421052,SPOTIFY,580.5,30.55263157894737,1.0,37264802.0,1691.0,8.0,,,,0.0,0.0,0.0,0,0,,,,,
nếu lúc đó,tlinh,17,2,"APPLE_MUSIC, SPOTIFY",10,2025-11-03,2025-11-12,49,65.70588235294117,APPLE_MUSIC,580.25,34.13235294117647,1.0,59690975.0,986.0,17.0,,,,0.0,0.0,0.0,0,0,,,,,
phải viết bao nhiêu bản tình ca,MIN,8,1,APPLE_MUSIC,8,2025-11-05,2025-11-12,11,24.875,APPLE_MUSIC,578.55,72.31875,0.0,0.0,0.0,0.0,,,,0.0,0.0,0.0,0,0,,,,,
Cạn Dòng Ướt Mi,Dee Trần,7,1,ZINGMP3,7,2025-10-31,2025-11-06,7,9.857142857142858,ZINGMP3,574.2,82.02857142857144,0.0,0.0,0.0,0.0,0.0,0.0,0.0,59000.0,1000.0,0.0,0,0,04:33,,https://zingmp3.vn/bai-hat/Can-Dong-Uot-Mi-Dee-Tran/Z8AUA078.html,,
1000 Ánh Mắt,Shiki,19,2,"APPLE_MUSIC, SPOTIFY",12,2025-10-31,2025-11-12,50,70.21052631578948,SPOTIFY,573.45,30.181578947368422,8.0,24278150.0,502.0,1.0,,,,0.0,0.0,0.0,0,0,,,,,
CỜ NGƯỜI,Phùng Khánh Linh,8,1,APPLE_MUSIC,8,2025-11-05,2025-11-12,12,26.125,APPLE_MUSIC,569.05,71.13125,0.0,0.0,0.0,0.0,,,,0.0,0.0,0.0,0,0,,,,,
Kết Thúc Và Chia Tay,Nguyễn Kiều Oanh,10,1,ZINGMP3,9,2025-10-31,2025-11-08,14,39.0,ZINGMP3,558.0000000000001,55.80000000000001,0.0,0.0,0.0,0.0,0.0,0.0,0.0,117000.0,2000.0,0.0,0,0,04:57,,https://zingmp3.vn/bai-hat/Ket-Thuc-Va-Chia-Tay-Nguyen-Kieu-Oanh/Z8AIW9CO.html,,
Cơ Hội Cuối,An Vũ,15,1,ZINGMP3,14,2025-10-31,2025-11-13,52,59.666666666666664,ZINGMP3,558.0,37.2,0.0,0.0,0.0,0.0,0.0,0.0,0.0,11500000.0,188000.0,0.0,0,0,04:40,,https://zingmp3.vn/bai-hat/Co-Hoi-Cuoi-An-Vu/Z8U96AD8.html,,
tâm trí lang thang,Ánh Sáng AZA,11,1,SPOTIFY,11,2025-10-31,2025-11-11,40,51.09090909090909,SPOTIFY,549.0,49.90909090909091,7.0,7775190.0,161.0,1.0,0.0,0.0,0.0,0.0,0.0,0.0,0,0,,,,,
Anh Nhớ Ra,Vũ.,8,1,APPLE_MUSIC,8,2025-11-05,2025-11-12,22,28.875,APPLE_MUSIC,548.1499999999999,68.51874999999998,0.0,0.0,0.0,0.0,,,,0.0,0.0,0.0,0,0,,,,,
10 Ngàn Năm,PC,11,1,SPOTIFY,11,2025-10-31,2025-11-11,43,51.54545454545455,SPOTIFY,544.0,49.45454545454545,25.0,33022520.0,1246.0,1.0,0.0,0.0,0.0,0.0,0.0,0.0,0,0,,,,,
SỚM MUỘN THÌ,ANH TRAI SAY HI,7,4,"APPLE_MUSIC, NCT, SPOTIFY, ZINGMP3",3,2025-11-11,2025-11-13,2,16.714285714285715,NCT,541.0,77.28571428571429,15.0,77039.0,1.0,0.0,,,,85000.0,3000.0,8771.0,0,0,,,https://zingmp3.vn/bai-hat/SOM-MUON-THI-ANH-TRAI-SAY-HI-HUSTLANG-Robber-Nham-Phuong-Nam-Mason-Nguyen-Jaysonlei-Khoi-Vu-LAMOON/Z8A987I6.html,https://www.nhaccuatui.com/song/ZGqkPWpPCsBH,
Đừng Bất Công Với Em Mà,Inso,15,1,ZINGMP3,14,2025-10-31,2025-11-13,44,62.4,ZINGMP3,521.1,34.74,0.0,0.0,0.0,0.0,0.0,0.0,0.0,2400000.0,35000.0,0.0,0,0,04:06,,https://zingmp3.vn/bai-hat/Dung-Bat-Cong-Voi-Em-Ma-Inso-ViAM/Z87I90A0.html,,
Tràn Bộ Nhớ,Dương Domic,11,1,SPOTIFY,11,2025-10-31,2025-11-11,35,53.90909090909091,SPOTIFY,518.0,47.09090909090909,5.0,22992508.0,354.0,1.0,0.0,0.0,0.0,0.0,0.0,0.0,0,0,,,,,
LOSER,MIN,8,1,APPLE_MUSIC,8,2025-11-05,2025-11-12,16,32.875,APPLE_MUSIC,517.75,64.71875,0.0,0.0,0.0,0.0,,,,0.0,0.0,0.0,0,0,,,,,
Dù Cho Tận Thế,ERIK,9,1,NCT,8,2025-10-31,2025-11-13,31,33.333333333333336,NCT,517.65,57.516666666666666,0.0,0.0,0.0,0.0,0.0,0.0,0.0,0.0,0.0,243059.0,0,0,3:53,,,https://www.nhaccuatui.com/song/szDsaurUCtvX,
Vòng Xoay Của Ba Chúng Ta,Thành Đạt,7,1,ZINGMP3,7,2025-10-31,2025-11-06,15,19.0,ZINGMP3,516.6,73.8,0.0,0.0,0.0,0.0,0.0,0.0,0.0,243000.0,2000.0,0.0,0,0,05:39,,https://zingmp3.vn/bai-hat/Vong-Xoay-Cua-Ba-Chung-Ta-Thanh-Dat/Z89U7E6O.html,,
2AM,JustaTee,11,1,SPOTIFY,11,2025-10-31,2025-11-11,39,54.18181818181818,SPOTIFY,515.0,46.81818181818182,14.0,35656346.0,1278.0,1.0,0.0,0.0,0.0,0.0,0.0,0.0,0,0,,,,,
Bầu Trời Mới,Da LAB,11,1,SPOTIFY,11,2025-10-31,2025-11-11,39,55.27272727272727,SPOTIFY,503.0,45.72727272727273,6.0,28859421.0,405.0,1.0,0.0,0.0,0.0,0.0,0.0,0.0,0,0,,,,,
Anh Thua Người Ta Nhiều Lắm,NB3 Hoài Bảo,15,1,ZINGMP3,14,2025-10-31,2025-11-13,40,63.8,ZINGMP3,502.19999999999993,33.48,0.0,0.0,0.0,0.0,0.0,0.0,0.0,1700000.0,40000.0,0.0,0,0,05:02,,https://zingmp3.vn/bai-hat/Anh-Thua-Nguoi-Ta-Nhieu-Lam-NB3-Hoai-Bao-CT/Z88W9WWF.html,,
id 072019,W/N,11,1,SPOTIFY,11,2025-10-31,2025-11-11,39,55.72727272727273,SPOTIFY,498.0,45.27272727272727,3.0,45284631.0,834.0,9.0,0.0,0.0,0.0,0.0,0.0,0.0,0,0,,,,,
nhắn nhủ,Ronboogz,11,1,SPOTIFY,11,2025-10-31,2025-11-11,33,55.81818181818182,SPOTIFY,497.0,45.18181818181818,9.0,36902652.0,698.0,1.0,0.0,0.0,0.0,0.0,0.0,0.0,0,0,,,,,
Anh Đã Quen Với Cô Đơn,SOOBIN,12,2,"APPLE_MUSIC, SPOTIFY",8,2025-11-05,2025-11-12,43,57.833333333333336,APPLE_MUSIC,496.94999999999993,41.412499999999994,47.0,9003535.0,373.0,1.0,,,,0.0,0.0,0.0,0,0,,,,,
Không Yêu Em Thì Yêu Ai?,Vũ.,11,1,SPOTIFY,11,2025-10-31,2025-11-11,49,56.09090909090909,SPOTIFY,494.0,44.90909090909091,14.0,21813432.0,411.0,1.0,0.0,0.0,0.0,0.0,0.0,0.0,0,0,,,,,
Hoa,Chung Thanh Duy,15,1,ZINGMP3,14,2025-10-31,2025-11-13,57,64.46666666666667,ZINGMP3,493.2,32.88,0.0,0.0,0.0,0.0,0.0,0.0,0.0,3200000.0,46000.0,0.0,0,0,03:30,,https://zingmp3.vn/bai-hat/Hoa-Chung-Thanh-Duy/Z86AC6D8.html,,
ANH VUI,Phạm Kỳ,9,1,NCT,8,2025-10-31,2025-11-13,33,36.666666666666664,NCT,492.15,54.68333333333333,0.0,0.0,0.0,0.0,0.0,0.0,0.0,0.0,0.0,91704.0,0,0,3:17,,,https://www.nhaccuatui.com/song/bWu6k1VPJCO6,
Kẻ Say Tình,Quốc Thiên,15,1,ZINGMP3,14,2025-10-31,2025-11-13,55,64.66666666666667,ZINGMP3,490.49999999999994,32.699999999999996,0.0,0.0,0.0,0.0,0.0,0.0,0.0,2600000.0,23000.0,0.0,0,0,05:08,,https://zingmp3.vn/bai-hat/Ke-Say-Tinh-Quoc-Thien/Z87AA6ZA.html,,
đưa em về nhàa,GREY D,9,2,"APPLE_MUSIC, SPOTIFY",8,2025-11-05,2025-11-12,29,43.77777777777778,APPLE_MUSIC,489.35,54.37222222222223,3.0,36376703.0,928.0,1.0,,,,0.0,0.0,0.0,0,0,,,,,
Bạn Đời,Karik,16,2,"NCT, SPOTIFY",12,2025-10-31,2025-11-13,45,66.1875,NCT,485.75,30.359375,5.0,34320443.0,769.0,1.0,0.0,0.0,0.0,0.0,0.0,270392.0,0,0,,,,https://www.nhaccuatui.com/song/mX8e5tI588ih,
"(từng là) Boyfriend, Girlfriend",MIN,8,1,APPLE_MUSIC,8,2025-11-05,2025-11-12,22,37.625,APPLE_MUSIC,481.65,60.20625,0.0,0.0,0.0,0.0,,,,0.0,0.0,0.0,0,0,,,,,
Thấu Tình,Trung Hiếu,15,1,ZINGMP3,14,2025-10-31,2025-11-13,56,65.73333333333333,ZINGMP3,476.1,31.740000000000002,0.0,0.0,0.0,0.0,0.0,0.0,0.0,418000.0,12000.0,0.0,0,0,05:06,,https://zingmp3.vn/bai-hat/Thau-Tinh-Trung-Hieu/Z897F0UZ.html,,
TÂM SỰ VỚI ĐÊM MỘT MÌNH,Phùng Khánh Linh,8,1,APPLE_MUSIC,8,2025-11-05,2025-11-12,28,39.5,APPLE_MUSIC,467.4,58.425,0.0,0.0,0.0,0.0,,,,0.0,0.0,0.0,0,0,,,,,
Khóa Ly Biệt,The Masked Singer,9,1,NCT,8,2025-10-31,2025-11-13,39,40.44444444444444,NCT,463.25,51.47222222222222,0.0,0.0,0.0,0.0,0.0,0.0,0.0,0.0,0.0,346785.0,0,0,5:12,,,https://www.nhaccuatui.com/song/4TTDL1BIR4XN,
LINH CẢM,Phùng Khánh Linh,8,1,APPLE_MUSIC,8,2025-11-05,2025-11-12,20,40.5,APPLE_MUSIC,459.79999999999995,57.474999999999994,0.0,0.0,0.0,0.0,,,,0.0,0.0,0.0,0,0,,,,,
Kho Báu (with Rhymastic),(S)TRONG,6,1,ZINGMP3,6,2025-11-08,2025-11-13,12,16.333333333333332,ZINGMP3,457.2,76.2,0.0,0.0,0.0,0.0,0.0,0.0,0.0,5600000.0,69000.0,0.0,0,0,03:38,,https://zingmp3.vn/bai-hat/Kho-Bau-with-Rhymastic-S-TRONG-Rhymastic/Z87FI0E0.html,,
Thức Giấc,Da LAB,11,1,SPOTIFY,11,2025-10-31,2025-11-11,39,60.0,SPOTIFY,451.0,41.0,1.0,44240554.0,1582.0,16.0,0.0,0.0,0.0,0.0,0.0,0.0,0,0,,,,,
Còn Gì Đẹp Hơn - Mưa Đỏ Original Soundtrack,Nguyễn Hùng,11,1,SPOTIFY,11,2025-10-31,2025-11-11,42,60.09090909090909,SPOTIFY,450.0,40.90909090909091,1.0,7984208.0,106.0,1.0,0.0,0.0,0.0,0.0,0.0,0.0,0,0,,,,,
SAU CƠN SUY,RHYDER,13,2,"NCT, ZINGMP3",11,2025-10-31,2025-11-13,41,61.07692307692308,NCT,444.2,34.169230769230765,0.0,0.0,0.0,0.0,0.0,0.0,0.0,1100000.0,15000.0,25784.0,0,0,03:14,,https://zingmp3.vn/bai-hat/SAU-CON-SUY-RHYDER/Z88FB7E7.html,https://www.nhaccuatui.com/song/MtzJ5wODreXj,
Hãy Trao Cho Anh,Sơn Tùng M-TP,9,1,NCT,8,2025-10-31,2025-11-13,34,43.111111111111114,NCT,442.85,49.205555555555556,0.0,0.0,0.0,0.0,0.0,0.0,0.0,0.0,0.0,927390.0,0,0,4:05,,,https://www.nhaccuatui.com/song/vtEybe9NxLw7,
NOLOVENOLIFE,HIEUTHUHAI,8,1,APPLE_MUSIC,8,2025-11-05,2025-11-12,40,44.75,APPLE_MUSIC,427.5,53.4375,0.0,0.0,0.0,0.0,,,,0.0,0.0,0.0,0,0,,,,,
Thương,Bích Phương,13,1,ZINGMP3,12,2025-10-31,2025-11-13,48,64.53846153846153,ZINGMP3,426.6,32.815384615384616,0.0,0.0,0.0,0.0,0.0,0.0,0.0,358000.0,4000.0,0.0,0,0,03:10,,https://zingmp3.vn/bai-hat/Thuong-Bich-Phuong/Z89O6CZ7.html,,
Sau Ngần Ấy Năm,Hà Nhi,15,1,ZINGMP3,14,2025-10-31,2025-11-13,57,69.73333333333333,ZINGMP3,422.1,28.14,0.0,0.0,0.0,0.0,0.0,0.0,0.0,6800000.0,77000.0,0.0,0,0,04:40,,https://zingmp3.vn/bai-hat/Sau-Ngan-Ay-Nam-Ha-Nhi/Z8Z9UE6A.html,,
Chẳng Nợ Ai Ngoài Em,Lê Gia Bảo,15,1,ZINGMP3,14,2025-10-31,2025-11-13,60,69.93333333333334,ZINGMP3,419.3999999999999,27.959999999999994,0.0,0.0,0.0,0.0,0.0,0.0,0.0,859000.0,16000.0,0.0,0,0,04:56,,https://zingmp3.vn/bai-hat/Chang-No-Ai-Ngoai-Em-Le-Gia-Bao/Z89OZOZI.html,,
Ngày Này Năm Ấy,Viet Anh,8,1,APPLE_MUSIC,8,2025-11-05,2025-11-12,47,49.75,APPLE_MUSIC,389.5,48.6875,0.0,0.0,0.0,0.0,,,,0.0,0.0,0.0,0,0,,,,,
Thanh Xuân,Da LAB,8,1,APPLE_MUSIC,8,2025-11-05,2025-11-12,46,50.625,APPLE_MUSIC,382.84999999999997,47.856249999999996,0.0,0.0,0.0,0.0,,,,0.0,0.0,0.0,0,0,,,,,
dự báo thời tiết hôm nay mưa,GREY D,13,2,"APPLE_MUSIC, SPOTIFY",11,2025-11-01,2025-11-12,55,72.3076923076923,SPOTIFY,369.04999999999995,28.388461538461534,5.0,35672814.0,1085.0,1.0,,,,0.0,0.0,0.0,0,0,,,,,
Trạm Dừng Chân,Jack - J97,15,1,ZINGMP3,14,2025-10-31,2025-11-13,62,74.4,ZINGMP3,359.1,23.94,0.0,0.0,0.0,0.0,0.0,0.0,0.0,6900000.0,106000.0,0.0,0,0,03:38,,https://zingmp3.vn/bai-hat/Tram-Dung-Chan-Jack-J97/Z86ID08C.html,,
Cục Vàng Của Anh,Nana Liu,15,1,ZINGMP3,14,2025-10-31,2025-11-13,66,74.46666666666667,ZINGMP3,358.2,23.88,0.0,0.0,0.0,0.0,0.0,0.0,0.0,1300000.0,30000.0,0.0,0,0,03:12,,https://zingmp3.vn/bai-hat/Cuc-Vang-Cua-Anh-Nana-Liu/Z87EW8AZ.html,,
Điều Em Khó Nói,MIN,8,1,APPLE_MUSIC,8,2025-11-05,2025-11-12,33,54.0,APPLE_MUSIC,357.2,44.65,0.0,0.0,0.0,0.0,,,,0.0,0.0,0.0,0,0,,,,,
ÁM ẢNH VỀ ANH,Phùng Khánh Linh,8,1,APPLE_MUSIC,8,2025-11-05,2025-11-12,35,54.125,APPLE_MUSIC,356.25,44.53125,0.0,0.0,0.0,0.0,,,,0.0,0.0,0.0,0,0,,,,,
Kịch Bản,Táo,11,1,SPOTIFY,11,2025-10-31,2025-11-11,38,68.9090909090909,SPOTIFY,353.0,32.09090909090909,38.0,722223.0,17.0,1.0,0.0,0.0,0.0,0.0,0.0,0.0,0,0,,,,,
Anh Lại Say Rồi,Phan Duy Anh,15,1,ZINGMP3,14,2025-10-31,2025-11-13,67,75.13333333333334,ZINGMP3,349.20000000000005,23.280000000000005,0.0,0.0,0.0,0.0,0.0,0.0,0.0,825000.0,11000.0,0.0,0,0,05:37,,https://zingmp3.vn/bai-hat/Anh-Lai-Say-Roi-Phan-Duy-Anh-T-A-P-Entertainment-Producer-T-A/Z89I0CE7.html,,
POLITE,SonaOne,7,1,ZINGMP3,7,2025-10-31,2025-11-06,18,45.857142857142854,ZINGMP3,347.4,49.628571428571426,0.0,0.0,0.0,0.0,0.0,0.0,0.0,,,0.0,0,0,02:41,,https://zingmp3.vn/bai-hat/POLITE-SonaOne-tlinh/Z8AZ6W6Z.html,,
Chịu Cách Mình Nói Thua,RHYDER,11,1,SPOTIFY,11,2025-10-31,2025-11-11,55,69.63636363636364,SPOTIFY,345.0,31.363636363636363,4.0,51257115.0,721.0,1.0,0.0,0.0,0.0,0.0,0.0,0.0,0,0,,,,,
Vet Mua,Vũ Cát Tường,11,1,SPOTIFY,11,2025-10-31,2025-11-11,58,69.72727272727273,SPOTIFY,344.0,31.272727272727273,37.0,14086760.0,551.0,1.0,0.0,0.0,0.0,0.0,0.0,0.0,0,0,,,,,
KHÔNG ĐAU NỮA RỒI,52Hz,4,1,APPLE_MUSIC,4,2025-11-07,2025-11-11,10,10.5,APPLE_MUSIC,343.9,85.975,0.0,0.0,0.0,0.0,,,,0.0,0.0,0.0,0,0,,,,,
Yêu 5,Rhymastic,8,1,APPLE_MUSIC,8,2025-11-05,2025-11-12,55,56.375,APPLE_MUSIC,339.15,42.39375,0.0,0.0,0.0,0.0,,,,0.0,0.0,0.0,0,0,,,,,
Lo Người Ướt Áo,Nguyễn Thạc Bảo Ngọc,15,1,ZINGMP3,14,2025-10-31,2025-11-13,53,75.93333333333334,ZINGMP3,338.4000000000001,22.560000000000006,0.0,0.0,0.0,0.0,0.0,0.0,0.0,219000.0,4000.0,0.0,0,0,05:01,,https://zingmp3.vn/bai-hat/Lo-Nguoi-Uot-Ao-Nguyen-Thac-Bao-Ngoc/Z89DD0DE.html,,
ĐIỀU EM KHÔNG MUỐN,Phùng Khánh Linh,8,1,APPLE_MUSIC,8,2025-11-05,2025-11-12,38,56.625,APPLE_MUSIC,337.25,42.15625,0.0,0.0,0.0,0.0,,,,0.0,0.0,0.0,0,0,,,,,
Chuyện Đôi Ta,Emcee L,4,1,SPOTIFY,4,2025-11-08,2025-11-11,17,18.75,SPOTIFY,329.0,82.25,2.0,68800393.0,1441.0,7.0,0.0,0.0,0.0,0.0,0.0,0.0,0,0,,,,,
Đường Tôi Chở Em Về,buitruonglinh,10,1,SPOTIFY,10,2025-10-31,2025-11-11,52,68.3,SPOTIFY,327.0,32.7,13.0,18970969.0,1098.0,1.0,0.0,0.0,0.0,0.0,0.0,0.0,0,0,,,,,
Quyền Yếu Đuối (Piano Version),MiiNa,8,2,"NCT, ZINGMP3",7,2025-10-31,2025-11-13,38,54.5,NCT,316.45,39.55625,0.0,0.0,0.0,0.0,0.0,0.0,0.0,235000.0,7000.0,11228.0,0,0,02:55,,https://zingmp3.vn/bai-hat/Quyen-Yeu-Duoi-Piano-Version-MiiNa-RIN9-DREAMeR/Z89DA8EW.html,https://www.nhaccuatui.com/song/avVHFbSNKpGb,
3 Bích,Pháp Kiều,6,1,NCT,5,2025-10-31,2025-11-07,35,40.166666666666664,NCT,310.25,51.708333333333336,0.0,0.0,0.0,0.0,0.0,0.0,0.0,0.0,0.0,9694.0,0,0,3:48,,,https://www.nhaccuatui.com/song/d7TgzvVPug3u,
Đánh Đổi,Obito,11,2,"APPLE_MUSIC, SPOTIFY",8,2025-11-05,2025-11-12,64,73.54545454545455,APPLE_MUSIC,290.59999999999997,26.418181818181814,46.0,17580986.0,489.0,0.0,,,,0.0,0.0,0.0,0,0,,,,,
Hẹn Gặp Em Dưới Ánh Trăng,MANBO,11,1,SPOTIFY,11,2025-10-31,2025-11-11,59,74.81818181818181,SPOTIFY,288.0,26.181818181818183,15.0,29527248.0,628.0,1.0,0.0,0.0,0.0,0.0,0.0,0.0,0,0,,,,,
RƠI TỰ DO,EM XINH SAY HI,15,1,ZINGMP3,14,2025-10-31,2025-11-13,62,79.73333333333333,ZINGMP3,287.1,19.14,0.0,0.0,0.0,0.0,0.0,0.0,0.0,2200000.0,30000.0,0.0,0,0,03:21,,https://zingmp3.vn/bai-hat/ROI-TU-DO-EM-XINH-SAY-HI-LyHan/Z88W9I9A.html,,
Kho Báu,(S)TRONG,6,1,ZINGMP3,6,2025-11-08,2025-11-13,37,48.333333333333336,ZINGMP3,284.40000000000003,47.400000000000006,0.0,0.0,0.0,0.0,0.0,0.0,0.0,6400000.0,63000.0,0.0,0,0,03:17,,https://zingmp3.vn/bai-hat/Kho-Bau-S-TRONG/Z87IZ08U.html,,
Nàng Thơ,Hoàng Dũng,8,1,APPLE_MUSIC,8,2025-11-05,2025-11-12,61,64.25,APPLE_MUSIC,279.29999999999995,34.912499999999994,0.0,0.0,0.0,0.0,,,,0.0,0.0,0.0,0,0,,,,,
Mục Hạ Vô Nhân,SOOBIN,4,3,"APPLE_MUSIC, NCT, SPOTIFY",3,2025-11-11,2025-11-13,10,26.75,APPLE_MUSIC,275.6,68.9,58.0,45657.0,1.0,0.0,,,,0.0,0.0,1997.0,0,0,,,,https://www.nhaccuatui.com/song/8L4wbxWo9ag1,
Sau Cơn Mưa,CoolKid,10,1,SPOTIFY,10,2025-10-31,2025-11-10,46,74.2,SPOTIFY,268.0,26.8,7.0,51114173.0,800.0,1.0,0.0,0.0,0.0,0.0,0.0,0.0,0,0,,,,,
Hoa Đỗ Quyên,Khả Hiệp,6,1,ZINGMP3,6,2025-11-01,2025-11-06,38,52.5,ZINGMP3,261.9,43.65,0.0,0.0,0.0,0.0,0.0,0.0,0.0,106000.0,2000.0,0.0,0,0,05:47,,https://zingmp3.vn/bai-hat/Hoa-Do-Quyen-Kha-Hiep/Z89UUACI.html,,
Từng Quen,Wren Evans,8,1,APPLE_MUSIC,8,2025-11-05,2025-11-12,55,66.625,APPLE_MUSIC,261.25,32.65625,0.0,0.0,0.0,0.0,,,,0.0,0.0,0.0,0,0,,,,,
Ghé Qua,PC,9,1,SPOTIFY,9,2025-10-31,2025-11-11,54,73.11111111111111,SPOTIFY,251.0,27.88888888888889,44.0,13780208.0,456.0,1.0,0.0,0.0,0.0,0.0,0.0,0.0,0,0,,,,,
Chăm Hoa,MONO,8,1,APPLE_MUSIC,8,2025-11-05,2025-11-12,58,68.125,APPLE_MUSIC,249.85000000000002,31.231250000000003,0.0,0.0,0.0,0.0,,,,0.0,0.0,0.0,0,0,,,,,
Xin Đừng Lặng Im,SOOBIN,11,1,SPOTIFY,11,2025-10-31,2025-11-11,64,78.36363636363636,SPOTIFY,249.0,22.636363636363637,33.0,6059142.0,169.0,1.0,0.0,0.0,0.0,0.0,0.0,0.0,0,0,,,,,
Đoạn Kết Mới,Hoàng Dũng,8,1,APPLE_MUSIC,8,2025-11-05,2025-11-12,63,69.625,APPLE_MUSIC,238.45,29.80625,0.0,0.0,0.0,0.0,,,,0.0,0.0,0.0,0,0,,,,,
Nhiều Hơn,Low G,12,2,"APPLE_MUSIC, SPOTIFY",8,2025-10-31,2025-11-10,59,80.91666666666667,APPLE_MUSIC,233.5,19.458333333333332,53.0,655055.0,18.0,1.0,,,,0.0,0.0,0.0,0,0,,,,,
Chúng Ta Của Hiện Tại,Sơn Tùng M-TP,15,2,"APPLE_MUSIC, SPOTIFY",10,2025-10-31,2025-11-11,52,85.4,SPOTIFY,233.05,15.536666666666667,1.0,58404206.0,1788.0,81.0,,,,0.0,0.0,0.0,0,0,,,,,
KHÓC BLÓCK,Phùng Khánh Linh,8,1,APPLE_MUSIC,8,2025-11-05,2025-11-12,65,71.625,APPLE_MUSIC,223.25,27.90625,0.0,0.0,0.0,0.0,,,,0.0,0.0,0.0,0,0,,,,,
Ngày Bình Thường Quên Người Mình Thương,Phát Huy T4,15,1,ZINGMP3,14,2025-10-31,2025-11-13,79,84.8,ZINGMP3,218.70000000000002,14.580000000000002,0.0,0.0,0.0,0.0,0.0,0.0,0.0,779000.0,10000.0,0.0,0,0,04:02,,https://zingmp3.vn/bai-hat/Ngay-Binh-Thuong-Quen-Nguoi-Minh-Thuong-Phat-Huy-T4/Z88C6FID.html,,
Đớn Đau Vô Cùng,DatKaa,4,1,ZINGMP3,4,2025-11-10,2025-11-13,4,40.75,ZINGMP3,216.89999999999998,54.224999999999994,0.0,0.0,0.0,0.0,0.0,0.0,0.0,121000.0,18000.0,0.0,0,0,03:25,,https://zingmp3.vn/bai-hat/Don-Dau-Vo-Cung-DatKaa/Z8A7097U.html,,
Anh Thua Anh Ta,Gia Huy Singer,5,1,ZINGMP3,5,2025-11-09,2025-11-13,48,54.2,ZINGMP3,210.60000000000002,42.120000000000005,0.0,0.0,0.0,0.0,0.0,0.0,0.0,102000.0,5000.0,0.0,0,0,04:04,,https://zingmp3.vn/bai-hat/Anh-Thua-Anh-Ta-Gia-Huy-Singer/Z8A6OACB.html,,
Đã Lỡ Yêu Em Nhiều,JustaTee,9,1,SPOTIFY,9,2025-11-01,2025-11-11,59,77.77777777777777,SPOTIFY,209.0,23.22222222222222,59.0,15922127.0,955.0,1.0,0.0,0.0,0.0,0.0,0.0,0.0,0,0,,,,,
HÃY NÓI ANH SAI RỒI,Phùng Khánh Linh,8,1,APPLE_MUSIC,8,2025-11-05,2025-11-12,50,73.625,APPLE_MUSIC,208.04999999999998,26.006249999999998,0.0,0.0,0.0,0.0,,,,0.0,0.0,0.0,0,0,,,,,
THIÊU THÂN,ANH TRAI SAY HI,14,1,ZINGMP3,13,2025-10-31,2025-11-13,76,85.0,ZINGMP3,201.6,14.4,0.0,0.0,0.0,0.0,0.0,0.0,0.0,756000.0,12000.0,0.0,0,0,03:23,,https://zingmp3.vn/bai-hat/THIEU-THAN-ANH-TRAI-SAY-HI-Khoi-Vu-B-Ray-Ryn-Lee-Pham-Dinh-Thai-Ngan-Bui-Duy-Ngoc/Z89ZDF6A.html,,
Nếu Biết Đó Là Lần Cuối,Đức Trường,10,1,SPOTIFY,10,2025-10-31,2025-11-11,67,80.9,SPOTIFY,201.0,20.1,67.0,2334057.0,83.0,1.0,0.0,0.0,0.0,0.0,0.0,0.0,0,0,,,,,
Ngã Về Không,Đặng Thiên Chí,13,1,ZINGMP3,12,2025-10-31,2025-11-13,77,84.23076923076923,ZINGMP3,196.2,15.092307692307692,0.0,0.0,0.0,0.0,0.0,0.0,0.0,5600000.0,90000.0,0.0,0,0,04:27,,https://zingmp3.vn/bai-hat/Nga-Ve-Khong-Dang-Thien-Chi/Z8ZIZB80.html,,
tình yêu chậm trễ,MONSTAR,9,1,SPOTIFY,9,2025-11-01,2025-11-11,67,80.11111111111111,SPOTIFY,188.0,20.88888888888889,39.0,29263147.0,1049.0,1.0,0.0,0.0,0.0,0.0,0.0,0.0,0,0,,,,,
Em Nhắc Anh,Nana Liu,15,1,ZINGMP3,14,2025-10-31,2025-11-13,78,87.13333333333334,ZINGMP3,187.20000000000002,12.48,0.0,0.0,0.0,0.0,0.0,0.0,0.0,653000.0,17000.0,0.0,0,0,02:40,,https://zingmp3.vn/bai-hat/Em-Nhac-Anh-Nana-Liu-HTM/Z88FO96F.html,,
Kệ Nhắm Mắt Yêu Luôn,Hana Cẩm Tiên,14,1,ZINGMP3,13,2025-10-31,2025-11-13,82,87.64285714285714,ZINGMP3,168.30000000000004,12.021428571428574,0.0,0.0,0.0,0.0,0.0,0.0,0.0,1300000.0,35000.0,0.0,0,0,03:20,,https://zingmp3.vn/bai-hat/Ke-Nham-Mat-Yeu-Luon-Hana-Cam-Tien-Tue-Ny/Z87DAEU6.html,,
Hơn Bất Cứ Ai (AI Version),Châu Dương,7,1,ZINGMP3,6,2025-11-02,2025-11-07,12,74.85714285714286,ZINGMP3,164.70000000000002,23.528571428571432,0.0,0.0,0.0,0.0,0.0,0.0,0.0,32000.0,2000.0,0.0,0,0,03:39,,https://zingmp3.vn/bai-hat/Hon-Bat-Cu-Ai-AI-Version-Chau-Duong/Z8A68F76.html,,
Giữ Anh Cho Ngày Hôm Qua,Hoàng Dũng,8,1,APPLE_MUSIC,8,2025-11-05,2025-11-12,77,80.625,APPLE_MUSIC,154.84999999999997,19.356249999999996,0.0,0.0,0.0,0.0,,,,0.0,0.0,0.0,0,0,,,,,
Ướt Lòng,Văn Mai Hương,15,1,ZINGMP3,14,2025-10-31,2025-11-13,83,89.66666666666667,ZINGMP3,152.99999999999997,10.199999999999998,0.0,0.0,0.0,0.0,0.0,0.0,0.0,2300000.0,23000.0,0.0,0,0,04:39,,https://zingmp3.vn/bai-hat/Uot-Long-Van-Mai-Huong/Z87UBE9U.html,,
Nụ Hôn Đầu,Đậu Tất Đạt,3,1,ZINGMP3,2,2025-11-07,2025-11-08,31,45.333333333333336,ZINGMP3,150.3,50.1,0.0,0.0,0.0,0.0,0.0,0.0,0.0,,5000.0,0.0,0,0,02:52,,https://zingmp3.vn/bai-hat/Nu-Hon-Dau-Dau-Tat-Dat/Z8AOF060.html,,
Tưởng Rằng Sau Cơn Mưa,Lê Gia Bảo,13,1,ZINGMP3,12,2025-10-31,2025-11-13,75,88.3076923076923,ZINGMP3,148.50000000000003,11.423076923076925,0.0,0.0,0.0,0.0,0.0,0.0,0.0,1900000.0,18000.0,0.0,0,0,05:50,,https://zingmp3.vn/bai-hat/Tuong-Rang-Sau-Con-Mua-Le-Gia-Bao-BMZ/Z86AUFFO.html,,
Feel At Home,B Ray,8,1,APPLE_MUSIC,8,2025-11-05,2025-11-12,76,82.25,APPLE_MUSIC,142.5,17.8125,0.0,0.0,0.0,0.0,,,,0.0,0.0,0.0,0,0,,,,,
Hư không,Kha,8,1,SPOTIFY,8,2025-10-31,2025-11-11,67,83.375,SPOTIFY,141.0,17.625,18.0,26205233.0,670.0,1.0,0.0,0.0,0.0,0.0,0.0,0.0,0,0,,,,,
Lễ Đường,Kai Đinh,13,2,"SPOTIFY, ZINGMP3",11,2025-10-31,2025-11-11,79,90.15384615384616,SPOTIFY,140.2,10.784615384615384,3.0,15103951.0,245.0,12.0,0.0,0.0,0.0,10200000.0,148000.0,0.0,0,0,,,https://zingmp3.vn/bai-hat/Le-Duong-Kai-Dinh/Z8WC999U.html,,
Đừng yêu một người như,Du Uyên,3,1,ZINGMP3,3,2025-11-09,2025-11-12,31,49.666666666666664,ZINGMP3,138.6,46.199999999999996,0.0,0.0,0.0,0.0,0.0,0.0,0.0,190000.0,3000.0,0.0,0,0,05:28,,https://zingmp3.vn/bai-hat/Dung-yeu-mot-nguoi-nhu-Du-Uyen/Z8AIIICB.html,,
GRIEF IS THE PRICE YOU PAY FOR LOVE,Phùng Khánh Linh,5,1,APPLE_MUSIC,5,2025-11-05,2025-11-09,58,72.6,APPLE_MUSIC,134.89999999999998,26.979999999999997,0.0,0.0,0.0,0.0,,,,0.0,0.0,0.0,0,0,,,,,
Một Mình Chẳng Sao,Ngân Ngân,7,1,ZINGMP3,7,2025-10-31,2025-11-06,77,79.71428571428571,ZINGMP3,134.1,19.157142857142855,0.0,0.0,0.0,0.0,0.0,0.0,0.0,193000.0,3000.0,0.0,0,0,04:58,,https://zingmp3.vn/bai-hat/Mot-Minh-Chang-Sao-Ngan-Ngan/Z898EAED.html,,
Sài Gòn Hôm Nay Mưa,JSOL,10,1,SPOTIFY,10,2025-10-31,2025-11-11,77,87.8,SPOTIFY,132.0,13.2,2.0,46973111.0,1627.0,7.0,0.0,0.0,0.0,0.0,0.0,0.0,0,0,,,,,
Hải Trình Tan Vỡ,Trungg I.U,13,1,ZINGMP3,12,2025-10-31,2025-11-12,81,89.76923076923077,ZINGMP3,131.4,10.107692307692307,0.0,0.0,0.0,0.0,0.0,0.0,0.0,756000.0,8000.0,0.0,0,0,04:18,,https://zingmp3.vn/bai-hat/Hai-Trinh-Tan-Vo-Trungg-I-U-Pham-Anh-Duy/Z88D8WAO.html,,
ĐỢI,52Hz,6,1,SPOTIFY,6,2025-11-01,2025-11-10,70,79.83333333333333,SPOTIFY,127.0,21.166666666666668,40.0,15456357.0,477.0,1.0,0.0,0.0,0.0,0.0,0.0,0.0,0,0,,,,,
Anh Muốn Nhìn Thấy Em,The Wind,5,1,SPOTIFY,5,2025-11-01,2025-11-09,51,78.0,SPOTIFY,115.0,23.0,51.0,10475497.0,330.0,1.0,0.0,0.0,0.0,0.0,0.0,0.0,0,0,,,,,
Nước Mắt Cá Sấu,HIEUTHUHAI,8,1,APPLE_MUSIC,8,2025-11-05,2025-11-12,82,86.625,APPLE_MUSIC,109.25,13.65625,0.0,0.0,0.0,0.0,,,,0.0,0.0,0.0,0,0,,,,,
ĐỘC NHẤT VÔ NHỊ,ANH TRAI SAY HI,8,2,"NCT, ZINGMP3",8,2025-10-31,2025-11-10,49,85.5,NCT,109.0,13.625,0.0,0.0,0.0,0.0,0.0,0.0,0.0,856000.0,15000.0,25775.0,0,0,04:20,,https://zingmp3.vn/bai-hat/DOC-NHAT-VO-NHI-ANH-TRAI-SAY-HI-Karik-Vu-Cat-Tuong-Gill-Tez/Z89WA670.html,https://www.nhaccuatui.com/song/kk5K7brQLHqd,
The Playah (Special Performance),SOOBIN,8,1,APPLE_MUSIC,8,2025-11-05,2025-11-12,77,86.75,APPLE_MUSIC,108.3,13.5375,0.0,0.0,0.0,0.0,,,,0.0,0.0,0.0,0,0,,,,,
Cho Mình Em,Binz,7,1,SPOTIFY,7,2025-11-03,2025-11-11,76,85.71428571428571,SPOTIFY,107.0,15.285714285714286,27.0,9362515.0,713.0,1.0,0.0,0.0,0.0,0.0,0.0,0.0,0,0,,,,,
Hai thế giới,Hoàng Thống,3,1,ZINGMP3,2,2025-11-07,2025-11-08,58,64.66666666666667,ZINGMP3,98.10000000000001,32.7,0.0,0.0,0.0,0.0,0.0,0.0,0.0,,5000.0,0.0,0,0,03:16,,https://zingmp3.vn/bai-hat/Hai-the-gioi-Hoang-Thong-Trang-Han/Z89CDA8D.html,,
MOIEM,Dangrangto,7,1,SPOTIFY,7,2025-11-05,2025-11-11,72,87.0,SPOTIFY,98.0,14.0,22.0,15143317.0,369.0,1.0,0.0,0.0,0.0,0.0,0.0,0.0,0,0,,,,,
Duyên Nợ Còn Đâu,Phạm Vũ Luân,3,1,ZINGMP3,3,2025-11-10,2025-11-13,63,67.33333333333333,ZINGMP3,90.9,30.3,0.0,0.0,0.0,0.0,0.0,0.0,0.0,65000.0,3000.0,0.0,0,0,05:04,,https://zingmp3.vn/bai-hat/Duyen-No-Con-Dau-Pham-Vu-Luan/Z8A70980.html,,
Mê Cung 79 (Metal Rock),Phương Thanh,2,1,ZINGMP3,1,2025-11-07,2025-11-07,35,51.5,ZINGMP3,89.1,44.55,0.0,0.0,0.0,0.0,0.0,0.0,0.0,,1000.0,0.0,0,0,04:45,,https://zingmp3.vn/bai-hat/Me-Cung-79-Metal-Rock-Phuong-Thanh/Z89F9EU9.html,,
Người Bình Thường,Vũ Cát Tường,9,1,SPOTIFY,9,2025-11-01,2025-11-11,80,91.22222222222223,SPOTIFY,88.0,9.777777777777779,43.0,7417916.0,247.0,1.0,0.0,0.0,0.0,0.0,0.0,0.0,0,0,,,,,
Kho Báu (ROCK ver.),(S)TRONG,1,1,ZINGMP3,1,2025-11-08,2025-11-08,6,6.0,ZINGMP3,85.5,85.5,0.0,0.0,0.0,0.0,0.0,0.0,0.0,,24000.0,0.0,0,0,04:12,,https://zingmp3.vn/bai-hat/Kho-Bau-ROCK-ver-S-TRONG/Z8AZU6UW.html,,
Chằn Tinh,LyHan,1,1,ZINGMP3,1,2025-11-13,2025-11-13,7,7.0,ZINGMP3,84.60000000000001,84.60000000000001,0.0,0.0,0.0,0.0,0.0,0.0,0.0,24000.0,1000.0,0.0,0,0,04:45,,https://zingmp3.vn/bai-hat/Chan-Tinh-LyHan/Z8A98600.html,,
Ánh Trăng Giả Dối,Quốc Thiên,1,1,ZINGMP3,1,2025-11-12,2025-11-12,7,7.0,ZINGMP3,84.60000000000001,84.60000000000001,0.0,0.0,0.0,0.0,0.0,0.0,0.0,,30000.0,0.0,0,0,04:19,,https://zingmp3.vn/bai-hat/Anh-Trang-Gia-Doi-Quoc-Thien/Z8A7DADD.html,,
BẮC THANG LÊN HỎI ÔNG TRỜI,EM XINH SAY HI,11,1,ZINGMP3,11,2025-10-31,2025-11-10,85,92.54545454545455,ZINGMP3,83.7,7.609090909090909,0.0,0.0,0.0,0.0,0.0,0.0,0.0,2600000.0,34000.0,0.0,0,0,03:45,,https://zingmp3.vn/bai-hat/BAC-THANG-LEN-HOI-ONG-TROI-EM-XINH-SAY-HI-Bich-Phuong-Juky-San-LAMOON-My-My-Quynh-Anh-Shyn/Z87C0DFO.html,,
fragile (intro),MIN,3,1,APPLE_MUSIC,3,2025-11-05,2025-11-07,57,72.0,APPLE_MUSIC,82.64999999999999,27.549999999999997,0.0,0.0,0.0,0.0,,,,0.0,0.0,0.0,0,0,,,,,
Yêu Thật Lòng Đâu Dễ Quên,The Men,14,1,ZINGMP3,13,2025-10-31,2025-11-13,84,94.5,ZINGMP3,81.9,5.8500000000000005,0.0,0.0,0.0,0.0,0.0,0.0,0.0,1300000.0,10000.0,0.0,0,0,04:49,,https://zingmp3.vn/bai-hat/Yeu-That-Long-Dau-De-Quen-The-Men/Z88OBWFO.html,,
Quên Rồi Khổ Đau Năm Ấy,Vicky Nhung,6,1,ZINGMP3,6,2025-10-31,2025-11-05,81,86.33333333333333,ZINGMP3,79.2,13.200000000000001,0.0,0.0,0.0,0.0,0.0,0.0,0.0,1700000.0,11000.0,0.0,0,0,04:58,,https://zingmp3.vn/bai-hat/Quen-Roi-Kho-Dau-Nam-Ay-Vicky-Nhung-Dong-Thien-Duc/Z8UW8ZZA.html,,
NGƯỜI NHƯ ANH XỨNG ĐÁNG CÔ ĐƠN,"ANH TRAI ""SAY HI""",1,1,NCT,1,2025-10-31,2025-10-31,8,8.0,NCT,79.05,79.05,0.0,0.0,0.0,0.0,0.0,0.0,0.0,0.0,0.0,66110.0,0,0,5:16,,,https://www.nhaccuatui.com/song/ohdUc5kDIMnJ,
Chìm Sâu,RPT MCK,8,1,APPLE_MUSIC,8,2025-11-05,2025-11-12,87,90.875,APPLE_MUSIC,76.94999999999999,9.618749999999999,0.0,0.0,0.0,0.0,,,,0.0,0.0,0.0,0,0,,,,,
Đại Dương,Pháp Kiều,1,1,ZINGMP3,1,2025-11-13,2025-11-13,17,17.0,ZINGMP3,75.60000000000001,75.60000000000001,0.0,0.0,0.0,0.0,0.0,0.0,0.0,,35000.0,0.0,0,0,03:39,,https://zingmp3.vn/bai-hat/Dai-Duong-Phap-Kieu/Z8A6WD9Z.html,,
Vài Lần Đón Đưa,SOOBIN,8,1,APPLE_MUSIC,8,2025-11-05,2025-11-12,86,91.125,APPLE_MUSIC,75.05,9.38125,0.0,0.0,0.0,0.0,,,,0.0,0.0,0.0,0,0,,,,,
GÃ SĂN CÁ,Lâm Bảo Ngọc,4,1,APPLE_MUSIC,4,2025-11-07,2025-11-11,80,81.25,APPLE_MUSIC,75.05,18.7625,0.0,0.0,0.0,0.0,,,,0.0,0.0,0.0,0,0,,,,,
Cứ Khóc Hết Đi Em,Cao Thái Sơn,5,1,ZINGMP3,5,2025-11-03,2025-11-09,78,85.4,ZINGMP3,70.2,14.040000000000001,0.0,0.0,0.0,0.0,0.0,0.0,0.0,821000.0,7000.0,0.0,0,0,04:48,,https://zingmp3.vn/bai-hat/Cu-Khoc-Het-Di-Em-Cao-Thai-Son/Z86CBFZU.html,,
ILYSMBIHTLYG (interlude),MIN,3,1,APPLE_MUSIC,3,2025-11-05,2025-11-07,64,77.33333333333333,APPLE_MUSIC,67.45,22.483333333333334,0.0,0.0,0.0,0.0,,,,0.0,0.0,0.0,0,0,,,,,
CỨ ĐỔ TẠI CƠN MƯA (Solo & Piano),EM XINH SAY HI,7,1,ZINGMP3,7,2025-10-31,2025-11-13,84,90.71428571428571,ZINGMP3,64.8,9.257142857142856,0.0,0.0,0.0,0.0,0.0,0.0,0.0,262000.0,1000.0,0.0,0,0,03:05,,https://zingmp3.vn/bai-hat/CU-DO-TAI-CON-MUA-Solo-Piano-EM-XINH-SAY-HI-Orange/Z89IIBCZ.html,,
Chim Hót Bên Trong Lâu Đài,LyHan,1,1,ZINGMP3,1,2025-11-13,2025-11-13,32,32.0,ZINGMP3,62.1,62.1,0.0,0.0,0.0,0.0,0.0,0.0,0.0,,4000.0,0.0,0,0,03:27,,https://zingmp3.vn/bai-hat/Chim-Hot-Ben-Trong-Lau-Dai-LyHan/Z8A98ZFE.html,,
Bóng Tối Yêu Đời,LyHan,1,1,ZINGMP3,1,2025-11-13,2025-11-13,35,35.0,ZINGMP3,59.4,59.4,0.0,0.0,0.0,0.0,0.0,0.0,0.0,,10000.0,0.0,0,0,03:31,,https://zingmp3.vn/bai-hat/Bong-Toi-Yeu-Doi-LyHan/Z8A98ZFF.html,,
Một Mình Ở Đây,Bùi Lan Hương,5,1,ZINGMP3,5,2025-11-02,2025-11-06,84,88.0,ZINGMP3,58.5,11.7,0.0,0.0,0.0,0.0,0.0,0.0,0.0,164000.0,2000.0,0.0,0,0,04:00,,https://zingmp3.vn/bai-hat/Mot-Minh-O-Day-Bui-Lan-Huong/Z869ODZD.html,,
Đừng yêu một người như (Rock Version),Du Uyên,2,1,ZINGMP3,1,2025-11-07,2025-11-07,56,68.5,ZINGMP3,58.5,29.25,0.0,0.0,0.0,0.0,0.0,0.0,0.0,,4000.0,0.0,0,0,02:17,,https://zingmp3.vn/bai-hat/Dung-yeu-mot-nguoi-nhu-Rock-Version-Du-Uyen/Z8AZFDUO.html,,
Đại Khải Hoàn,The Flob,1,1,ZINGMP3,1,2025-11-08,2025-11-08,36,36.0,ZINGMP3,58.5,58.5,0.0,0.0,0.0,0.0,0.0,0.0,0.0,,8000.0,0.0,0,0,04:19,,https://zingmp3.vn/bai-hat/Dai-Khai-Hoan-The-Flob-CHIN/Z8AU90IF.html,,
Có Còn Yêu Em,Nguyễn Kiều Oanh,12,1,ZINGMP3,11,2025-10-31,2025-11-11,89,95.66666666666667,ZINGMP3,57.599999999999994,4.8,0.0,0.0,0.0,0.0,0.0,0.0,0.0,963000.0,12000.0,0.0,0,0,05:47,,https://zingmp3.vn/bai-hat/Co-Con-Yeu-Em-Nguyen-Kieu-Oanh/Z88OUE8D.html,,
Vật Đổi Sao Dời,LyHan,1,1,ZINGMP3,1,2025-11-13,2025-11-13,38,38.0,ZINGMP3,56.7,56.7,0.0,0.0,0.0,0.0,0.0,0.0,0.0,,3000.0,0.0,0,0,03:49,,https://zingmp3.vn/bai-hat/Vat-Doi-Sao-Doi-LyHan/Z8A9860W.html,,
Thích Quá Rùi Nà,tlinh,4,1,SPOTIFY,4,2025-11-05,2025-11-10,71,87.0,SPOTIFY,56.0,14.0,30.0,40004963.0,1879.0,1.0,0.0,0.0,0.0,0.0,0.0,0.0,0,0,,,,,
Nghe Như Tình Yêu,HIEUTHUHAI,3,1,SPOTIFY,3,2025-11-05,2025-11-08,75,82.33333333333333,SPOTIFY,56.0,18.666666666666668,30.0,39104108.0,1511.0,1.0,0.0,0.0,0.0,0.0,0.0,0.0,0,0,,,,,
Rơi Tự Do,LyHan,1,1,ZINGMP3,1,2025-11-13,2025-11-13,39,39.0,ZINGMP3,55.800000000000004,55.800000000000004,0.0,0.0,0.0,0.0,0.0,0.0,0.0,,5000.0,0.0,0,0,03:22,,https://zingmp3.vn/bai-hat/Roi-Tu-Do-LyHan/Z8A9860I.html,,
Mùa Mưa Ấy,Vũ.,6,1,APPLE_MUSIC,6,2025-11-07,2025-11-12,87,91.33333333333333,APPLE_MUSIC,55.099999999999994,9.183333333333332,0.0,0.0,0.0,0.0,,,,0.0,0.0,0.0,0,0,,,,,
Mộng Tình Si,Đan Trường,1,1,ZINGMP3,1,2025-11-10,2025-11-10,43,43.0,ZINGMP3,52.2,52.2,0.0,0.0,0.0,0.0,0.0,0.0,0.0,29000.0,1000.0,0.0,0,0,06:25,,https://zingmp3.vn/bai-hat/Mong-Tinh-Si-Dan-Truong-Hoa-Minzy-Le-Thanh-Trung/Z8A8AWID.html,,
E Là Không Thể,Anh Quân Idol,3,1,SPOTIFY,3,2025-11-01,2025-11-04,70,84.33333333333333,SPOTIFY,50.0,16.666666666666668,51.0,4167913.0,137.0,1.0,0.0,0.0,0.0,0.0,0.0,0.0,0,0,,,,,
Anh Đã Ổn Hơn,RPT MCK,7,1,APPLE_MUSIC,7,2025-11-05,2025-11-12,84,93.57142857142857,APPLE_MUSIC,49.400000000000006,7.057142857142858,0.0,0.0,0.0,0.0,,,,0.0,0.0,0.0,0,0,,,,,
Simp Gái 808,Low G,2,1,SPOTIFY,2,2025-11-05,2025-11-11,69,76.5,SPOTIFY,49.0,24.5,7.0,35207783.0,751.0,1.0,0.0,0.0,0.0,0.0,0.0,0.0,0,0,,,,,
Vũ Trụ Song Song,LyHan,1,1,ZINGMP3,1,2025-11-13,2025-11-13,47,47.0,ZINGMP3,48.6,48.6,0.0,0.0,0.0,0.0,0.0,0.0,0.0,,3000.0,0.0,0,0,03:17,,https://zingmp3.vn/bai-hat/Vu-Tru-Song-Song-LyHan/Z8A9860O.html,,
"Thật Không Giống Ai (From EP ""Thà Cô Đơn"")",Vicky Nhung,1,1,ZINGMP3,1,2025-11-13,2025-11-13,50,50.0,ZINGMP3,45.9,45.9,0.0,0.0,0.0,0.0,0.0,0.0,0.0,68000.0,1000.0,0.0,0,0,04:07,,https://zingmp3.vn/bai-hat/That-Khong-Giong-Ai-From-EP-Tha-Co-Don-Vicky-Nhung/Z8A6IOWO.html,,
Pin Dự Phòng,Dương Domic,2,1,APPLE_MUSIC,2,2025-11-11,2025-11-12,62,77.0,APPLE_MUSIC,45.599999999999994,22.799999999999997,0.0,0.0,0.0,0.0,,,,0.0,0.0,0.0,0,0,,,,,
Giá Mà Anh,CAPTAIN BOY,3,1,SPOTIFY,3,2025-10-31,2025-11-04,75,86.33333333333333,SPOTIFY,44.0,14.666666666666666,69.0,416932.0,12.0,1.0,0.0,0.0,0.0,0.0,0.0,0.0,0,0,,,,,
Kho Báu,TRONG,5,1,SPOTIFY,5,2025-11-04,2025-11-10,82,92.8,SPOTIFY,41.0,8.2,3.0,5768125.0,88.0,9.0,0.0,0.0,0.0,0.0,0.0,0.0,0,0,,,,,
Vai Lan Don Dua,SOOBIN,2,1,SPOTIFY,2,2025-10-31,2025-11-01,77,80.5,SPOTIFY,41.0,20.5,26.0,14541672.0,1485.0,1.0,0.0,0.0,0.0,0.0,0.0,0.0,0,0,,,,,
Tình Nhân Ơi,Orange,7,1,APPLE_MUSIC,7,2025-11-05,2025-11-12,93,95.0,APPLE_MUSIC,39.9,5.7,0.0,0.0,0.0,0.0,,,,0.0,0.0,0.0,0,0,,,,,
Thời Thế Thế Thời (Rock Version),Nguyễn Vĩ,2,1,ZINGMP3,1,2025-11-07,2025-11-07,68,79.5,ZINGMP3,38.7,19.35,0.0,0.0,0.0,0.0,0.0,0.0,0.0,,2000.0,0.0,0,0,03:22,,https://zingmp3.vn/bai-hat/Thoi-The-The-Thoi-Rock-Version-Nguyen-Vi/Z8AO99A8.html,,
Muộn Rồi Mà Sao Còn,Sơn Tùng M-TP,3,1,SPOTIFY,3,2025-11-07,2025-11-09,82,89.33333333333333,SPOTIFY,35.0,11.666666666666666,1.0,49244172.0,1656.0,33.0,0.0,0.0,0.0,0.0,0.0,0.0,0,0,,,,,
Nhiều Chuyện,The Flob,1,1,ZINGMP3,1,2025-11-08,2025-11-08,63,63.0,ZINGMP3,34.2,34.2,0.0,0.0,0.0,0.0,0.0,0.0,0.0,,16000.0,0.0,0,0,04:33,,https://zingmp3.vn/bai-hat/Nhieu-Chuyen-The-Flob/Z8A0ZOZE.html,,
Nhói Lòng Thuyền Hoa (Rock Version),TLong,2,1,ZINGMP3,1,2025-11-07,2025-11-07,70,82.5,ZINGMP3,33.300000000000004,16.650000000000002,0.0,0.0,0.0,0.0,0.0,0.0,0.0,,2000.0,0.0,0,0,04:37,,https://zingmp3.vn/bai-hat/Nhoi-Long-Thuyen-Hoa-Rock-Version-TLong-LKT-Media/Z8AOODZ0.html,,
Mảnh Tình Sai Đôi,Yến Nhi,2,1,ZINGMP3,2,2025-11-08,2025-11-10,81,83.5,ZINGMP3,31.5,15.75,0.0,0.0,0.0,0.0,0.0,0.0,0.0,174000.0,4000.0,0.0,0,0,04:36,,https://zingmp3.vn/bai-hat/Manh-Tinh-Sai-Doi-Yen-Nhi/Z8998ZI0.html,,
Cơn Mưa Cuối,JustaTee,2,1,SPOTIFY,2,2025-11-09,2025-11-10,83,85.5,SPOTIFY,31.0,15.5,83.0,355886.0,13.0,0.0,0.0,0.0,0.0,0.0,0.0,0.0,0,0,,,,,
Nỗi Nhớ Không Tên,Will,1,1,ZINGMP3,1,2025-11-12,2025-11-12,67,67.0,ZINGMP3,30.6,30.6,0.0,0.0,0.0,0.0,0.0,0.0,0.0,183000.0,2000.0,0.0,0,0,02:48,,https://zingmp3.vn/bai-hat/Noi-Nho-Khong-Ten-Will-Myra-Tran/Z89I8I9O.html,,
Bông Hoa Đẹp Nhất,Quân A.P,2,1,SPOTIFY,2,2025-11-07,2025-11-11,85,86.0,SPOTIFY,30.0,15.0,31.0,6154974.0,711.0,0.0,0.0,0.0,0.0,0.0,0.0,0.0,0,0,,,,,
Thả Anh Ra,Quang Hùng MasterD,10,1,ZINGMP3,9,2025-11-01,2025-11-12,95,97.7,ZINGMP3,29.7,2.9699999999999998,0.0,0.0,0.0,0.0,0.0,0.0,0.0,2200000.0,43000.0,0.0,0,0,03:45,,https://zingmp3.vn/bai-hat/Tha-Anh-Ra-Quang-Hung-MasterD-Hino/Z88IAOBO.html,,
Chúc Phúc,PiaLinh,1,1,ZINGMP3,1,2025-11-08,2025-11-08,68,68.0,ZINGMP3,29.7,29.7,0.0,0.0,0.0,0.0,0.0,0.0,0.0,,21000.0,0.0,0,0,03:52,,https://zingmp3.vn/bai-hat/Chuc-Phuc-PiaLinh/Z89D0FZU.html,,
Em Còn Nhớ Anh Không - Remastered,Hoàng Tôn,2,1,SPOTIFY,2,2025-11-10,2025-11-11,82,86.5,SPOTIFY,29.0,14.5,58.0,6119864.0,210.0,0.0,0.0,0.0,0.0,0.0,0.0,0.0,0,0,,,,,
bao tiền một mớ bình yên?,14 Casper,2,1,SPOTIFY,2,2025-11-06,2025-11-11,85,86.5,SPOTIFY,29.0,14.5,7.0,42988482.0,1346.0,0.0,0.0,0.0,0.0,0.0,0.0,0.0,0,0,,,,,
Em Cưới Rồi À,Thanh Hưng,5,1,ZINGMP3,5,2025-11-02,2025-11-13,89,94.6,ZINGMP3,28.8,5.76,0.0,0.0,0.0,0.0,0.0,0.0,0.0,14900000.0,210000.0,0.0,0,0,05:05,,https://zingmp3.vn/bai-hat/Em-Cuoi-Roi-A-Thanh-Hung/Z8WIZ9FF.html,,
Trọn Vẹn Chính Mình,Hương Giang,1,1,ZINGMP3,1,2025-11-08,2025-11-08,69,69.0,ZINGMP3,28.8,28.8,0.0,0.0,0.0,0.0,0.0,0.0,0.0,,34000.0,0.0,0,0,04:52,,https://zingmp3.vn/bai-hat/Tron-Ven-Chinh-Minh-Huong-Giang-Nguyen-Van-Chung/Z8A6I09I.html,,
Dù Cho Mai Về Sau,buitruonglinh,4,1,SPOTIFY,4,2025-10-31,2025-11-09,90,94.25,SPOTIFY,27.0,6.75,9.0,33158072.0,1678.0,1.0,0.0,0.0,0.0,0.0,0.0,0.0,0,0,,,,,
Ôm Lấy Trái Tim,Kairon,2,1,ZINGMP3,1,2025-11-07,2025-11-07,84,86.0,ZINGMP3,27.0,13.5,0.0,0.0,0.0,0.0,0.0,0.0,0.0,2200000.0,27000.0,0.0,0,0,03:15,,https://zingmp3.vn/bai-hat/Om-Lay-Trai-Tim-Kairon/Z8Z8A07D.html,,
EM ĐÃ CHỜ ANH BAO LÂU,ANH TRAI SAY HI,1,1,ZINGMP3,1,2025-11-10,2025-11-10,72,72.0,ZINGMP3,26.1,26.1,0.0,0.0,0.0,0.0,0.0,0.0,0.0,56000.0,2000.0,0.0,0,0,05:18,,https://zingmp3.vn/bai-hat/EM-DA-CHO-ANH-BAO-LAU-ANH-TRAI-SAY-HI-Phuc-Du-OgeNus-Bui-Duy-Ngoc-RIO-Otis-52Hz/Z8AZU6IE.html,,
SAD Nhân,STRONG,2,1,ZINGMP3,2,2025-10-31,2025-11-01,82,87.0,ZINGMP3,25.200000000000003,12.600000000000001,0.0,0.0,0.0,0.0,0.0,0.0,0.0,180000.0,1000.0,0.0,0,0,03:24,,https://zingmp3.vn/bai-hat/SAD-Nhan-S-TRONG/Z88FC96W.html,,
Cưa Em Bốn Mùa,NB3 Hoài Bảo,1,1,ZINGMP3,1,2025-11-08,2025-11-08,77,77.0,ZINGMP3,21.6,21.6,0.0,0.0,0.0,0.0,0.0,0.0,0.0,158000.0,4000.0,0.0,0,0,04:28,,https://zingmp3.vn/bai-hat/Cua-Em-Bon-Mua-NB3-Hoai-Bao-CT/Z8AWACBZ.html,,
Nhà Tôi Có Treo Một Lá Cờ,DTAP,5,1,ZINGMP3,4,2025-11-07,2025-11-10,95,96.2,ZINGMP3,21.6,4.32,0.0,0.0,0.0,0.0,0.0,0.0,0.0,2200000.0,20000.0,0.0,0,0,03:42,,https://zingmp3.vn/bai-hat/Nha-Toi-Co-Treo-Mot-La-Co-DTAP-Ha-Anh-Tuan/Z88WEAF6.html,,
Vực Thẳm Của Bình Yên,Jack - J97,2,1,ZINGMP3,2,2025-11-09,2025-11-11,80,89.5,ZINGMP3,20.700000000000003,10.350000000000001,0.0,0.0,0.0,0.0,0.0,0.0,0.0,2600000.0,34000.0,0.0,0,0,04:40,,https://zingmp3.vn/bai-hat/Vuc-Tham-Cua-Binh-Yen-Jack-J97/Z86AUOW8.html,,
Buồn Thật Đấy,Sofia,1,1,ZINGMP3,1,2025-11-12,2025-11-12,78,78.0,ZINGMP3,20.7,20.7,0.0,0.0,0.0,0.0,0.0,0.0,0.0,134000.0,2000.0,0.0,0,0,04:29,,https://zingmp3.vn/bai-hat/Buon-That-Day-Sofia-Nguyen-Thuong/Z8966B9D.html,,
CHÍ PHÈO,Đinh Tiến Đạt Mr Dee,1,1,ZINGMP3,1,2025-11-07,2025-11-07,79,79.0,ZINGMP3,19.8,19.8,0.0,0.0,0.0,0.0,0.0,0.0,0.0,,,0.0,0,0,04:02,,https://zingmp3.vn/bai-hat/CHI-PHEO-Dinh-Tien-Dat-Mr-Dee-MONOCYCLE/Z89D0F7F.html,,
Peace N' Love,Low G,1,1,ZINGMP3,1,2025-10-31,2025-10-31,79,79.0,ZINGMP3,19.8,19.8,0.0,0.0,0.0,0.0,0.0,0.0,0.0,,64000.0,0.0,0,0,03:36,,https://zingmp3.vn/bai-hat/Peace-N-Love-Low-G-My-Anh/Z89EBCCE.html,,
Thanh Xuân Là Anh,2T,2,1,ZINGMP3,1,2025-11-07,2025-11-07,87,90.0,ZINGMP3,19.8,9.9,0.0,0.0,0.0,0.0,0.0,0.0,0.0,,68000.0,0.0,0,0,04:34,,https://zingmp3.vn/bai-hat/Thanh-Xuan-La-Anh-2T-N-Dien-ShenlongZ/Z87EDAB9.html,,
Golden,HUNTR/X,1,1,APPLE_MUSIC,1,2025-11-07,2025-11-07,82,82.0,APPLE_MUSIC,18.05,18.05,0.0,0.0,0.0,0.0,,,,0.0,0.0,0.0,0,0,,,,,
Thời Thế Thế Thời,Nguyễn Vĩ,3,1,ZINGMP3,3,2025-11-06,2025-11-12,90,94.66666666666667,ZINGMP3,17.1,5.7,0.0,0.0,0.0,0.0,0.0,0.0,0.0,14800000.0,220000.0,0.0,0,0,03:46,,https://zingmp3.vn/bai-hat/Thoi-The-The-Thoi-Nguyen-Vi/Z8WIZC8I.html,,
Từng Là,Vũ Cát Tường,1,1,SPOTIFY,1,2025-11-07,2025-11-07,84,84.0,SPOTIFY,17.0,17.0,2.0,36412234.0,617.0,12.0,0.0,0.0,0.0,0.0,0.0,0.0,0,0,,,,,
Text 07,W/N,1,1,ZINGMP3,1,2025-11-13,2025-11-13,83,83.0,ZINGMP3,16.2,16.2,0.0,0.0,0.0,0.0,0.0,0.0,0.0,,,0.0,0,0,04:19,,https://zingmp3.vn/bai-hat/Text-07-W-N-267/Z879F9CC.html,,
Chỉ Anh Làm Em Khóc,Đàm Vĩnh Hưng,1,1,ZINGMP3,1,2025-11-10,2025-11-10,83,83.0,ZINGMP3,16.2,16.2,0.0,0.0,0.0,0.0,0.0,0.0,0.0,288000.0,3000.0,0.0,0,0,04:08,,https://zingmp3.vn/bai-hat/Chi-Anh-Lam-Em-Khoc-Dam-Vinh-Hung-Tran-Manh-Cuong/Z8966C6W.html,,
Missing You,Phương Ly,3,1,APPLE_MUSIC,3,2025-11-10,2025-11-12,93,95.33333333333333,APPLE_MUSIC,16.15,5.383333333333333,0.0,0.0,0.0,0.0,,,,0.0,0.0,0.0,0,0,,,,,
Khi Em Lớn,Orange,2,1,SPOTIFY,2,2025-11-04,2025-11-11,93,93.0,SPOTIFY,16.0,8.0,3.0,24984814.0,1416.0,2.0,0.0,0.0,0.0,0.0,0.0,0.0,0,0,,,,,
Cho Tôi Lang Thang,Ngọt,2,1,SPOTIFY,2,2025-11-10,2025-11-11,93,93.5,SPOTIFY,15.0,7.5,18.0,23265159.0,1729.0,0.0,0.0,0.0,0.0,0.0,0.0,0.0,0,0,,,,,
3 1 0 7,W/N,1,1,SPOTIFY,1,2025-11-04,2025-11-04,86,86.0,SPOTIFY,15.0,15.0,11.0,34403488.0,1572.0,0.0,0.0,0.0,0.0,0.0,0.0,0.0,0,0,,,,,
Forget Me Now,Fishy,1,1,SPOTIFY,1,2025-11-04,2025-11-04,87,87.0,SPOTIFY,14.0,14.0,86.0,2382182.0,95.0,0.0,0.0,0.0,0.0,0.0,0.0,0.0,0,0,,,,,
Love My Friend,Shayda,4,2,"APPLE_MUSIC, SPOTIFY",4,2025-10-31,2025-11-08,92,97.5,SPOTIFY,13.85,3.4625,53.0,736208.0,20.0,1.0,,,,0.0,0.0,0.0,0,0,,,,,
ex's hate me Pt.2,AMEE,3,1,SPOTIFY,3,2025-11-03,2025-11-07,94,96.66666666666667,SPOTIFY,13.0,4.333333333333333,67.0,13559060.0,490.0,1.0,0.0,0.0,0.0,0.0,0.0,0.0,0,0,,,,,
CHILL GUYS NGON ZAI,ANH TRAI SAY HI,2,1,ZINGMP3,2,2025-10-31,2025-11-02,94,94.0,ZINGMP3,12.6,6.3,0.0,0.0,0.0,0.0,0.0,0.0,0.0,754000.0,14000.0,0.0,0,0,03:49,,https://zingmp3.vn/bai-hat/CHILL-GUYS-NGON-ZAI-ANH-TRAI-SAY-HI-BigDaddy-OgeNus-B-Ray-Phuc-Du/Z89WA67I.html,,
CỨ ĐỔ TẠI CƠN MƯA,Phương Ly,1,1,APPLE_MUSIC,1,2025-11-07,2025-11-07,89,89.0,APPLE_MUSIC,11.399999999999999,11.399999999999999,0.0,0.0,0.0,0.0,,,,0.0,0.0,0.0,0,0,,,,,
Đến Đây Bên Anh,Cloud 5,1,1,SPOTIFY,1,2025-11-05,2025-11-05,90,90.0,SPOTIFY,11.0,11.0,53.0,6849039.0,217.0,1.0,0.0,0.0,0.0,0.0,0.0,0.0,0,0,,,,,
Viết Tiếp Câu Chuyện Hòa Bình,Nguyễn Văn Chung,2,1,ZINGMP3,2,2025-11-08,2025-11-09,94,96.0,ZINGMP3,9.0,4.5,0.0,0.0,0.0,0.0,0.0,0.0,0.0,2000000.0,30000.0,0.0,0,0,04:57,,https://zingmp3.vn/bai-hat/Viet-Tiep-Cau-Chuyen-Hoa-Binh-Nguyen-Van-Chung-Tung-Duong/Z880UZCO.html,,
Tạm Bợ,MiiNa,1,1,ZINGMP3,1,2025-11-12,2025-11-12,92,92.0,ZINGMP3,8.1,8.1,0.0,0.0,0.0,0.0,0.0,0.0,0.0,612000.0,5000.0,0.0,0,0,03:50,,https://zingmp3.vn/bai-hat/Tam-Bo-MiiNa-Zio-B-RIN9-DREAMeR/Z86Z9C78.html,,
Chờ Bao Lâu,Út Nhị Mino,2,1,ZINGMP3,2,2025-11-01,2025-11-11,93,96.5,ZINGMP3,8.1,4.05,0.0,0.0,0.0,0.0,0.0,0.0,0.0,3400000.0,66000.0,0.0,0,0,03:14,,https://zingmp3.vn/bai-hat/Cho-Bao-Lau-Ut-Nhi-Mino-Hao-JK/Z8Z6EF60.html,,
Nửa Quân Bài,Trịnh Đình Quang,1,1,ZINGMP3,1,2025-11-12,2025-11-12,93,93.0,ZINGMP3,7.2,7.2,0.0,0.0,0.0,0.0,0.0,0.0,0.0,789000.0,9000.0,0.0,0,0,05:27,,https://zingmp3.vn/bai-hat/Nua-Quan-Bai-Trinh-Dinh-Quang/Z87AZ9FU.html,,
Cơ Hội Cuối (Rock Version),An Vũ,1,1,ZINGMP3,1,2025-11-07,2025-11-07,93,93.0,ZINGMP3,7.2,7.2,0.0,0.0,0.0,0.0,0.0,0.0,0.0,,25000.0,0.0,0,0,03:17,,https://zingmp3.vn/bai-hat/Co-Hoi-Cuoi-Rock-Version-An-Vu/Z88BUB9I.html,,
Tham Phú Phụ Bần,Nguyễn Vĩ,2,1,ZINGMP3,2,2025-11-11,2025-11-12,95,97.5,ZINGMP3,6.300000000000001,3.1500000000000004,0.0,0.0,0.0,0.0,0.0,0.0,0.0,14600000.0,168000.0,0.0,0,0,05:47,,https://zingmp3.vn/bai-hat/Tham-Phu-Phu-Ban-Nguyen-Vi/Z7FCBC68.html,,
Ngày Mai Em Đi,Lê Hiếu,1,1,SPOTIFY,1,2025-11-01,2025-11-01,96,96.0,SPOTIFY,5.0,5.0,2.0,15857549.0,1661.0,5.0,0.0,0.0,0.0,0.0,0.0,0.0,0,0,,,,,
Tình Yêu Bất Diệt,Hồ Việt Trung,1,1,ZINGMP3,1,2025-11-11,2025-11-11,96,96.0,ZINGMP3,4.5,4.5,0.0,0.0,0.0,0.0,0.0,0.0,0.0,8600000.0,167000.0,0.0,0,0,03:33,,https://zingmp3.vn/bai-hat/Tinh-Yeu-Bat-Diet-Ho-Viet-Trung-Saka-Truong-Tuyen/Z8OCF07D.html,,
An Thần,Low G,1,1,SPOTIFY,1,2025-11-04,2025-11-04,98,98.0,SPOTIFY,3.0,3.0,1.0,44190203.0,1467.0,7.0,0.0,0.0,0.0,0.0,0.0,0.0,0,0,,,,,
Nằm Bên Anh,Minh Đinh,1,1,SPOTIFY,1,2025-11-07,2025-11-07,98,98.0,SPOTIFY,3.0,3.0,15.0,7069509.0,158.0,0.0,0.0,0.0,0.0,0.0,0.0,0.0,0,0,,,,,
Past Won't Leave My Bed,Joji,1,1,APPLE_MUSIC,1,2025-11-09,2025-11-09,98,98.0,APPLE_MUSIC,2.8499999999999996,2.8499999999999996,0.0,0.0,0.0,0.0,,,,0.0,0.0,0.0,0,0,,,,,
Xa Em,Thanh Hưng,1,1,ZINGMP3,1,2025-11-12,2025-11-12,98,98.0,ZINGMP3,2.7,2.7,0.0,0.0,0.0,0.0,0.0,0.0,0.0,2400000.0,24000.0,0.0,0,0,06:02,,https://zingmp3.vn/bai-hat/Xa-Em-Thanh-Hung/Z86OCE9Z.html,,
Yêu Rồi Để Đó,Đàm Vĩnh Hưng,1,1,ZINGMP3,1,2025-11-11,2025-11-11,98,98.0,ZINGMP3,2.7,2.7,0.0,0.0,0.0,0.0,0.0,0.0,0.0,5800000.0,81000.0,0.0,0,0,05:26,,https://zingmp3.vn/bai-hat/Yeu-Roi-De-Do-Dam-Vinh-Hung/Z8Z99BIO.html,,
VỖ TAY,EM XINH SAY HI,1,1,ZINGMP3,1,2025-11-10,2025-11-10,99,99.0,ZINGMP3,1.8,1.8,0.0,0.0,0.0,0.0,0.0,0.0,0.0,1400000.0,19000.0,0.0,0,0,04:01,,https://zingmp3.vn/bai-hat/VO-TAY-EM-XINH-SAY-HI-Phuong-Ly/Z88W9I9E.html,,
NGÂY THER,kidsai,1,1,SPOTIFY,1,2025-11-08,2025-11-08,100,100.0,SPOTIFY,1.0,1.0,100.0,85421.0,3.0,0.0,0.0,0.0,0.0,0.0,0.0,0.0,0,0,,,,,
Chuyện Đôi Ta,Emcee L Da LAB,1,1,APPLE_MUSIC,1,2025-11-12,2025-11-12,100,100.0,APPLE_MUSIC,0.95,0.95,0.0,0.0,0.0,0.0,,,,0.0,0.0,0.0,0,0,,,,,
