Date,Rank,Title,Artist,Featured_Artists,Source,Duration,Total_Likes,URL
2025-10-31,1,chẳng phải tình đầu sao đau đến thế,MIN,"Dangrangto, antransax",NCT,4:43,40205,https://www.nhaccuatui.com/song/aV6cyHFUBioS
2025-10-31,2,Anh Đã Không Biết Cách Yêu Em,Quang Đăng Trần,,NCT,4:05,126923,https://www.nhaccuatui.com/song/RjjlFp5VePzi
2025-10-31,3,In Love,Low G,JustaTee,NCT,3:20,22879,https://www.nhaccuatui.com/song/TfjjHnTFVTKj
2025-10-31,4,Không Buông,Hngle,Ari,NCT,2:54,74217,https://www.nhaccuatui.com/song/l8cuO7N4Gx3J
2025-10-31,5,Em,Binz,,NCT,3:28,16159,https://www.nhaccuatui.com/song/9gfD7AsrzcYv
2025-10-31,6,Kho Báu (with Rhymastic),STRONG,Rhymastic,NCT,3:37,135788,https://www.nhaccuatui.com/song/UV8S5HlKISf1
2025-10-31,7,Quyền Yếu Đuối,MiiNa,"RIN9, DREAMeR",NCT,2:55,25937,https://www.nhaccuatui.com/song/cynfdsSLkJLi
2025-10-31,8,NGƯỜI NHƯ ANH XỨNG ĐÁNG CÔ ĐƠN,"ANH TRAI ""SAY HI""","Vũ Cát Tường, Karik, Negav, Ngô Kiến Huy, Jey B",NCT,5:16,66110,https://www.nhaccuatui.com/song/ohdUc5kDIMnJ
2025-10-31,9,Ngày Này Năm Ấy,Việt Anh,,NCT,3:59,76758,https://www.nhaccuatui.com/song/10vd0FQlcvyO
2025-10-31,10,Không Thời Gian,Dương Domic,,NCT,3:37,41903,https://www.nhaccuatui.com/song/FxoGeDuCWtSP
2025-10-31,11,Phép Màu,MAYDAYs,Minh Tốc & Lam,NCT,4:26,205770,https://www.nhaccuatui.com/song/AHgR9rMS5pYw
2025-10-31,12,Panorama,Richie D. ICY,Obito,NCT,3:25,18877,https://www.nhaccuatui.com/song/SMJcVKFXYwbM
2025-10-31,13,Còn Gì Đẹp Hơn (Mưa Đỏ Original Soundtrack),Nguyễn Hùng,,NCT,4:42,130022,https://www.nhaccuatui.com/song/My2LYptZ1GS5
2025-10-31,14,Mất Kết Nối,Dương Domic,,NCT,3:27,369642,https://www.nhaccuatui.com/song/uJ8qLJzC9wH5
2025-10-31,15,ĐA NGHI,ANH TRAI SAY HI,"Negav, Hải Nam, CODYNAMVO, Dillan Hoàng Phan",NCT,4:17,21263,https://www.nhaccuatui.com/song/N0u2OIefVcyy
2025-10-31,16,NGƯỜI ĐẦU TIÊN,EM XINH SAY HI,Juky San,NCT,3:52,63573,https://www.nhaccuatui.com/song/O4NyykO66w3D
2025-10-31,17,Nắng Dưới Chân Mây,Nguyễn Hữu Kha,,NCT,3:39,82728,https://www.nhaccuatui.com/song/F2v0Z9WBlCMV
2025-10-31,18,Nắng Ấm Trong Tim,Duongg,Dadeon,NCT,4:08,9623,https://www.nhaccuatui.com/song/4dPxo73rYIvn
2025-10-31,19,Kho Báu,STRONG,,NCT,3:16,108210,https://www.nhaccuatui.com/song/kVt3JtCUChNI
2025-10-31,20,HERMOSA,ANH TRAI SAY HI,"Sơn.K, buitruonglinh, Tez, Mason Nguyen, CONGB",NCT,4:06,30361,https://www.nhaccuatui.com/song/YDxQbcF2YuCl
2025-10-31,21,E Là Không Thể,Anh Quân,,NCT,5:09,184243,https://www.nhaccuatui.com/song/r27tf4MELOuA
2025-10-31,22,ẢO ẢNH,ANH TRAI SAY HI,"Vũ Cát Tường, Gill, Ryn Lee",NCT,4:22,12916,https://www.nhaccuatui.com/song/qEDID98P9dOt
2025-10-31,23,Bình Yên,Vũ.,Binz,NCT,3:16,221952,https://www.nhaccuatui.com/song/56Um1CgCynmG
2025-10-31,24,Ngàn Năm Ánh Sáng,Đặng Vĩnh Thịnh,BMZ,NCT,3:34,54352,https://www.nhaccuatui.com/song/xnhwlEUv6mPq
2025-10-31,25,Nơi Này Có Anh,Sơn Tùng M-TP,,NCT,4:20,310450,https://www.nhaccuatui.com/song/JzDZ5BW4RSTI
2025-10-31,26,KHÔNG ĐAU NỮA RỒI,EM XINH SAY HI,"52Hz, Orange, Mỹ Mỹ, Châu Bùi, Pháp Kiều",NCT,4:51,113439,https://www.nhaccuatui.com/song/Ijo7HDYemsvo
2025-10-31,27,Giờ Thì,buitruonglinh,,NCT,3:54,162007,https://www.nhaccuatui.com/song/dyHwNKu52bax
2025-10-31,28,Em Không Cần,Hannie,,NCT,4:10,10804,https://www.nhaccuatui.com/song/2nAn8W8IgHVH
2025-10-31,29,Ngày Này Năm Ấy (Metal Rock),Việt Anh,,NCT,3:49,7369,https://www.nhaccuatui.com/song/6NeIeeSFl4y3
2025-10-31,30,Âm Thầm Bên Em,Sơn Tùng M-TP,,NCT,4:51,293525,https://www.nhaccuatui.com/song/Sttn5Z5WPKPR
2025-10-31,31,Những Lời Hứa Bỏ Quên,Vũ.,Dear Jane,NCT,3:56,293850,https://www.nhaccuatui.com/song/cJ6lXsQLONjC
2025-10-31,32,NGƯỜI YÊU CHƯA SINH RA,ANH TRAI SAY HI,"Ogenus, BigDaddy, Phúc Du, HUSTLANG Robber, Dillan Hoàng Phan",NCT,3:54,25377,https://www.nhaccuatui.com/song/OO3SZc0RTLlf
2025-10-31,33,Love Game,Low G,tlinh,NCT,3:19,30903,https://www.nhaccuatui.com/song/4OMvyyEPeIyr
2025-10-31,34,Dù Cho Tận Thế,ERIK,,NCT,3:53,242016,https://www.nhaccuatui.com/song/szDsaurUCtvX
2025-10-31,35,3 Bích,Pháp Kiều,tlinh,NCT,3:48,9408,https://www.nhaccuatui.com/song/d7TgzvVPug3u
2025-10-31,36,ANH VUI,Phạm Kỳ,,NCT,3:17,90490,https://www.nhaccuatui.com/song/bWu6k1VPJCO6
2025-10-31,37,DẪU CÓ ĐẾN ĐÂU,ANH TRAI SAY HI,"CONGB, VƯƠNG BÌNH, Lohan, Nhâm Phương Nam",NCT,4:01,15678,https://www.nhaccuatui.com/song/lVItHIYjhTZH
2025-10-31,38,GÃ SĂN CÁ,EM XINH SAY HI,"Lâm Bảo Ngọc, Quỳnh Anh Shyn, MAIQUINN, Saabirose, Quang Hùng MasterD",NCT,3:52,110364,https://www.nhaccuatui.com/song/8fBWGX9hPFRW
2025-10-31,39,Quyền Yếu Đuối (Piano Version),MiiNa,"RIN9, DREAMeR",NCT,2:54,7976,https://www.nhaccuatui.com/song/avVHFbSNKpGb
2025-10-31,40,Khóa Ly Biệt,The Masked Singer,Voi Bản Đôn,NCT,5:12,345622,https://www.nhaccuatui.com/song/4TTDL1BIR4XN
2025-10-31,41,SAU CƠN SUY,RHYDER,,NCT,3:13,24462,https://www.nhaccuatui.com/song/MtzJ5wODreXj
2025-10-31,42,Hãy Trao Cho Anh,Sơn Tùng M-TP,Snoop Dogg,NCT,4:05,926302,https://www.nhaccuatui.com/song/vtEybe9NxLw7
2025-10-31,43,Wrong Times,Puppy,Dangrangto,NCT,3:31,173571,https://www.nhaccuatui.com/song/0lTwDzgDWI2q
2025-10-31,44,một đời,14 Casper,"Bon Nghiêm, buitruonglinh",NCT,5:28,167191,https://www.nhaccuatui.com/song/ESFq1iGH8zTQ
2025-10-31,45,10 Mất 1 Còn Không,Lê Gia Bảo,BMZ,NCT,4:50,76305,https://www.nhaccuatui.com/song/UpxC3e4PNIa9
2025-10-31,46,Bạn Đời,Karik,GDucky,NCT,5:01,269407,https://www.nhaccuatui.com/song/mX8e5tI588ih
2025-10-31,48,CỨ ĐỔ TẠI CƠN MƯA,EM XINH SAY HI,"Phương Ly, Orange, Châu Bùi, 52Hz, Vũ Thảo My",NCT,4:14,42677,https://www.nhaccuatui.com/song/EemTHbrT7zsG
2025-10-31,49,ĐỘC NHẤT VÔ NHỊ,ANH TRAI SAY HI,"Karik, Vũ Cát Tường, Gill, Tez",NCT,4:19,25775,https://www.nhaccuatui.com/song/kk5K7brQLHqd
2025-10-31,50,Buông Đôi Tay Nhau Ra,Sơn Tùng M-TP,,NCT,3:46,201881,https://www.nhaccuatui.com/song/mPjFpFGJhzko
2025-11-03,1,chẳng phải tình đầu sao đau đến thế,MIN,"Dangrangto, antransax",NCT,4:43,40245,https://www.nhaccuatui.com/song/aV6cyHFUBioS
2025-11-03,2,Anh Đã Không Biết Cách Yêu Em,Quang Đăng Trần,,NCT,4:05,126934,https://www.nhaccuatui.com/song/RjjlFp5VePzi
2025-11-03,3,Không Buông,Hngle,Ari,NCT,2:54,74230,https://www.nhaccuatui.com/song/l8cuO7N4Gx3J
2025-11-03,4,Em,Binz,,NCT,3:28,16178,https://www.nhaccuatui.com/song/9gfD7AsrzcYv
2025-11-03,5,In Love,Low G,JustaTee,NCT,3:20,22895,https://www.nhaccuatui.com/song/TfjjHnTFVTKj
2025-11-03,6,Kho Báu (with Rhymastic),STRONG,Rhymastic,NCT,3:37,135800,https://www.nhaccuatui.com/song/UV8S5HlKISf1
2025-11-03,7,Quyền Yếu Đuối,MiiNa,"RIN9, DREAMeR",NCT,2:55,25950,https://www.nhaccuatui.com/song/cynfdsSLkJLi
2025-11-03,8,NGƯỜI NHƯ ANH XỨNG ĐÁNG CÔ ĐƠN,ANH TRAI SAY HI,"Vũ Cát Tường, Karik, Negav, Ngô Kiến Huy, Jey B",NCT,5:16,66123,https://www.nhaccuatui.com/song/ohdUc5kDIMnJ
2025-11-03,9,Ngày Này Năm Ấy,Việt Anh,,NCT,3:59,76773,https://www.nhaccuatui.com/song/10vd0FQlcvyO
2025-11-03,10,Không Thời Gian,Dương Domic,,NCT,3:37,41913,https://www.nhaccuatui.com/song/FxoGeDuCWtSP
2025-11-03,11,Phép Màu,MAYDAYs,"Minh Tốc, Lam",NCT,4:26,205780,https://www.nhaccuatui.com/song/AHgR9rMS5pYw
2025-11-03,12,Mất Kết Nối,Dương Domic,,NCT,3:27,369647,https://www.nhaccuatui.com/song/uJ8qLJzC9wH5
2025-11-03,13,Còn Gì Đẹp Hơn (Mưa Đỏ Original Soundtrack),Nguyễn Hùng,,NCT,4:42,130027,https://www.nhaccuatui.com/song/My2LYptZ1GS5
2025-11-03,14,Panorama,Richie D. ICY,Obito,NCT,3:25,18883,https://www.nhaccuatui.com/song/SMJcVKFXYwbM
2025-11-03,15,Người Đầu Tiên,Juky San,buitruonglinh,NCT,3:35,10057,https://www.nhaccuatui.com/song/oyfwO2mxFbH0
2025-11-03,16,Nắng Dưới Chân Mây,Nguyễn Hữu Kha,,NCT,3:39,82733,https://www.nhaccuatui.com/song/F2v0Z9WBlCMV
2025-11-03,17,Em Không Cần,Hannie,,NCT,4:10,10816,https://www.nhaccuatui.com/song/2nAn8W8IgHVH
2025-11-03,18,Bình Yên,Vũ.,Binz,NCT,3:16,221958,https://www.nhaccuatui.com/song/56Um1CgCynmG
2025-11-03,19,Kho Báu,STRONG,,NCT,3:16,108214,https://www.nhaccuatui.com/song/kVt3JtCUChNI
2025-11-03,20,ĐA NGHI,ANH TRAI SAY HI,"Negav, Hải Nam, CODYNAMVO, Dillan Hoàng Phan",NCT,4:17,21273,https://www.nhaccuatui.com/song/N0u2OIefVcyy
2025-11-03,21,NGƯỜI ĐẦU TIÊN,EM XINH SAY HI,Juky San,NCT,3:52,63575,https://www.nhaccuatui.com/song/O4NyykO66w3D
2025-11-03,22,Nơi Này Có Anh,Sơn Tùng M-TP,,NCT,4:20,310454,https://www.nhaccuatui.com/song/JzDZ5BW4RSTI
2025-11-03,23,Ngàn Năm Ánh Sáng,Đặng Vĩnh Thịnh,BMZ,NCT,3:34,54363,https://www.nhaccuatui.com/song/xnhwlEUv6mPq
2025-11-03,24,Nắng Ấm Trong Tim,Duongg,Dadeon,NCT,4:08,9628,https://www.nhaccuatui.com/song/4dPxo73rYIvn
2025-11-03,25,E Là Không Thể,Anh Quân,,NCT,5:09,184249,https://www.nhaccuatui.com/song/r27tf4MELOuA
2025-11-03,26,KHÔNG ĐAU NỮA RỒI,EM XINH SAY HI,"52Hz, Orange, Mỹ Mỹ, Châu Bùi, Pháp Kiều",NCT,4:51,113447,https://www.nhaccuatui.com/song/Ijo7HDYemsvo
2025-11-03,27,Ngày Này Năm Ấy (Metal Rock),Việt Anh,,NCT,3:49,7381,https://www.nhaccuatui.com/song/6NeIeeSFl4y3
2025-11-03,28,HERMOSA,ANH TRAI SAY HI,"Sơn.K, buitruonglinh, Tez, Mason Nguyen, CONGB",NCT,4:06,30366,https://www.nhaccuatui.com/song/YDxQbcF2YuCl
2025-11-03,29,Giờ Thì,buitruonglinh,,NCT,3:54,162010,https://www.nhaccuatui.com/song/dyHwNKu52bax
2025-11-03,30,Âm Thầm Bên Em,Sơn Tùng M-TP,,NCT,4:51,293525,https://www.nhaccuatui.com/song/Sttn5Z5WPKPR
2025-11-03,31,Dù Cho Tận Thế,ERIK,,NCT,3:53,242018,https://www.nhaccuatui.com/song/szDsaurUCtvX
2025-11-03,32,Những Lời Hứa Bỏ Quên,Vũ.,Dear Jane,NCT,3:56,293855,https://www.nhaccuatui.com/song/cJ6lXsQLONjC
2025-11-03,33,ANH VUI,Phạm Kỳ,,NCT,3:17,90495,https://www.nhaccuatui.com/song/bWu6k1VPJCO6
2025-11-03,34,GÃ SĂN CÁ,EM XINH SAY HI,"Lâm Bảo Ngọc, Quỳnh Anh Shyn, MAIQUINN, Saabirose, Quang Hùng MasterD",NCT,3:52,110369,https://www.nhaccuatui.com/song/8fBWGX9hPFRW
2025-11-03,35,NGƯỜI YÊU CHƯA SINH RA,ANH TRAI SAY HI,"Ogenus, BigDaddy, Phúc Du, HUSTLANG Robber, Dillan Hoàng Phan",NCT,3:54,25384,https://www.nhaccuatui.com/song/OO3SZc0RTLlf
2025-11-03,36,Love Game,Low G,tlinh,NCT,3:19,30907,https://www.nhaccuatui.com/song/4OMvyyEPeIyr
2025-11-03,37,ẢO ẢNH,ANH TRAI SAY HI,"Vũ Cát Tường, Gill, Ryn Lee",NCT,4:22,12921,https://www.nhaccuatui.com/song/qEDID98P9dOt
2025-11-03,38,Quyền Yếu Đuối (Piano Version),MiiNa,"RIN9, DREAMeR",NCT,2:54,7984,https://www.nhaccuatui.com/song/avVHFbSNKpGb
2025-11-03,39,3 Bích,Pháp Kiều,tlinh,NCT,3:48,9414,https://www.nhaccuatui.com/song/d7TgzvVPug3u
2025-11-03,40,Khóa Ly Biệt,The Masked Singer,Voi Bản Đôn,NCT,5:12,345627,https://www.nhaccuatui.com/song/4TTDL1BIR4XN
2025-11-03,41,Wrong Times,Puppy,Dangrangto,NCT,3:31,173574,https://www.nhaccuatui.com/song/0lTwDzgDWI2q
2025-11-03,42,DẪU CÓ ĐẾN ĐÂU,ANH TRAI SAY HI,"CONGB, VƯƠNG BÌNH, Lohan, Nhâm Phương Nam",NCT,4:01,15682,https://www.nhaccuatui.com/song/lVItHIYjhTZH
2025-11-03,43,10 Mất 1 Còn Không,Lê Gia Bảo,BMZ,NCT,4:50,76307,https://www.nhaccuatui.com/song/UpxC3e4PNIa9
2025-11-03,44,một đời,14 Casper,"Bon Nghiêm, buitruonglinh",NCT,5:28,167194,https://www.nhaccuatui.com/song/ESFq1iGH8zTQ
2025-11-03,45,SAU CƠN SUY,RHYDER,,NCT,3:13,24468,https://www.nhaccuatui.com/song/MtzJ5wODreXj
2025-11-03,46,Hãy Trao Cho Anh,Sơn Tùng M-TP,Snoop Dogg,NCT,4:05,926303,https://www.nhaccuatui.com/song/vtEybe9NxLw7
2025-11-03,47,Buông Đôi Tay Nhau Ra,Sơn Tùng M-TP,,NCT,3:46,201885,https://www.nhaccuatui.com/song/mPjFpFGJhzko
2025-11-03,48,Bạn Đời,Karik,GDucky,NCT,5:01,269409,https://www.nhaccuatui.com/song/mX8e5tI588ih
2025-11-03,49,CỨ ĐỔ TẠI CƠN MƯA,EM XINH SAY HI,"Phương Ly, Orange, Châu Bùi, 52Hz, Vũ Thảo My",NCT,4:14,42683,https://www.nhaccuatui.com/song/EemTHbrT7zsG
2025-11-04,1,chẳng phải tình đầu sao đau đến thế,MIN,"Dangrangto, antransax",NCT,4:43,40252,https://www.nhaccuatui.com/song/aV6cyHFUBioS
2025-11-04,2,Anh Đã Không Biết Cách Yêu Em,Quang Đăng Trần,,NCT,4:05,126935,https://www.nhaccuatui.com/song/RjjlFp5VePzi
2025-11-04,3,Em,Binz,,NCT,3:28,16181,https://www.nhaccuatui.com/song/9gfD7AsrzcYv
2025-11-04,4,Không Buông,Hngle,Ari,NCT,2:54,74233,https://www.nhaccuatui.com/song/l8cuO7N4Gx3J
2025-11-04,5,In Love,Low G,JustaTee,NCT,3:20,22900,https://www.nhaccuatui.com/song/TfjjHnTFVTKj
2025-11-04,6,Kho Báu (with Rhymastic),STRONG,Rhymastic,NCT,3:37,135798,https://www.nhaccuatui.com/song/UV8S5HlKISf1
2025-11-04,7,Quyền Yếu Đuối,MiiNa,"RIN9, DREAMeR",NCT,2:55,25955,https://www.nhaccuatui.com/song/cynfdsSLkJLi
2025-11-04,8,Người Đầu Tiên,Juky San,buitruonglinh,NCT,3:35,10066,https://www.nhaccuatui.com/song/oyfwO2mxFbH0
2025-11-04,9,NGƯỜI NHƯ ANH XỨNG ĐÁNG CÔ ĐƠN,ANH TRAI SAY HI,"Vũ Cát Tường, Karik, Negav, Ngô Kiến Huy, Jey B",NCT,5:16,66122,https://www.nhaccuatui.com/song/ohdUc5kDIMnJ
2025-11-04,10,Ngày Này Năm Ấy,Việt Anh,,NCT,3:59,76773,https://www.nhaccuatui.com/song/10vd0FQlcvyO
2025-11-04,11,Không Thời Gian,Dương Domic,,NCT,3:37,41913,https://www.nhaccuatui.com/song/FxoGeDuCWtSP
2025-11-04,12,Phép Màu,MAYDAYs,"Minh Tốc, Lam",NCT,4:26,205780,https://www.nhaccuatui.com/song/AHgR9rMS5pYw
2025-11-04,13,Mất Kết Nối,Dương Domic,,NCT,3:27,369647,https://www.nhaccuatui.com/song/uJ8qLJzC9wH5
2025-11-04,14,Còn Gì Đẹp Hơn (Mưa Đỏ Original Soundtrack),Nguyễn Hùng,,NCT,4:42,130026,https://www.nhaccuatui.com/song/My2LYptZ1GS5
2025-11-04,15,Panorama,Richie D. ICY,Obito,NCT,3:25,18884,https://www.nhaccuatui.com/song/SMJcVKFXYwbM
2025-11-04,16,Em Không Cần,Hannie,,NCT,4:10,10816,https://www.nhaccuatui.com/song/2nAn8W8IgHVH
2025-11-04,17,Nắng Dưới Chân Mây,Nguyễn Hữu Kha,,NCT,3:39,82732,https://www.nhaccuatui.com/song/F2v0Z9WBlCMV
2025-11-04,18,Kho Báu,STRONG,,NCT,3:16,108212,https://www.nhaccuatui.com/song/kVt3JtCUChNI
2025-11-04,19,ĐA NGHI,ANH TRAI SAY HI,"Negav, Hải Nam, CODYNAMVO, Dillan Hoàng Phan",NCT,4:17,21273,https://www.nhaccuatui.com/song/N0u2OIefVcyy
2025-11-04,20,Bình Yên,Vũ.,Binz,NCT,3:16,221958,https://www.nhaccuatui.com/song/56Um1CgCynmG
2025-11-04,21,Nơi Này Có Anh,Sơn Tùng M-TP,,NCT,4:20,310454,https://www.nhaccuatui.com/song/JzDZ5BW4RSTI
2025-11-04,22,E Là Không Thể,Anh Quân,,NCT,5:09,184250,https://www.nhaccuatui.com/song/r27tf4MELOuA
2025-11-04,23,KHÔNG ĐAU NỮA RỒI,EM XINH SAY HI,"52Hz, Orange, Mỹ Mỹ, Châu Bùi, Pháp Kiều",NCT,4:51,113446,https://www.nhaccuatui.com/song/Ijo7HDYemsvo
2025-11-04,24,Ngàn Năm Ánh Sáng,Đặng Vĩnh Thịnh,BMZ,NCT,3:34,54363,https://www.nhaccuatui.com/song/xnhwlEUv6mPq
2025-11-04,25,NGƯỜI ĐẦU TIÊN,EM XINH SAY HI,Juky San,NCT,3:52,63573,https://www.nhaccuatui.com/song/O4NyykO66w3D
2025-11-04,26,HERMOSA,ANH TRAI SAY HI,"Sơn.K, buitruonglinh, Tez, Mason Nguyen, CONGB",NCT,4:06,30365,https://www.nhaccuatui.com/song/YDxQbcF2YuCl
2025-11-04,27,Nắng Ấm Trong Tim,Duongg,Dadeon,NCT,4:08,9632,https://www.nhaccuatui.com/song/4dPxo73rYIvn
2025-11-04,28,Giờ Thì,buitruonglinh,,NCT,3:54,162009,https://www.nhaccuatui.com/song/dyHwNKu52bax
2025-11-04,29,Ngày Này Năm Ấy (Metal Rock),Việt Anh,,NCT,3:49,7382,https://www.nhaccuatui.com/song/6NeIeeSFl4y3
2025-11-04,30,Âm Thầm Bên Em,Sơn Tùng M-TP,,NCT,4:51,293525,https://www.nhaccuatui.com/song/Sttn5Z5WPKPR
2025-11-04,31,Dù Cho Tận Thế,ERIK,,NCT,3:53,242017,https://www.nhaccuatui.com/song/szDsaurUCtvX
2025-11-04,32,Những Lời Hứa Bỏ Quên,Vũ.,Dear Jane,NCT,3:56,293854,https://www.nhaccuatui.com/song/cJ6lXsQLONjC
2025-11-04,33,ANH VUI,Phạm Kỳ,,NCT,3:17,90495,https://www.nhaccuatui.com/song/bWu6k1VPJCO6
2025-11-04,34,GÃ SĂN CÁ,EM XINH SAY HI,"Lâm Bảo Ngọc, Quỳnh Anh Shyn, MAIQUINN, Saabirose, Quang Hùng MasterD",NCT,3:52,110368,https://www.nhaccuatui.com/song/8fBWGX9hPFRW
2025-11-04,35,Love Game,Low G,tlinh,NCT,3:19,30910,https://www.nhaccuatui.com/song/4OMvyyEPeIyr
2025-11-04,36,NGƯỜI YÊU CHƯA SINH RA,ANH TRAI SAY HI,"Ogenus, BigDaddy, Phúc Du, HUSTLANG Robber, Dillan Hoàng Phan",NCT,3:54,25384,https://www.nhaccuatui.com/song/OO3SZc0RTLlf
2025-11-04,37,ẢO ẢNH,ANH TRAI SAY HI,"Vũ Cát Tường, Gill, Ryn Lee",NCT,4:22,12920,https://www.nhaccuatui.com/song/qEDID98P9dOt
2025-11-04,38,3 Bích,Pháp Kiều,tlinh,NCT,3:48,9414,https://www.nhaccuatui.com/song/d7TgzvVPug3u
2025-11-04,39,DẪU CÓ ĐẾN ĐÂU,ANH TRAI SAY HI,"CONGB, VƯƠNG BÌNH, Lohan, Nhâm Phương Nam",NCT,4:01,15682,https://www.nhaccuatui.com/song/lVItHIYjhTZH
2025-11-04,40,Khóa Ly Biệt,The Masked Singer,Voi Bản Đôn,NCT,5:12,345626,https://www.nhaccuatui.com/song/4TTDL1BIR4XN
2025-11-04,41,Wrong Times,Puppy,Dangrangto,NCT,3:31,173573,https://www.nhaccuatui.com/song/0lTwDzgDWI2q
2025-11-04,42,SAU CƠN SUY,RHYDER,,NCT,3:13,24466,https://www.nhaccuatui.com/song/MtzJ5wODreXj
2025-11-04,43,một đời,14 Casper,"Bon Nghiêm, buitruonglinh",NCT,5:28,167193,https://www.nhaccuatui.com/song/ESFq1iGH8zTQ
2025-11-04,44,Quyền Yếu Đuối (Piano Version),MiiNa,"RIN9, DREAMeR",NCT,2:54,7986,https://www.nhaccuatui.com/song/avVHFbSNKpGb
2025-11-04,45,Hãy Trao Cho Anh,Sơn Tùng M-TP,Snoop Dogg,NCT,4:05,926302,https://www.nhaccuatui.com/song/vtEybe9NxLw7
2025-11-04,46,10 Mất 1 Còn Không,Lê Gia Bảo,BMZ,NCT,4:50,76306,https://www.nhaccuatui.com/song/UpxC3e4PNIa9
2025-11-04,47,Bạn Đời,Karik,GDucky,NCT,5:01,269409,https://www.nhaccuatui.com/song/mX8e5tI588ih
2025-11-04,48,Buông Đôi Tay Nhau Ra,Sơn Tùng M-TP,,NCT,3:46,201884,https://www.nhaccuatui.com/song/mPjFpFGJhzko
2025-11-04,50,CỨ ĐỔ TẠI CƠN MƯA,EM XINH SAY HI,"Phương Ly, Orange, Châu Bùi, 52Hz, Vũ Thảo My",NCT,4:14,42682,https://www.nhaccuatui.com/song/EemTHbrT7zsG
2025-11-05,1,chẳng phải tình đầu sao đau đến thế,MIN,"Dangrangto, antransax",NCT,4:43,40269,https://www.nhaccuatui.com/song/aV6cyHFUBioS
2025-11-05,2,In Love,Low G,JustaTee,NCT,3:20,22905,https://www.nhaccuatui.com/song/TfjjHnTFVTKj
2025-11-05,3,Anh Đã Không Biết Cách Yêu Em,Quang Đăng Trần,,NCT,4:05,126940,https://www.nhaccuatui.com/song/RjjlFp5VePzi
2025-11-05,4,Không Buông,Hngle,Ari,NCT,2:54,74239,https://www.nhaccuatui.com/song/l8cuO7N4Gx3J
2025-11-05,5,Em,Binz,,NCT,3:28,16187,https://www.nhaccuatui.com/song/9gfD7AsrzcYv
2025-11-05,6,Kho Báu (with Rhymastic),STRONG,Rhymastic,NCT,3:37,135804,https://www.nhaccuatui.com/song/UV8S5HlKISf1
2025-11-05,7,Quyền Yếu Đuối,MiiNa,"RIN9, DREAMeR",NCT,2:55,25961,https://www.nhaccuatui.com/song/cynfdsSLkJLi
2025-11-05,8,NGƯỜI NHƯ ANH XỨNG ĐÁNG CÔ ĐƠN,ANH TRAI SAY HI,"Vũ Cát Tường, Karik, Negav, Ngô Kiến Huy, Jey B",NCT,5:16,66126,https://www.nhaccuatui.com/song/ohdUc5kDIMnJ
2025-11-05,9,Không Thời Gian,Dương Domic,,NCT,3:37,41917,https://www.nhaccuatui.com/song/FxoGeDuCWtSP
2025-11-05,10,Ngày Này Năm Ấy,Việt Anh,,NCT,3:59,76777,https://www.nhaccuatui.com/song/10vd0FQlcvyO
2025-11-05,11,ĐOẠN KỊCH CÂM,ANH TRAI SAY HI,"CONGB, Negav, B Ray, CODYNAMVO, Phạm Đình Thái Ngân, Mỹ Mỹ",NCT,4:01,6957,https://www.nhaccuatui.com/song/vdXhGFEWSIMh
2025-11-05,12,Người Đầu Tiên,Juky San,buitruonglinh,NCT,3:35,10085,https://www.nhaccuatui.com/song/oyfwO2mxFbH0
2025-11-05,13,Phép Màu,MAYDAYs,Minh Tốc & Lam,NCT,4:26,205785,https://www.nhaccuatui.com/song/AHgR9rMS5pYw
2025-11-05,14,Mất Kết Nối,Dương Domic,,NCT,3:27,369650,https://www.nhaccuatui.com/song/uJ8qLJzC9wH5
2025-11-05,15,Còn Gì Đẹp Hơn (Mưa Đỏ Original Soundtrack),Nguyễn Hùng,,NCT,4:42,130027,https://www.nhaccuatui.com/song/My2LYptZ1GS5
2025-11-05,16,Panorama,Richie D. ICY,Obito,NCT,3:25,18887,https://www.nhaccuatui.com/song/SMJcVKFXYwbM
2025-11-05,17,Nắng Dưới Chân Mây,Nguyễn Hữu Kha,,NCT,3:39,82736,https://www.nhaccuatui.com/song/F2v0Z9WBlCMV
2025-11-05,18,NGƯỜI ĐẦU TIÊN,EM XINH SAY HI,Juky San,NCT,3:52,63573,https://www.nhaccuatui.com/song/O4NyykO66w3D
2025-11-05,19,Bình Yên,Vũ.,Binz,NCT,3:16,221961,https://www.nhaccuatui.com/song/56Um1CgCynmG
2025-11-05,20,HƠN LÀ BẠN,ANH TRAI SAY HI,"Ngô Kiến Huy, Vũ Cát Tường, Karik, VƯƠNG BÌNH, Sơn.K, MIN",NCT,3:47,5735,https://www.nhaccuatui.com/song/7UwInkWOWovV
2025-11-05,21,ĐA NGHI,ANH TRAI SAY HI,"Negav, Hải Nam, CODYNAMVO, Dillan Hoàng Phan",NCT,4:17,21275,https://www.nhaccuatui.com/song/N0u2OIefVcyy
2025-11-05,23,Nơi Này Có Anh,Sơn Tùng M-TP,,NCT,4:20,310458,https://www.nhaccuatui.com/song/JzDZ5BW4RSTI
2025-11-05,24,Em Không Cần,Hannie,,NCT,4:10,10819,https://www.nhaccuatui.com/song/2nAn8W8IgHVH
2025-11-05,25,Kho Báu,STRONG,,NCT,3:16,108213,https://www.nhaccuatui.com/song/kVt3JtCUChNI
2025-11-05,26,E Là Không Thể,Anh Quân,,NCT,5:09,184251,https://www.nhaccuatui.com/song/r27tf4MELOuA
2025-11-05,27,Ngàn Năm Ánh Sáng,Đặng Vĩnh Thịnh,BMZ,NCT,3:34,54367,https://www.nhaccuatui.com/song/xnhwlEUv6mPq
2025-11-05,28,Nắng Ấm Trong Tim,Duongg,Dadeon,NCT,4:08,9636,https://www.nhaccuatui.com/song/4dPxo73rYIvn
2025-11-05,29,KHÔNG ĐAU NỮA RỒI,EM XINH SAY HI,"52Hz, Orange, Mỹ Mỹ, Châu Bùi, Pháp Kiều",NCT,4:51,113450,https://www.nhaccuatui.com/song/Ijo7HDYemsvo
2025-11-05,30,HERMOSA,ANH TRAI SAY HI,"Sơn.K, buitruonglinh, Tez, Mason Nguyen, CONGB",NCT,4:06,30369,https://www.nhaccuatui.com/song/YDxQbcF2YuCl
2025-11-05,31,Giờ Thì,buitruonglinh,,NCT,3:54,162011,https://www.nhaccuatui.com/song/dyHwNKu52bax
2025-11-05,32,Âm Thầm Bên Em,Sơn Tùng M-TP,,NCT,4:51,293528,https://www.nhaccuatui.com/song/Sttn5Z5WPKPR
2025-11-05,33,Ngày Này Năm Ấy (Metal Rock),Việt Anh,,NCT,3:49,7389,https://www.nhaccuatui.com/song/6NeIeeSFl4y3
2025-11-05,34,Những Lời Hứa Bỏ Quên,Vũ.,Dear Jane,NCT,3:56,293855,https://www.nhaccuatui.com/song/cJ6lXsQLONjC
2025-11-05,35,Dù Cho Tận Thế,ERIK,,NCT,3:53,242018,https://www.nhaccuatui.com/song/szDsaurUCtvX
2025-11-05,36,GÃ SĂN CÁ,EM XINH SAY HI,"Lâm Bảo Ngọc, Quỳnh Anh Shyn, MAIQUINN, Saabirose, Quang Hùng MasterD",NCT,3:52,110372,https://www.nhaccuatui.com/song/8fBWGX9hPFRW
2025-11-05,37,ANH VUI,Phạm Kỳ,,NCT,3:17,90496,https://www.nhaccuatui.com/song/bWu6k1VPJCO6
2025-11-05,38,NGƯỜI YÊU CHƯA SINH RA,ANH TRAI SAY HI,"Ogenus, BigDaddy, Phúc Du, HUSTLANG Robber, Dillan Hoàng Phan",NCT,3:54,25388,https://www.nhaccuatui.com/song/OO3SZc0RTLlf
2025-11-05,39,Love Game,Low G,tlinh,NCT,3:19,30913,https://www.nhaccuatui.com/song/4OMvyyEPeIyr
2025-11-05,40,ẢO ẢNH,ANH TRAI SAY HI,"Vũ Cát Tường, Gill, Ryn Lee",NCT,4:22,12921,https://www.nhaccuatui.com/song/qEDID98P9dOt
2025-11-05,41,3 Bích,Pháp Kiều,tlinh,NCT,3:48,9418,https://www.nhaccuatui.com/song/d7TgzvVPug3u
2025-11-05,42,Khóa Ly Biệt,The Masked Singer,Voi Bản Đôn,NCT,5:12,345627,https://www.nhaccuatui.com/song/4TTDL1BIR4XN
2025-11-05,43,Wrong Times,Puppy,Dangrangto,NCT,3:31,173574,https://www.nhaccuatui.com/song/0lTwDzgDWI2q
2025-11-05,44,SAU CƠN SUY,RHYDER,,NCT,3:13,24469,https://www.nhaccuatui.com/song/MtzJ5wODreXj
2025-11-05,45,Buông Đôi Tay Nhau Ra,Sơn Tùng M-TP,,NCT,3:46,201886,https://www.nhaccuatui.com/song/mPjFpFGJhzko
2025-11-05,46,DẪU CÓ ĐẾN ĐÂU,ANH TRAI SAY HI,"CONGB, VƯƠNG BÌNH, Lohan, Nhâm Phương Nam",NCT,4:01,15685,https://www.nhaccuatui.com/song/lVItHIYjhTZH
2025-11-05,47,10 Mất 1 Còn Không,Lê Gia Bảo,BMZ,NCT,4:50,76308,https://www.nhaccuatui.com/song/UpxC3e4PNIa9
2025-11-05,48,Hãy Trao Cho Anh,Sơn Tùng M-TP,Snoop Dogg,NCT,4:05,926302,https://www.nhaccuatui.com/song/vtEybe9NxLw7
2025-11-05,49,Bạn Đời,Karik,GDucky,NCT,5:01,269411,https://www.nhaccuatui.com/song/mX8e5tI588ih
2025-11-05,50,một đời,14 Casper,"Bon Nghiêm, buitruonglinh",NCT,5:28,167197,https://www.nhaccuatui.com/song/ESFq1iGH8zTQ
2025-11-07,1,chẳng phải tình đầu sao đau đến thế,MIN,"Dangrangto, antransax",NCT,4:43,42042,https://www.nhaccuatui.com/song/aV6cyHFUBioS
2025-11-07,2,Anh Đã Không Biết Cách Yêu Em,Quang Đăng Trần,,NCT,4:05,127749,https://www.nhaccuatui.com/song/RjjlFp5VePzi
2025-11-07,3,Không Buông,Hngle,Ari,NCT,2:54,74936,https://www.nhaccuatui.com/song/l8cuO7N4Gx3J
2025-11-07,4,Em,Binz,,NCT,3:28,17207,https://www.nhaccuatui.com/song/9gfD7AsrzcYv
2025-11-07,5,In Love,Low G,JustaTee,NCT,3:20,23664,https://www.nhaccuatui.com/song/TfjjHnTFVTKj
2025-11-07,6,Kho Báu (with Rhymastic),STRONG,Rhymastic,NCT,3:37,136250,https://www.nhaccuatui.com/song/UV8S5HlKISf1
2025-11-07,7,ĐOẠN KỊCH CÂM,ANH TRAI SAY HI,"CONGB, Negav, B Ray, CODYNAMVO, Phạm Đình Thái Ngân, Mỹ Mỹ",NCT,4:01,8366,https://www.nhaccuatui.com/song/vdXhGFEWSIMh
2025-11-07,8,Quyền Yếu Đuối,MiiNa,"RIN9, DREAMeR",NCT,2:55,26815,https://www.nhaccuatui.com/song/cynfdsSLkJLi
2025-11-07,9,Người Đầu Tiên,Juky San,buitruonglinh,NCT,3:35,11539,https://www.nhaccuatui.com/song/oyfwO2mxFbH0
2025-11-07,10,NGƯỜI NHƯ ANH XỨNG ĐÁNG CÔ ĐƠN,ANH TRAI SAY HI,"Vũ Cát Tường, Karik, Negav, Ngô Kiến Huy, Jey B",NCT,5:16,66520,https://www.nhaccuatui.com/song/ohdUc5kDIMnJ
2025-11-07,11,Ngày Này Năm Ấy,Việt Anh,,NCT,3:59,77277,https://www.nhaccuatui.com/song/10vd0FQlcvyO
2025-11-07,12,Không Thời Gian,Dương Domic,,NCT,3:37,42386,https://www.nhaccuatui.com/song/FxoGeDuCWtSP
2025-11-07,13,HƠN LÀ BẠN,ANH TRAI SAY HI,"Ngô Kiến Huy, Vũ Cát Tường, Karik, VƯƠNG BÌNH, Sơn.K, MIN",NCT,3:47,6861,https://www.nhaccuatui.com/song/7UwInkWOWovV
2025-11-07,14,Phép Màu,MAYDAYs,Minh Tốc & Lam,NCT,4:26,206135,https://www.nhaccuatui.com/song/AHgR9rMS5pYw
2025-11-07,16,Mất Kết Nối,Dương Domic,,NCT,3:27,369855,https://www.nhaccuatui.com/song/uJ8qLJzC9wH5
2025-11-07,17,Còn Gì Đẹp Hơn (Mưa Đỏ Original Soundtrack),Nguyễn Hùng,,NCT,4:42,130224,https://www.nhaccuatui.com/song/My2LYptZ1GS5
2025-11-07,18,Panorama,Richie D. ICY,Obito,NCT,3:25,19125,https://www.nhaccuatui.com/song/SMJcVKFXYwbM
2025-11-07,19,Bình Yên,Vũ.,Binz,NCT,3:16,222242,https://www.nhaccuatui.com/song/56Um1CgCynmG
2025-11-07,20,Kho Báu,STRONG,,NCT,3:16,108348,https://www.nhaccuatui.com/song/kVt3JtCUChNI
2025-11-07,21,Nắng Dưới Chân Mây,Nguyễn Hữu Kha,,NCT,3:39,82973,https://www.nhaccuatui.com/song/F2v0Z9WBlCMV
2025-11-07,22,Nơi Này Có Anh,Sơn Tùng M-TP,,NCT,4:20,310716,https://www.nhaccuatui.com/song/JzDZ5BW4RSTI
2025-11-07,23,NGƯỜI ĐẦU TIÊN,EM XINH SAY HI,Juky San,NCT,3:52,63825,https://www.nhaccuatui.com/song/O4NyykO66w3D
2025-11-07,24,ĐA NGHI,ANH TRAI SAY HI,"Negav, Hải Nam, CODYNAMVO, Dillan Hoàng Phan",NCT,4:17,21532,https://www.nhaccuatui.com/song/N0u2OIefVcyy
2025-11-07,25,KHÔNG ĐAU NỮA RỒI,EM XINH SAY HI,"52Hz, Orange, Mỹ Mỹ, Châu Bùi, Pháp Kiều",NCT,4:51,113670,https://www.nhaccuatui.com/song/Ijo7HDYemsvo
2025-11-07,26,E Là Không Thể,Anh Quân,,NCT,5:09,184499,https://www.nhaccuatui.com/song/r27tf4MELOuA
2025-11-07,27,Ngàn Năm Ánh Sáng,Đặng Vĩnh Thịnh,BMZ,NCT,3:34,54667,https://www.nhaccuatui.com/song/xnhwlEUv6mPq
2025-11-07,28,Em Không Cần,Hannie,,NCT,4:10,11228,https://www.nhaccuatui.com/song/2nAn8W8IgHVH
2025-11-07,29,Âm Thầm Bên Em,Sơn Tùng M-TP,,NCT,4:51,293761,https://www.nhaccuatui.com/song/Sttn5Z5WPKPR
2025-11-07,30,HERMOSA,ANH TRAI SAY HI,"Sơn.K, buitruonglinh, Tez, Mason Nguyen, CONGB",NCT,4:06,30645,https://www.nhaccuatui.com/song/YDxQbcF2YuCl
2025-11-07,31,Giờ Thì,buitruonglinh,,NCT,3:54,162244,https://www.nhaccuatui.com/song/dyHwNKu52bax
2025-11-07,32,Ngày Này Năm Ấy (Metal Rock),Việt Anh,,NCT,3:49,7783,https://www.nhaccuatui.com/song/6NeIeeSFl4y3
2025-11-07,33,Nắng Ấm Trong Tim,Duongg,Dadeon,NCT,4:08,10170,https://www.nhaccuatui.com/song/4dPxo73rYIvn
2025-11-07,34,Những Lời Hứa Bỏ Quên,Vũ.,Dear Jane,NCT,3:56,294032,https://www.nhaccuatui.com/song/cJ6lXsQLONjC
2025-11-07,35,Dù Cho Tận Thế,ERIK,,NCT,3:53,242153,https://www.nhaccuatui.com/song/szDsaurUCtvX
2025-11-07,36,MAKE UP,ANH TRAI SAY HI,"Dillan Hoàng Phan, buitruonglinh, Đỗ Nam Sơn, Lohan, Ryn Lee, Bảo Thy",NCT,4:18,4407,https://www.nhaccuatui.com/song/qWmc2x35NHEk
2025-11-07,37,Love Game,Low G,tlinh,NCT,3:19,31134,https://www.nhaccuatui.com/song/4OMvyyEPeIyr
2025-11-07,38,ANH VUI,Phạm Kỳ,,NCT,3:17,90656,https://www.nhaccuatui.com/song/bWu6k1VPJCO6
2025-11-07,39,GÃ SĂN CÁ,EM XINH SAY HI,"Lâm Bảo Ngọc, Quỳnh Anh Shyn, MAIQUINN, Saabirose, Quang Hùng MasterD",NCT,3:52,110518,https://www.nhaccuatui.com/song/8fBWGX9hPFRW
2025-11-07,40,NGƯỜI YÊU CHƯA SINH RA,ANH TRAI SAY HI,"Ogenus, BigDaddy, Phúc Du, HUSTLANG Robber, Dillan Hoàng Phan",NCT,3:54,25624,https://www.nhaccuatui.com/song/OO3SZc0RTLlf
2025-11-07,41,Khóa Ly Biệt,The Masked Singer,Voi Bản Đôn,NCT,5:12,345776,https://www.nhaccuatui.com/song/4TTDL1BIR4XN
2025-11-07,42,Wrong Times,Puppy,Dangrangto,NCT,3:31,173699,https://www.nhaccuatui.com/song/0lTwDzgDWI2q
2025-11-07,43,SAU CƠN SUY,RHYDER,,NCT,3:13,24680,https://www.nhaccuatui.com/song/MtzJ5wODreXj
2025-11-07,44,3 Bích,Pháp Kiều,tlinh,NCT,3:48,9690,https://www.nhaccuatui.com/song/d7TgzvVPug3u
2025-11-07,45,Buông Đôi Tay Nhau Ra,Sơn Tùng M-TP,,NCT,3:46,202053,https://www.nhaccuatui.com/song/mPjFpFGJhzko
2025-11-07,46,Hãy Trao Cho Anh,Sơn Tùng M-TP,Snoop Dogg,NCT,4:05,926426,https://www.nhaccuatui.com/song/vtEybe9NxLw7
2025-11-07,47,DẪU CÓ ĐẾN ĐÂU,ANH TRAI SAY HI,"CONGB, VƯƠNG BÌNH, Lohan, Nhâm Phương Nam",NCT,4:01,15879,https://www.nhaccuatui.com/song/lVItHIYjhTZH
2025-11-07,48,một đời,14 Casper,"Bon Nghiêm, buitruonglinh",NCT,5:28,167372,https://www.nhaccuatui.com/song/ESFq1iGH8zTQ
2025-11-07,49,10 Mất 1 Còn Không,Lê Gia Bảo,BMZ,NCT,4:50,76455,https://www.nhaccuatui.com/song/UpxC3e4PNIa9
2025-11-07,50,Bạn Đời,Karik,GDucky,NCT,5:01,269518,https://www.nhaccuatui.com/song/mX8e5tI588ih
2025-11-07,1,chẳng phải tình đầu sao đau đến thế,MIN,"Dangrangto, antransax",NCT,4:43,42077,https://www.nhaccuatui.com/song/aV6cyHFUBioS
2025-11-07,2,Anh Đã Không Biết Cách Yêu Em,Quang Đăng Trần,,NCT,4:05,127774,https://www.nhaccuatui.com/song/RjjlFp5VePzi
2025-11-07,3,Không Buông,Hngle,Ari,NCT,2:54,74954,https://www.nhaccuatui.com/song/l8cuO7N4Gx3J
2025-11-07,4,Em,Binz,,NCT,3:28,17222,https://www.nhaccuatui.com/song/9gfD7AsrzcYv
2025-11-07,5,In Love,Low G,JustaTee,NCT,3:20,23679,https://www.nhaccuatui.com/song/TfjjHnTFVTKj
2025-11-07,6,Kho Báu (with Rhymastic),STRONG,Rhymastic,NCT,3:37,136259,https://www.nhaccuatui.com/song/UV8S5HlKISf1
2025-11-07,7,ĐOẠN KỊCH CÂM,ANH TRAI SAY HI,"CONGB, Negav, B Ray, CODYNAMVO, Phạm Đình Thái Ngân, Mỹ Mỹ",NCT,4:01,8377,https://www.nhaccuatui.com/song/vdXhGFEWSIMh
2025-11-07,8,Quyền Yếu Đuối,MiiNa,"RIN9, DREAMeR",NCT,2:55,26831,https://www.nhaccuatui.com/song/cynfdsSLkJLi
2025-11-07,9,Người Đầu Tiên,Juky San,buitruonglinh,NCT,3:35,11562,https://www.nhaccuatui.com/song/oyfwO2mxFbH0
2025-11-07,10,NGƯỜI NHƯ ANH XỨNG ĐÁNG CÔ ĐƠN,ANH TRAI SAY HI,"Vũ Cát Tường, Karik, Negav, Ngô Kiến Huy, Jey B",NCT,5:16,66524,https://www.nhaccuatui.com/song/ohdUc5kDIMnJ
2025-11-07,11,Ngày Này Năm Ấy,Việt Anh,,NCT,3:59,77280,https://www.nhaccuatui.com/song/10vd0FQlcvyO
2025-11-07,12,Không Thời Gian,Dương Domic,,NCT,3:37,42397,https://www.nhaccuatui.com/song/FxoGeDuCWtSP
2025-11-07,13,HƠN LÀ BẠN,ANH TRAI SAY HI,"Ngô Kiến Huy, Vũ Cát Tường, Karik, VƯƠNG BÌNH, Sơn.K, MIN",NCT,3:47,6871,https://www.nhaccuatui.com/song/7UwInkWOWovV
2025-11-07,14,Phép Màu,MAYDAYs,"Minh Tốc, Lam",NCT,4:26,206138,https://www.nhaccuatui.com/song/AHgR9rMS5pYw
2025-11-07,16,Mất Kết Nối,Dương Domic,,NCT,3:27,369859,https://www.nhaccuatui.com/song/uJ8qLJzC9wH5
2025-11-07,17,Còn Gì Đẹp Hơn (Mưa Đỏ Original Soundtrack),Nguyễn Hùng,,NCT,4:42,130227,https://www.nhaccuatui.com/song/My2LYptZ1GS5
2025-11-07,18,Panorama,Richie D. ICY,Obito,NCT,3:25,19127,https://www.nhaccuatui.com/song/SMJcVKFXYwbM
2025-11-07,19,Bình Yên,Vũ.,Binz,NCT,3:16,222245,https://www.nhaccuatui.com/song/56Um1CgCynmG
2025-11-07,20,Kho Báu,STRONG,,NCT,3:16,108351,https://www.nhaccuatui.com/song/kVt3JtCUChNI
2025-11-07,21,Nắng Dưới Chân Mây,Nguyễn Hữu Kha,,NCT,3:39,82980,https://www.nhaccuatui.com/song/F2v0Z9WBlCMV
2025-11-07,22,Nơi Này Có Anh,Sơn Tùng M-TP,,NCT,4:20,310720,https://www.nhaccuatui.com/song/JzDZ5BW4RSTI
2025-11-07,23,NGƯỜI ĐẦU TIÊN,EM XINH SAY HI,Juky San,NCT,3:52,63828,https://www.nhaccuatui.com/song/O4NyykO66w3D
2025-11-07,24,ĐA NGHI,ANH TRAI SAY HI,"Negav, Hải Nam, CODYNAMVO, Dillan Hoàng Phan",NCT,4:17,21534,https://www.nhaccuatui.com/song/N0u2OIefVcyy
2025-11-07,25,KHÔNG ĐAU NỮA RỒI,EM XINH SAY HI,"52Hz, Orange, Mỹ Mỹ, Châu Bùi, Pháp Kiều",NCT,4:51,113671,https://www.nhaccuatui.com/song/Ijo7HDYemsvo
2025-11-07,26,E Là Không Thể,Anh Quân,,NCT,5:09,184504,https://www.nhaccuatui.com/song/r27tf4MELOuA
2025-11-07,27,Ngàn Năm Ánh Sáng,Đặng Vĩnh Thịnh,BMZ,NCT,3:34,54674,https://www.nhaccuatui.com/song/xnhwlEUv6mPq
2025-11-07,28,Em Không Cần,Hannie,,NCT,4:10,11230,https://www.nhaccuatui.com/song/2nAn8W8IgHVH
2025-11-07,29,Âm Thầm Bên Em,Sơn Tùng M-TP,,NCT,4:51,293765,https://www.nhaccuatui.com/song/Sttn5Z5WPKPR
2025-11-07,30,HERMOSA,ANH TRAI SAY HI,"Sơn.K, buitruonglinh, Tez, Mason Nguyen, CONGB",NCT,4:06,30649,https://www.nhaccuatui.com/song/YDxQbcF2YuCl
2025-11-07,31,Giờ Thì,buitruonglinh,,NCT,3:54,162246,https://www.nhaccuatui.com/song/dyHwNKu52bax
2025-11-07,32,Ngày Này Năm Ấy (Metal Rock),Việt Anh,,NCT,3:49,7788,https://www.nhaccuatui.com/song/6NeIeeSFl4y3
2025-11-07,33,Nắng Ấm Trong Tim,Duongg,Dadeon,NCT,4:08,10179,https://www.nhaccuatui.com/song/4dPxo73rYIvn
2025-11-07,34,Những Lời Hứa Bỏ Quên,Vũ.,Dear Jane,NCT,3:56,294034,https://www.nhaccuatui.com/song/cJ6lXsQLONjC
2025-11-07,35,Dù Cho Tận Thế,ERIK,,NCT,3:53,242157,https://www.nhaccuatui.com/song/szDsaurUCtvX
2025-11-07,36,MAKE UP,ANH TRAI SAY HI,"Dillan Hoàng Phan, buitruonglinh, Đỗ Nam Sơn, Lohan, Ryn Lee, Bảo Thy",NCT,4:18,4411,https://www.nhaccuatui.com/song/qWmc2x35NHEk
2025-11-07,37,Love Game,Low G,tlinh,NCT,3:19,31135,https://www.nhaccuatui.com/song/4OMvyyEPeIyr
2025-11-07,38,ANH VUI,Phạm Kỳ,,NCT,3:17,90660,https://www.nhaccuatui.com/song/bWu6k1VPJCO6
2025-11-07,39,GÃ SĂN CÁ,EM XINH SAY HI,"Lâm Bảo Ngọc, Quỳnh Anh Shyn, MAIQUINN, Saabirose, Quang Hùng MasterD",NCT,3:52,110522,https://www.nhaccuatui.com/song/8fBWGX9hPFRW
2025-11-07,40,NGƯỜI YÊU CHƯA SINH RA,ANH TRAI SAY HI,"Ogenus, BigDaddy, Phúc Du, HUSTLANG Robber, Dillan Hoàng Phan",NCT,3:54,25626,https://www.nhaccuatui.com/song/OO3SZc0RTLlf
2025-11-07,41,Khóa Ly Biệt,The Masked Singer,Voi Bản Đôn,NCT,5:12,345779,https://www.nhaccuatui.com/song/4TTDL1BIR4XN
2025-11-07,42,Wrong Times,Puppy,Dangrangto,NCT,3:31,173700,https://www.nhaccuatui.com/song/0lTwDzgDWI2q
2025-11-07,43,SAU CƠN SUY,RHYDER,,NCT,3:13,24685,https://www.nhaccuatui.com/song/MtzJ5wODreXj
2025-11-07,44,3 Bích,Pháp Kiều,tlinh,NCT,3:48,9694,https://www.nhaccuatui.com/song/d7TgzvVPug3u
2025-11-07,45,Buông Đôi Tay Nhau Ra,Sơn Tùng M-TP,,NCT,3:46,202056,https://www.nhaccuatui.com/song/mPjFpFGJhzko
2025-11-07,46,Hãy Trao Cho Anh,Sơn Tùng M-TP,Snoop Dogg,NCT,4:05,926427,https://www.nhaccuatui.com/song/vtEybe9NxLw7
2025-11-07,47,DẪU CÓ ĐẾN ĐÂU,ANH TRAI SAY HI,"CONGB, VƯƠNG BÌNH, Lohan, Nhâm Phương Nam",NCT,4:01,15880,https://www.nhaccuatui.com/song/lVItHIYjhTZH
2025-11-07,48,một đời,14 Casper,"Bon Nghiêm, buitruonglinh",NCT,5:28,167374,https://www.nhaccuatui.com/song/ESFq1iGH8zTQ
2025-11-07,49,10 Mất 1 Còn Không,Lê Gia Bảo,BMZ,NCT,4:50,76458,https://www.nhaccuatui.com/song/UpxC3e4PNIa9
2025-11-07,50,Bạn Đời,Karik,GDucky,NCT,5:01,269517,https://www.nhaccuatui.com/song/mX8e5tI588ih
2025-11-11,1,chẳng phải tình đầu sao đau đến thế,MIN,"Dangrangto, antransax",NCT,04:43,51438,https://www.nhaccuatui.com/song/aV6cyHFUBioS
2025-11-11,2,Anh Đã Không Biết Cách Yêu Em,Quang Đăng Trần,,NCT,04:05,132433,https://www.nhaccuatui.com/song/RjjlFp5VePzi
2025-11-11,3,Không Buông,Hngle,Ari,NCT,02:54,78971,https://www.nhaccuatui.com/song/l8cuO7N4Gx3J
2025-11-11,4,Em,Binz,,NCT,03:28,21712,https://www.nhaccuatui.com/song/9gfD7AsrzcYv
2025-11-11,5,Kho Báu,STRONG,Rhymastic,NCT,03:37,138837,https://www.nhaccuatui.com/song/UV8S5HlKISf1
2025-11-11,6,In Love,Low G,JustaTee,NCT,03:20,27477,https://www.nhaccuatui.com/song/TfjjHnTFVTKj
2025-11-11,7,Người Đầu Tiên,Juky San,buitruonglinh,NCT,03:35,18117,https://www.nhaccuatui.com/song/oyfwO2mxFbH0
2025-11-11,8,ĐOẠN KỊCH CÂM,ANH TRAI SAY HI,"CONGB, Negav, B Ray, CODYNAMVO, Phạm Đình Thái Ngân, Mỹ Mỹ",NCT,04:01,14291,https://www.nhaccuatui.com/song/vdXhGFEWSIMh
2025-11-11,9,Quyền Yếu Đuối,MiiNa,"RIN9, DREAMeR",NCT,02:55,30578,https://www.nhaccuatui.com/song/cynfdsSLkJLi
2025-11-11,10,NGƯỜI NHƯ ANH XỨNG ĐÁNG CÔ ĐƠN,ANH TRAI SAY HI,"Vũ Cát Tường, Karik, Negav, Ngô Kiến Huy, Jey B",NCT,05:16,68707,https://www.nhaccuatui.com/song/ohdUc5kDIMnJ
2025-11-11,11,Ngày Này Năm Ấy,Việt Anh,,NCT,03:59,79839,https://www.nhaccuatui.com/song/10vd0FQlcvyO
2025-11-11,12,Không Thời Gian,Dương Domic,,NCT,03:37,45033,https://www.nhaccuatui.com/song/FxoGeDuCWtSP
2025-11-11,13,Phép Màu,MAYDAYs,Minh Tốc & Lam,NCT,04:26,207956,https://www.nhaccuatui.com/song/AHgR9rMS5pYw
2025-11-11,15,HƠN LÀ BẠN,ANH TRAI SAY HI,"Ngô Kiến Huy, Vũ Cát Tường, Karik, VƯƠNG BÌNH, Sơn.K, MIN",NCT,03:47,11231,https://www.nhaccuatui.com/song/7UwInkWOWovV
2025-11-11,16,Mất Kết Nối,Dương Domic,,NCT,03:27,371021,https://www.nhaccuatui.com/song/uJ8qLJzC9wH5
2025-11-11,17,Còn Gì Đẹp Hơn (Mưa Đỏ Original Soundtrack),Nguyễn Hùng,,NCT,04:42,131299,https://www.nhaccuatui.com/song/My2LYptZ1GS5
2025-11-11,18,Bình Yên,Vũ.,Binz,NCT,03:16,223670,https://www.nhaccuatui.com/song/56Um1CgCynmG
2025-11-11,19,Nắng Dưới Chân Mây,Nguyễn Hữu Kha,,NCT,03:39,84435,https://www.nhaccuatui.com/song/F2v0Z9WBlCMV
2025-11-11,20,Panorama,Richie D. ICY,Obito,NCT,03:25,20364,https://www.nhaccuatui.com/song/SMJcVKFXYwbM
2025-11-11,21,Nơi Này Có Anh,Sơn Tùng M-TP,,NCT,04:20,312152,https://www.nhaccuatui.com/song/JzDZ5BW4RSTI
2025-11-11,22,E Là Không Thể,Anh Quân,,NCT,05:09,185975,https://www.nhaccuatui.com/song/r27tf4MELOuA
2025-11-11,23,Em Không Cần,Hannie,,NCT,04:10,13332,https://www.nhaccuatui.com/song/2nAn8W8IgHVH
2025-11-11,24,KHÔNG ĐAU NỮA RỒI,EM XINH SAY HI,"Orange, Châu Bùi, Mỹ Mỹ, Pháp Kiều, 52Hz",NCT,04:51,114852,https://www.nhaccuatui.com/song/Ijo7HDYemsvo
2025-11-11,25,Kho Báu,STRONG,,NCT,03:16,109107,https://www.nhaccuatui.com/song/kVt3JtCUChNI
2025-11-11,26,Ngàn Năm Ánh Sáng,Đặng Vĩnh Thịnh,BMZ,NCT,03:34,56399,https://www.nhaccuatui.com/song/xnhwlEUv6mPq
2025-11-11,27,NGƯỜI ĐẦU TIÊN,EM XINH SAY HI,Juky San,NCT,03:52,65065,https://www.nhaccuatui.com/song/O4NyykO66w3D
2025-11-11,28,Giờ Thì,buitruonglinh,,NCT,03:54,163460,https://www.nhaccuatui.com/song/dyHwNKu52bax
2025-11-11,29,Âm Thầm Bên Em,Sơn Tùng M-TP,,NCT,04:51,294980,https://www.nhaccuatui.com/song/Sttn5Z5WPKPR
2025-11-11,30,HERMOSA,ANH TRAI SAY HI,"Sơn.K, buitruonglinh, Tez, Mason Nguyen, CONGB",NCT,04:06,32017,https://www.nhaccuatui.com/song/YDxQbcF2YuCl
2025-11-11,31,Những Lời Hứa Bỏ Quên,Vũ.,Dear Jane,NCT,03:56,295080,https://www.nhaccuatui.com/song/cJ6lXsQLONjC
2025-11-11,32,ĐA NGHI,ANH TRAI SAY HI,"Negav, Hải Nam, CODYNAMVO, Dillan Hoàng Phan",NCT,04:17,23050,https://www.nhaccuatui.com/song/N0u2OIefVcyy
2025-11-11,33,Ngày Này Năm Ấy (Metal Rock),Việt Anh,,NCT,03:49,9902,https://www.nhaccuatui.com/song/6NeIeeSFl4y3
2025-11-11,34,Dù Cho Tận Thế,ERIK,,NCT,03:53,242922,https://www.nhaccuatui.com/song/szDsaurUCtvX
2025-11-11,35,Nắng Ấm Trong Tim,Duongg,Dadeon,NCT,04:08,12635,https://www.nhaccuatui.com/song/4dPxo73rYIvn
2025-11-11,36,GÃ SĂN CÁ,EM XINH SAY HI,"Lâm Bảo Ngọc, Quỳnh Anh Shyn, MAIQUINN, Saabirose, Quang Hùng MasterD",NCT,03:52,111370,https://www.nhaccuatui.com/song/8fBWGX9hPFRW
2025-11-11,37,ANH VUI,Phạm Kỳ,,NCT,03:17,91521,https://www.nhaccuatui.com/song/bWu6k1VPJCO6
2025-11-11,38,Love Game,Low G,tlinh,NCT,03:19,32259,https://www.nhaccuatui.com/song/4OMvyyEPeIyr
2025-11-11,39,Khóa Ly Biệt,The Masked Singer,Voi Bản Đôn,NCT,05:12,346626,https://www.nhaccuatui.com/song/4TTDL1BIR4XN
2025-11-11,40,NGƯỜI YÊU CHƯA SINH RA,ANH TRAI SAY HI,"Ogenus, BigDaddy, Phúc Du, HUSTLANG Robber, Dillan Hoàng Phan",NCT,03:54,26927,https://www.nhaccuatui.com/song/OO3SZc0RTLlf
2025-11-11,41,Hãy Trao Cho Anh,Sơn Tùng M-TP,Snoop Dogg,NCT,04:05,927251,https://www.nhaccuatui.com/song/vtEybe9NxLw7
2025-11-11,42,Quyền Yếu Đuối (Piano Version),MiiNa,"RIN9, DREAMeR",NCT,02:54,10702,https://www.nhaccuatui.com/song/avVHFbSNKpGb
2025-11-11,43,Wrong Times,Puppy,Dangrangto,NCT,03:31,174427,https://www.nhaccuatui.com/song/0lTwDzgDWI2q
2025-11-11,44,SAU CƠN SUY,RHYDER,,NCT,03:13,25783,https://www.nhaccuatui.com/song/MtzJ5wODreXj
2025-11-11,45,Bạn Đời,Karik,GDucky,NCT,05:01,270256,https://www.nhaccuatui.com/song/mX8e5tI588ih
2025-11-11,46,một đời,14 Casper,"Bon Nghiêm, buitruonglinh",NCT,05:28,168514,https://www.nhaccuatui.com/song/ESFq1iGH8zTQ
2025-11-11,47,10 Mất 1 Còn Không,Lê Gia Bảo,BMZ,NCT,04:50,77473,https://www.nhaccuatui.com/song/UpxC3e4PNIa9
2025-11-11,48,MAKE UP,ANH TRAI SAY HI,"Dillan Hoàng Phan, buitruonglinh, Đỗ Nam Sơn, Lohan, Ryn Lee, Bảo Thy",NCT,04:18,6636,https://www.nhaccuatui.com/song/qWmc2x35NHEk
2025-11-11,49,Buông Đôi Tay Nhau Ra,Sơn Tùng M-TP,,NCT,03:46,203109,https://www.nhaccuatui.com/song/mPjFpFGJhzko
2025-11-11,50,DẪU CÓ ĐẾN ĐÂU,ANH TRAI SAY HI,"CONGB, VƯƠNG BÌNH, Lohan, Nhâm Phương Nam",NCT,04:01,16992,https://www.nhaccuatui.com/song/lVItHIYjhTZH
2025-11-12,1,chẳng phải tình đầu sao đau đến thế,MIN,"Dangrangto, antransax",NCT,04:43,51417,https://www.nhaccuatui.com/song/aV6cyHFUBioS
2025-11-12,2,Anh Đã Không Biết Cách Yêu Em,Quang Đăng Trần,,NCT,04:05,132431,https://www.nhaccuatui.com/song/RjjlFp5VePzi
2025-11-12,3,Không Buông,Hngle,Ari,NCT,02:54,78964,https://www.nhaccuatui.com/song/l8cuO7N4Gx3J
2025-11-12,4,Kho Báu,STRONG,Rhymastic,NCT,03:37,138830,https://www.nhaccuatui.com/song/UV8S5HlKISf1
2025-11-12,5,Em,Binz,,NCT,03:28,21704,https://www.nhaccuatui.com/song/9gfD7AsrzcYv
2025-11-12,6,In Love,Low G,JustaTee,NCT,03:20,27468,https://www.nhaccuatui.com/song/TfjjHnTFVTKj
2025-11-12,7,ĐOẠN KỊCH CÂM,ANH TRAI SAY HI,"CONGB, Negav, B Ray, CODYNAMVO, Phạm Đình Thái Ngân, Mỹ Mỹ",NCT,04:01,14278,https://www.nhaccuatui.com/song/vdXhGFEWSIMh
2025-11-12,8,Người Đầu Tiên,Juky San,buitruonglinh,NCT,03:35,18104,https://www.nhaccuatui.com/song/oyfwO2mxFbH0
2025-11-12,9,Quyền Yếu Đuối,MiiNa,"RIN9, DREAMeR",NCT,02:55,30570,https://www.nhaccuatui.com/song/cynfdsSLkJLi
2025-11-12,10,NGƯỜI NHƯ ANH XỨNG ĐÁNG CÔ ĐƠN,ANH TRAI SAY HI,"Vũ Cát Tường, Karik, Negav, Ngô Kiến Huy, Jey B",NCT,05:16,68705,https://www.nhaccuatui.com/song/ohdUc5kDIMnJ
2025-11-12,11,Ngày Này Năm Ấy,Việt Anh,,NCT,03:59,79832,https://www.nhaccuatui.com/song/10vd0FQlcvyO
2025-11-12,12,Không Thời Gian,Dương Domic,,NCT,03:37,45022,https://www.nhaccuatui.com/song/FxoGeDuCWtSP
2025-11-12,14,Mất Kết Nối,Dương Domic,,NCT,03:27,371022,https://www.nhaccuatui.com/song/uJ8qLJzC9wH5
2025-11-12,15,Phép Màu,MAYDAYs,Minh Tốc & Lam,NCT,04:26,207952,https://www.nhaccuatui.com/song/AHgR9rMS5pYw
2025-11-12,16,HƠN LÀ BẠN,ANH TRAI SAY HI,"Ngô Kiến Huy, Vũ Cát Tường, Karik, VƯƠNG BÌNH, Sơn.K, MIN",NCT,03:47,11220,https://www.nhaccuatui.com/song/7UwInkWOWovV
2025-11-12,17,Còn Gì Đẹp Hơn (Mưa Đỏ Original Soundtrack),Nguyễn Hùng,,NCT,04:42,131297,https://www.nhaccuatui.com/song/My2LYptZ1GS5
2025-11-12,18,Bình Yên,Vũ.,Binz,NCT,03:16,223668,https://www.nhaccuatui.com/song/56Um1CgCynmG
2025-11-12,19,Nắng Dưới Chân Mây,Nguyễn Hữu Kha,,NCT,03:39,84433,https://www.nhaccuatui.com/song/F2v0Z9WBlCMV
2025-11-12,20,Nơi Này Có Anh,Sơn Tùng M-TP,,NCT,04:20,312150,https://www.nhaccuatui.com/song/JzDZ5BW4RSTI
2025-11-12,21,Kho Báu,STRONG,,NCT,03:16,109106,https://www.nhaccuatui.com/song/kVt3JtCUChNI
2025-11-12,22,Panorama,Richie D. ICY,Obito,NCT,03:25,20363,https://www.nhaccuatui.com/song/SMJcVKFXYwbM
2025-11-12,23,Em Không Cần,Hannie,,NCT,04:10,13330,https://www.nhaccuatui.com/song/2nAn8W8IgHVH
2025-11-12,24,Ngàn Năm Ánh Sáng,Đặng Vĩnh Thịnh,BMZ,NCT,03:34,56399,https://www.nhaccuatui.com/song/xnhwlEUv6mPq
2025-11-12,25,E Là Không Thể,Anh Quân,,NCT,05:09,185973,https://www.nhaccuatui.com/song/r27tf4MELOuA
2025-11-12,26,KHÔNG ĐAU NỮA RỒI,EM XINH SAY HI,"Orange, Châu Bùi, Mỹ Mỹ, Pháp Kiều, 52Hz",NCT,04:51,114853,https://www.nhaccuatui.com/song/Ijo7HDYemsvo
2025-11-12,27,Giờ Thì,buitruonglinh,,NCT,03:54,163456,https://www.nhaccuatui.com/song/dyHwNKu52bax
2025-11-12,28,Âm Thầm Bên Em,Sơn Tùng M-TP,,NCT,04:51,294974,https://www.nhaccuatui.com/song/Sttn5Z5WPKPR
2025-11-12,29,NGƯỜI ĐẦU TIÊN,EM XINH SAY HI,Juky San,NCT,03:52,65055,https://www.nhaccuatui.com/song/O4NyykO66w3D
2025-11-12,30,HERMOSA,ANH TRAI SAY HI,"Sơn.K, buitruonglinh, Tez, Mason Nguyen, CONGB",NCT,04:06,32016,https://www.nhaccuatui.com/song/YDxQbcF2YuCl
2025-11-12,31,Những Lời Hứa Bỏ Quên,Vũ.,Dear Jane,NCT,03:56,295076,https://www.nhaccuatui.com/song/cJ6lXsQLONjC
2025-11-12,32,Ngày Này Năm Ấy (Metal Rock),Việt Anh,,NCT,03:49,9895,https://www.nhaccuatui.com/song/6NeIeeSFl4y3
2025-11-12,33,Dù Cho Tận Thế,ERIK,,NCT,03:53,242919,https://www.nhaccuatui.com/song/szDsaurUCtvX
2025-11-12,34,Hãy Trao Cho Anh,Sơn Tùng M-TP,Snoop Dogg,NCT,04:05,927250,https://www.nhaccuatui.com/song/vtEybe9NxLw7
2025-11-12,35,Nắng Ấm Trong Tim,Duongg,Dadeon,NCT,04:08,12629,https://www.nhaccuatui.com/song/4dPxo73rYIvn
2025-11-12,36,SỚM MUỘN THÌ,ANH TRAI SAY HI,"Hustlang Robber, Nhâm Phương Nam, Mason Nguyen, Jaysonlei, Khoi Vu, LAMOON",NCT,05:20,5589,https://www.nhaccuatui.com/song/ZGqkPWpPCsBH
2025-11-12,37,ĐA NGHI,ANH TRAI SAY HI,"Negav, Hải Nam, CODYNAMVO, Dillan Hoàng Phan",NCT,04:17,23047,https://www.nhaccuatui.com/song/N0u2OIefVcyy
2025-11-12,38,Quyền Yếu Đuối (Piano Version),MiiNa,"RIN9, DREAMeR",NCT,02:54,10696,https://www.nhaccuatui.com/song/avVHFbSNKpGb
2025-11-12,39,ANH VUI,Phạm Kỳ,,NCT,03:17,91520,https://www.nhaccuatui.com/song/bWu6k1VPJCO6
2025-11-12,40,Khóa Ly Biệt,The Masked Singer,Voi Bản Đôn,NCT,05:12,346625,https://www.nhaccuatui.com/song/4TTDL1BIR4XN
2025-11-12,41,GÃ SĂN CÁ,EM XINH SAY HI,"Lâm Bảo Ngọc, Quỳnh Anh Shyn, MAIQUINN, Saabirose, Quang Hùng MasterD",NCT,03:52,111370,https://www.nhaccuatui.com/song/8fBWGX9hPFRW
2025-11-12,42,Love Game,Low G,tlinh,NCT,03:19,32257,https://www.nhaccuatui.com/song/4OMvyyEPeIyr
2025-11-12,43,NGƯỜI YÊU CHƯA SINH RA,ANH TRAI SAY HI,"Ogenus, BigDaddy, Phúc Du, HUSTLANG Robber, Dillan Hoàng Phan",NCT,03:54,26922,https://www.nhaccuatui.com/song/OO3SZc0RTLlf
2025-11-12,44,Wrong Times,Puppy,Dangrangto,NCT,03:31,174424,https://www.nhaccuatui.com/song/0lTwDzgDWI2q
2025-11-12,45,Buông Đôi Tay Nhau Ra,Sơn Tùng M-TP,,NCT,03:46,203107,https://www.nhaccuatui.com/song/mPjFpFGJhzko
2025-11-12,46,10 Mất 1 Còn Không,Lê Gia Bảo,BMZ,NCT,04:50,77472,https://www.nhaccuatui.com/song/UpxC3e4PNIa9
2025-11-12,47,một đời,14 Casper,"Bon Nghiêm, buitruonglinh",NCT,05:28,168513,https://www.nhaccuatui.com/song/ESFq1iGH8zTQ
2025-11-12,48,SAU CƠN SUY,RHYDER,,NCT,03:13,25784,https://www.nhaccuatui.com/song/MtzJ5wODreXj
2025-11-12,49,Bạn Đời,Karik,GDucky,NCT,05:01,270255,https://www.nhaccuatui.com/song/mX8e5tI588ih
2025-11-12,50,MAKE UP,ANH TRAI SAY HI,"Dillan Hoàng Phan, buitruonglinh, Đỗ Nam Sơn, Lohan, Ryn Lee, Bảo Thy",NCT,04:18,6632,https://www.nhaccuatui.com/song/qWmc2x35NHEk
2025-11-13,1,chẳng phải tình đầu sao đau đến thế,MIN,"Dangrangto, antransax",NCT,04:43,52950,https://www.nhaccuatui.com/song/aV6cyHFUBioS
2025-11-13,2,SỚM MUỘN THÌ,ANH TRAI SAY HI,"Hustlang Robber, Nhâm Phương Nam, Mason nguyen, Jaysonlei, Khoi Vu, LAMOON",NCT,05:20,8771,https://www.nhaccuatui.com/song/ZGqkPWpPCsBH
2025-11-13,3,Anh Đã Không Biết Cách Yêu Em,Quang Đăng Trần,,NCT,04:05,133254,https://www.nhaccuatui.com/song/RjjlFp5VePzi
2025-11-13,4,Không Buông,Hngle,Ari,NCT,02:54,79674,https://www.nhaccuatui.com/song/l8cuO7N4Gx3J
2025-11-13,5,Người Đầu Tiên,Juky San,buitruonglinh,NCT,03:35,19219,https://www.nhaccuatui.com/song/oyfwO2mxFbH0
2025-11-13,6,Kho Báu,STRONG,Rhymastic,NCT,03:37,139356,https://www.nhaccuatui.com/song/UV8S5HlKISf1
2025-11-13,7,Em,Binz,,NCT,03:28,22294,https://www.nhaccuatui.com/song/9gfD7AsrzcYv
2025-11-13,8,In Love,Low G,JustaTee,NCT,03:20,28048,https://www.nhaccuatui.com/song/TfjjHnTFVTKj
2025-11-13,9,ĐOẠN KỊCH CÂM,ANH TRAI SAY HI,"CONGB, Negav, B Ray, CODYNAMVO, Phạm Đình Thái Ngân, Mỹ Mỹ",NCT,04:01,15133,https://www.nhaccuatui.com/song/vdXhGFEWSIMh
2025-11-13,11,NGƯỜI NHƯ ANH XỨNG ĐÁNG CÔ ĐƠN,ANH TRAI SAY HI,"Vũ Cát Tường, Karik, Negav, Ngô Kiến Huy, Jey B",NCT,05:16,69080,https://www.nhaccuatui.com/song/ohdUc5kDIMnJ
2025-11-13,12,Ngày Này Năm Ấy,Việt Anh,,NCT,03:59,80275,https://www.nhaccuatui.com/song/10vd0FQlcvyO
2025-11-13,13,Quyền Yếu Đuối,MiiNa,"RIN9, DREAMeR",NCT,02:55,31215,https://www.nhaccuatui.com/song/cynfdsSLkJLi
2025-11-13,14,Mục Hạ Vô Nhân,SOOBIN,"Binz, NSND Huỳnh Tú",NCT,03:21,1997,https://www.nhaccuatui.com/song/8L4wbxWo9ag1
2025-11-13,15,Không Thời Gian,Dương Domic,,NCT,03:37,45478,https://www.nhaccuatui.com/song/FxoGeDuCWtSP
2025-11-13,16,Phép Màu,MAYDAYs,Minh Tốc & Lam,NCT,04:26,208290,https://www.nhaccuatui.com/song/AHgR9rMS5pYw
2025-11-13,17,Mất Kết Nối,Dương Domic,,NCT,03:27,371244,https://www.nhaccuatui.com/song/uJ8qLJzC9wH5
2025-11-13,18,HƠN LÀ BẠN,ANH TRAI SAY HI,"Ngô Kiến Huy, Vũ Cát Tường, Karik, VƯƠNG BÌNH, Sơn.K, MIN",NCT,03:47,11794,https://www.nhaccuatui.com/song/7UwInkWOWovV
2025-11-13,19,Còn Gì Đẹp Hơn (Mưa Đỏ Original Soundtrack),Nguyễn Hùng,,NCT,04:42,131500,https://www.nhaccuatui.com/song/My2LYptZ1GS5
2025-11-13,20,Nơi Này Có Anh,Sơn Tùng M-TP,,NCT,04:20,312433,https://www.nhaccuatui.com/song/JzDZ5BW4RSTI
2025-11-13,21,Bình Yên,Vũ.,Binz,NCT,03:16,223928,https://www.nhaccuatui.com/song/56Um1CgCynmG
2025-11-13,22,Nắng Dưới Chân Mây,Nguyễn Hữu Kha,,NCT,03:39,84693,https://www.nhaccuatui.com/song/F2v0Z9WBlCMV
2025-11-13,23,E Là Không Thể,Anh Quân,,NCT,05:09,186252,https://www.nhaccuatui.com/song/r27tf4MELOuA
2025-11-13,24,Ngàn Năm Ánh Sáng,Đặng Vĩnh Thịnh,BMZ,NCT,03:34,56693,https://www.nhaccuatui.com/song/xnhwlEUv6mPq
2025-11-13,25,Kho Báu,STRONG,,NCT,03:16,109219,https://www.nhaccuatui.com/song/kVt3JtCUChNI
2025-11-13,26,Panorama,Richie D. ICY,Obito,NCT,03:25,20562,https://www.nhaccuatui.com/song/SMJcVKFXYwbM
2025-11-13,27,Em Không Cần,Hannie,,NCT,04:10,13721,https://www.nhaccuatui.com/song/2nAn8W8IgHVH
2025-11-13,28,KHÔNG ĐAU NỮA RỒI,EM XINH SAY HI,"Orange, Châu Bùi, Mỹ Mỹ, Pháp Kiều, 52Hz",NCT,04:51,115039,https://www.nhaccuatui.com/song/Ijo7HDYemsvo
2025-11-13,29,Giờ Thì,buitruonglinh,,NCT,03:54,163689,https://www.nhaccuatui.com/song/dyHwNKu52bax
2025-11-13,30,Âm Thầm Bên Em,Sơn Tùng M-TP,,NCT,04:51,295187,https://www.nhaccuatui.com/song/Sttn5Z5WPKPR
2025-11-13,31,Những Lời Hứa Bỏ Quên,Vũ.,Dear Jane,NCT,03:56,295303,https://www.nhaccuatui.com/song/cJ6lXsQLONjC
2025-11-13,32,Dù Cho Tận Thế,ERIK,,NCT,03:53,243059,https://www.nhaccuatui.com/song/szDsaurUCtvX
2025-11-13,33,HERMOSA,ANH TRAI SAY HI,"Sơn.K, buitruonglinh, Tez, Mason Nguyen, CONGB",NCT,04:06,32284,https://www.nhaccuatui.com/song/YDxQbcF2YuCl
2025-11-13,34,NGƯỜI ĐẦU TIÊN,EM XINH SAY HI,Juky San,NCT,03:52,65258,https://www.nhaccuatui.com/song/O4NyykO66w3D
2025-11-13,35,Nắng Ấm Trong Tim,Duongg,Dadeon,NCT,04:08,13002,https://www.nhaccuatui.com/song/4dPxo73rYIvn
2025-11-13,36,ĐA NGHI,ANH TRAI SAY HI,"Negav, Hải Nam, CODYNAMVO, Dillan Hoàng Phan",NCT,04:17,23311,https://www.nhaccuatui.com/song/N0u2OIefVcyy
2025-11-13,37,Ngày Này Năm Ấy (Metal Rock),Việt Anh,,NCT,03:49,10250,https://www.nhaccuatui.com/song/6NeIeeSFl4y3
2025-11-13,38,Quyền Yếu Đuối (Piano Version),MiiNa,"RIN9, DREAMeR",NCT,02:54,11228,https://www.nhaccuatui.com/song/avVHFbSNKpGb
2025-11-13,39,ANH VUI,Phạm Kỳ,,NCT,03:17,91704,https://www.nhaccuatui.com/song/bWu6k1VPJCO6
2025-11-13,40,Hãy Trao Cho Anh,Sơn Tùng M-TP,Snoop Dogg,NCT,04:05,927390,https://www.nhaccuatui.com/song/vtEybe9NxLw7
2025-11-13,41,Khóa Ly Biệt,The Masked Singer,Voi Bản Đôn,NCT,05:12,346785,https://www.nhaccuatui.com/song/4TTDL1BIR4XN
2025-11-13,42,NGƯỜI YÊU CHƯA SINH RA,ANH TRAI SAY HI,"Ogenus, BigDaddy, Phúc Du, HUSTLANG Robber, Dillan Hoàng Phan",NCT,03:54,27163,https://www.nhaccuatui.com/song/OO3SZc0RTLlf
2025-11-13,43,Love Game,Low G,tlinh,NCT,03:19,32444,https://www.nhaccuatui.com/song/4OMvyyEPeIyr
2025-11-13,44,GÃ SĂN CÁ,EM XINH SAY HI,"Lâm Bảo Ngọc, Quỳnh Anh Shyn, MAIQUINN, Saabirose, Quang Hùng MasterD",NCT,03:52,111507,https://www.nhaccuatui.com/song/8fBWGX9hPFRW
2025-11-13,45,Wrong Times,Puppy,Dangrangto,NCT,03:31,174568,https://www.nhaccuatui.com/song/0lTwDzgDWI2q
2025-11-13,46,Thiệp Hồng Sai Tên,Nguyễn Thành Đạt,,NCT,05:20,9394,https://www.nhaccuatui.com/song/Zx6a24zw8U3e
2025-11-13,47,10 Mất 1 Còn Không,Lê Gia Bảo,BMZ,NCT,04:50,77635,https://www.nhaccuatui.com/song/UpxC3e4PNIa9
2025-11-13,48,Buông Đôi Tay Nhau Ra,Sơn Tùng M-TP,,NCT,03:46,203280,https://www.nhaccuatui.com/song/mPjFpFGJhzko
2025-11-13,49,một đời,14 Casper,"Bon Nghiêm, buitruonglinh",NCT,05:28,168723,https://www.nhaccuatui.com/song/ESFq1iGH8zTQ
2025-11-13,50,Bạn Đời,Karik,GDucky,NCT,05:01,270392,https://www.nhaccuatui.com/song/mX8e5tI588ih
2025-11-14,1,chẳng phải tình đầu sao đau đến thế,MIN,"Dangrangto, antransax",NCT,04:43,54552,https://www.nhaccuatui.com/song/aV6cyHFUBioS
2025-11-14,2,SỚM MUỘN THÌ,ANH TRAI SAY HI,"Hustlang Robber, Nhâm Phương Nam, Mason nguyen, Jaysonlei, Khoi Vu, LAMOON",NCT,05:20,11821,https://www.nhaccuatui.com/song/ZGqkPWpPCsBH
2025-11-14,3,Không Buông,Hngle,Ari,NCT,02:54,80388,https://www.nhaccuatui.com/song/l8cuO7N4Gx3J
2025-11-14,4,Anh Đã Không Biết Cách Yêu Em,Quang Đăng Trần,,NCT,04:05,134072,https://www.nhaccuatui.com/song/RjjlFp5VePzi
2025-11-14,5,Kho Báu,STRONG,Rhymastic,NCT,03:37,139885,https://www.nhaccuatui.com/song/UV8S5HlKISf1
2025-11-14,6,Người Đầu Tiên,Juky San,buitruonglinh,NCT,03:35,20360,https://www.nhaccuatui.com/song/oyfwO2mxFbH0
2025-11-14,7,Em,Binz,,NCT,03:28,22935,https://www.nhaccuatui.com/song/9gfD7AsrzcYv
2025-11-14,8,ĐOẠN KỊCH CÂM,ANH TRAI SAY HI,"CONGB, Negav, B Ray, CODYNAMVO, Phạm Đình Thái Ngân, Mỹ Mỹ",NCT,04:01,15893,https://www.nhaccuatui.com/song/vdXhGFEWSIMh
2025-11-14,9,In Love,Low G,JustaTee,NCT,03:20,28629,https://www.nhaccuatui.com/song/TfjjHnTFVTKj
2025-11-14,11,NGƯỜI NHƯ ANH XỨNG ĐÁNG CÔ ĐƠN,ANH TRAI SAY HI,"Vũ Cát Tường, Karik, Negav, Ngô Kiến Huy, Jey B",NCT,05:16,69514,https://www.nhaccuatui.com/song/ohdUc5kDIMnJ
2025-11-14,12,Ngày Này Năm Ấy,Việt Anh,,NCT,03:59,80757,https://www.nhaccuatui.com/song/10vd0FQlcvyO
2025-11-14,13,Quyền Yếu Đuối,MiiNa,"RIN9, DREAMeR",NCT,02:55,31816,https://www.nhaccuatui.com/song/cynfdsSLkJLi
2025-11-14,14,Không Thời Gian,Dương Domic,,NCT,03:37,45971,https://www.nhaccuatui.com/song/FxoGeDuCWtSP
2025-11-14,15,Phép Màu,MAYDAYs,Minh Tốc & Lam,NCT,04:26,208618,https://www.nhaccuatui.com/song/AHgR9rMS5pYw
2025-11-14,16,Mất Kết Nối,Dương Domic,,NCT,03:27,371467,https://www.nhaccuatui.com/song/uJ8qLJzC9wH5
2025-11-14,17,Mục Hạ Vô Nhân,SOOBIN,"Binz, NSND Huỳnh Tú",NCT,03:21,3000,https://www.nhaccuatui.com/song/8L4wbxWo9ag1
2025-11-14,18,HƠN LÀ BẠN,ANH TRAI SAY HI,"Ngô Kiến Huy, Vũ Cát Tường, Karik, VƯƠNG BÌNH, Sơn.K, MIN",NCT,03:47,12353,https://www.nhaccuatui.com/song/7UwInkWOWovV
2025-11-14,19,Còn Gì Đẹp Hơn (Mưa Đỏ Original Soundtrack),Nguyễn Hùng,,NCT,04:42,131686,https://www.nhaccuatui.com/song/My2LYptZ1GS5
2025-11-14,20,Nơi Này Có Anh,Sơn Tùng M-TP,,NCT,04:20,312726,https://www.nhaccuatui.com/song/JzDZ5BW4RSTI
2025-11-14,21,Bình Yên,Vũ.,Binz,NCT,03:16,224222,https://www.nhaccuatui.com/song/56Um1CgCynmG
2025-11-14,22,Nắng Dưới Chân Mây,Nguyễn Hữu Kha,,NCT,03:39,84975,https://www.nhaccuatui.com/song/F2v0Z9WBlCMV
2025-11-14,23,E Là Không Thể,Anh Quân,,NCT,05:09,186545,https://www.nhaccuatui.com/song/r27tf4MELOuA
2025-11-14,24,Ngàn Năm Ánh Sáng,Đặng Vĩnh Thịnh,BMZ,NCT,03:34,57034,https://www.nhaccuatui.com/song/xnhwlEUv6mPq
2025-11-14,25,Kho Báu,STRONG,,NCT,03:16,109377,https://www.nhaccuatui.com/song/kVt3JtCUChNI
2025-11-14,26,KHÔNG ĐAU NỮA RỒI,EM XINH SAY HI,"Orange, Châu Bùi, Mỹ Mỹ, Pháp Kiều, 52Hz",NCT,04:51,115249,https://www.nhaccuatui.com/song/Ijo7HDYemsvo
2025-11-14,27,Giờ Thì,buitruonglinh,,NCT,03:54,163938,https://www.nhaccuatui.com/song/dyHwNKu52bax
2025-11-14,28,Âm Thầm Bên Em,Sơn Tùng M-TP,,NCT,04:51,295407,https://www.nhaccuatui.com/song/Sttn5Z5WPKPR
2025-11-14,29,Panorama,Richie D. ICY,Obito,NCT,03:25,20782,https://www.nhaccuatui.com/song/SMJcVKFXYwbM
2025-11-14,30,Em Không Cần,Hannie,,NCT,04:10,14087,https://www.nhaccuatui.com/song/2nAn8W8IgHVH
2025-11-14,31,Những Lời Hứa Bỏ Quên,Vũ.,Dear Jane,NCT,03:56,295504,https://www.nhaccuatui.com/song/cJ6lXsQLONjC
2025-11-14,32,Thiệp Hồng Sai Tên,Nguyễn Thành Đạt,,NCT,05:20,10878,https://www.nhaccuatui.com/song/Zx6a24zw8U3e
2025-11-14,33,Quyền Yếu Đuối (Piano Version),MiiNa,"RIN9, DREAMeR",NCT,02:54,11667,https://www.nhaccuatui.com/song/avVHFbSNKpGb
2025-11-14,34,Dù Cho Tận Thế,ERIK,,NCT,03:53,243205,https://www.nhaccuatui.com/song/szDsaurUCtvX
2025-11-14,35,HERMOSA,ANH TRAI SAY HI,"Sơn.K, buitruonglinh, Tez, Mason Nguyen, CONGB",NCT,04:06,32582,https://www.nhaccuatui.com/song/YDxQbcF2YuCl
2025-11-14,36,ANH VUI,Phạm Kỳ,,NCT,03:17,91882,https://www.nhaccuatui.com/song/bWu6k1VPJCO6
2025-11-14,37,NGƯỜI ĐẦU TIÊN,EM XINH SAY HI,Juky San,NCT,03:52,65464,https://www.nhaccuatui.com/song/O4NyykO66w3D
2025-11-14,38,ĐA NGHI,ANH TRAI SAY HI,"Negav, Hải Nam, CODYNAMVO, Dillan Hoàng Phan",NCT,04:17,23595,https://www.nhaccuatui.com/song/N0u2OIefVcyy
2025-11-14,39,Ngày Này Năm Ấy (Metal Rock),Việt Anh,,NCT,03:49,10608,https://www.nhaccuatui.com/song/6NeIeeSFl4y3
2025-11-14,40,Khóa Ly Biệt,The Masked Singer,Voi Bản Đôn,NCT,05:12,346950,https://www.nhaccuatui.com/song/4TTDL1BIR4XN
2025-11-14,41,Nắng Ấm Trong Tim,Duongg,Dadeon,NCT,04:08,13396,https://www.nhaccuatui.com/song/4dPxo73rYIvn
2025-11-14,42,NGƯỜI YÊU CHƯA SINH RA,ANH TRAI SAY HI,"Ogenus, BigDaddy, Phúc Du, HUSTLANG Robber, Dillan Hoàng Phan",NCT,03:54,27445,https://www.nhaccuatui.com/song/OO3SZc0RTLlf
2025-11-14,43,Hãy Trao Cho Anh,Sơn Tùng M-TP,Snoop Dogg,NCT,04:05,927550,https://www.nhaccuatui.com/song/vtEybe9NxLw7
2025-11-14,44,GÃ SĂN CÁ,EM XINH SAY HI,"Lâm Bảo Ngọc, Quỳnh Anh Shyn, MAIQUINN, Saabirose, Quang Hùng MasterD",NCT,03:52,111656,https://www.nhaccuatui.com/song/8fBWGX9hPFRW
2025-11-14,45,Love Game,Low G,,NCT,03:19,32626,https://www.nhaccuatui.com/song/4OMvyyEPeIyr
2025-11-14,46,Wrong Times,Puppy,Dangrangto,NCT,03:31,174694,https://www.nhaccuatui.com/song/0lTwDzgDWI2q
2025-11-14,47,một đời,14 Casper,"Bon Nghiêm, buitruonglinh",NCT,05:28,168956,https://www.nhaccuatui.com/song/ESFq1iGH8zTQ
2025-11-14,48,Buông Đôi Tay Nhau Ra,Sơn Tùng M-TP,,NCT,03:46,203477,https://www.nhaccuatui.com/song/mPjFpFGJhzko
2025-11-14,49,Bạn Đời,Karik,GDucky,NCT,05:01,270516,https://www.nhaccuatui.com/song/mX8e5tI588ih
2025-11-14,50,10 Mất 1 Còn Không,Lê Gia Bảo,BMZ,NCT,04:50,77808,https://www.nhaccuatui.com/song/UpxC3e4PNIa9
