title,artists,featured_artists,source,spotify_popularity,spotify_release_date,spotify_genres,spotify_track_id,match_key,__key__
"(từng là) boyfriend, girlfriend",min,nan,apple,51,2025-10-22,"v-pop, vietnamese hip hop, vietnam indie, vinahouse",7B2UpgEZe68OdfKzBb8JZq,tunglaboyfriendgirlfriend||min,"('từng là boyfriend, girlfriend', 'min', 'nan')"
10 mất 1 còn không,lê gia bảo,bmz,"nct, zingmp3",47,2025-05-08,"vinahouse, v-pop, vietnamese lo-fi, vietnam indie",4NksYk8JJnriSPy5eVj5MW,10mat1conkhong||legiabao,"('10 mất 1 còn không', 'bảo, gia, lê', 'bmz')"
10 ngàn năm,pc,nan,spotify,64,2019-12-21,"vietnamese hip hop, vietnamese lo-fi, v-pop, vietnam indie",2pm7K14nHj2fLrpU8j9bit,10ngannam||pc,"('10 ngàn năm', 'pc', 'nan')"
1000 ánh mắt,shiki,obito,"apple, spotify",64,2024-06-27,"vietnamese hip hop, v-pop, vietnam indie",5XfGQZA0ioQAWUjlyJRcHc,1000anhmat||shiki,"('1000 ánh mắt', 'shiki', 'obito')"
24h,lyly,magazine,spotify,59,2020-10-28,"v-pop, vietnamese hip hop, vietnam indie",4inMQ83GNpQ2OHDredH5hW,24h||lyly,"('24h', 'lyly', 'magazine')"
2am,justatee,bigdaddy,spotify,64,2022-05-10,"v-pop, vietnamese hip hop",3DLtPObflLQBodZN8qGODT,2am||justatee,"('2am', 'justatee', 'bigdaddy')"
3 1 0 7,w/n,"duongg, nâu",spotify,61,2024-06-26,"v-pop, vietnamese lo-fi, vietnamese hip hop, vietnam indie",5xuaCJaNAqRLwV7OO5zPiF,3107||wn,"('3 1 0 7', 'n, w', 'duongg, nâu')"
3 bích,pháp kiều,tlinh,nct,59,2025-10-15,"v-pop, vietnamese hip hop",3yrQAZrdlrMVtI4DN9FTIc,3bich||phapkieu,"('3 bích', 'kiều, pháp', 'tlinh')"
ám ảnh về anh,phùng khánh linh,nan,"apple, zingmp3",53,2025-10-18,"v-pop, vietnam indie",4mU4LOHUfY3Tv7V1F8pqsr,amanhveanh||phungkhanhlinh,"('ám ảnh về anh', 'khánh, linh, phùng', 'nan')"
âm thầm bên em,sơn tùng m-tp,nan,"nct, spotify",68,2017-04-01,"v-pop, vinahouse, vietnamese hip hop",2wZAvkgiOE5tyrnqhB69KA,amthambenem||sontungmtp,"('âm thầm bên em', 'm-tp, sơn, tùng', 'nan')"
an thần,low g,thắng,spotify,61,2021-10-21,"vietnamese hip hop, v-pop, vietnam indie",5C3fx9rdM4Bxf1MSOQC4Ym,anthan||lowg,"('an thần', 'g, low', 'thắng')"
anh đã không biết cách yêu em,quang đăng trần,nan,"apple, nct, spotify, zingmp3",66,2025-07-05,"vietnamese lo-fi, v-pop, vinahouse",2daxUR0gVJr2dOmOtYvW8R,anhdakhongbietcachyeuem||quangdangtran,"('anh đã không biết cách yêu em', 'quang, trần, đăng', 'nan')"
anh đã ổn hơn,rpt mck,nan,apple,57,2023-03-02,"vietnamese hip hop, v-pop, vietnam indie",3YctJXK6kznnWl68TnYobN,anhdaonhon||rptmck,"('anh đã ổn hơn', 'mck, rpt', 'nan')"
anh đã quen với cô đơn,soobin,nan,"apple, spotify",61,2017-03-14,"v-pop, vietnamese hip hop, vietnam indie, vinahouse",39KWnPNEvbXt423CzjvBfA,anhdaquenvoicodon||soobin,"('anh đã quen với cô đơn', 'soobin', 'nan')"
anh là thằng tồi,phùng khánh linh,nan,"apple, spotify, zingmp3",61,2025-10-18,"v-pop, vietnam indie",6GPcbZOX4h9MWert6xWpYw,anhlathangtoi||phungkhanhlinh,"('anh là thằng tồi', 'khánh, linh, phùng', 'nan')"
anh lại say rồi,phan duy anh,t.a.p entertainment (producer t.a),zingmp3,23,2025-09-20,"vinahouse, v-pop, vietnamese bolero",2xO02FYqG0OKm53WwEU4FL,anhlaisayroi||phanduyanh,"('anh lại say rồi', 'anh, duy, phan', 'a, entertainment, p, producer, t')"
anh muốn nhìn thấy em,the wind,dangrangto,spotify,61,2023-07-27,"vietnamese hip hop, v-pop",5VGOYjxkEaf19LoRPIolD2,anhmuonnhinthayem||thewind,"('anh muốn nhìn thấy em', 'the, wind', 'dangrangto')"
anh nhớ ra,vũ.,trang,apple,59,2022-09-09,"v-pop, vietnam indie, vietnamese lo-fi",7eDrdQ7PK9Xm1CZCKWsgmH,anhnhora||vu,"('anh nhớ ra', 'vũ', 'trang')"
anh thua anh ta,gia huy singer,nan,zingmp3,20,2025-11-06,"vinahouse, v-pop",2JLbmO8Hs5LHJRUMxQefwM,anhthuaanhta||giahuysinger,"('anh thua anh ta', 'gia, huy, singer', 'nan')"
anh thua người ta nhiều lắm,nb3 hoài bảo,ct,zingmp3,28,2025-08-17,"vinahouse, vietnamese lo-fi, v-pop, lo-fi",38I9WxdCEH2nlKAHsAayyI,anhthuanguoitanhieulam||nb3hoaibao,"('anh thua người ta nhiều lắm', 'bảo, hoài, nb3', 'ct')"
ánh trăng giả dối,quốc thiên,nan,zingmp3,6,2025-11-11,"v-pop, vietnamese bolero",25A2AvNV4rLDTMfRYpPYMq,anhtranggiadoi||quocthien,"('ánh trăng giả dối', 'quốc, thiên', 'nan')"
anh vui,phạm kỳ,nan,nct,57,2023-03-10,"vinahouse, v-pop, vietnamese lo-fi",7asicziv1NB49eEA1ZPp2O,anhvui||phamky,"('anh vui', 'kỳ, phạm', 'nan')"
ảo ảnh,anh trai say hi,"vũ cát tường, gill, ryn lee","nct, zingmp3",55,2025-10-20,"v-pop, vietnamese hip hop",2BKhVHyxHjbIAFVMfR4T3b,aoanh||anhtraisayhi,"('ảo ảnh', 'anh, hi, say, trai', 'cát, gill, lee, ryn, tường, vũ')"
bắc thang lên hỏi ông trời,em xinh say hi,"bích phương, juky san, lamoon, mỹ mỹ, quỳnh anh shyn",zingmp3,56,2025-08-04,v-pop,15YePdrwoWzDN68BanP7r4,bacthanglenhoiongtroi||emxinhsayhi,"('bắc thang lên hỏi ông trời', 'em, hi, say, xinh', 'anh, bích, juky, lamoon, mỹ, phương, quỳnh, san, shyn')"
bạn đời,karik,gducky,"nct, spotify",58,2023-10-04,"v-pop, vietnamese hip hop, vietnam indie",0kHgteR4TV4LO80wrasDSR,bandoi||karik,"('bạn đời', 'karik', 'gducky')"
bao tiền một mớ bình yên?,14 casper,bon nghiêm,spotify,59,2023-03-03,"v-pop, vietnamese lo-fi, vietnam indie",7kgzRBNkBRArtTPkYjWLYT,baotienmotmobinhyen||14casper,"('bao tiền một mớ bình yên?', '14, casper', 'bon, nghiêm')"
bắt con bướm vàng,danhka,nan,zingmp3,37,2025-08-05,"vinahouse, v-pop",1UlLetlR4rH6zU3azbU55V,batconbuomvang||danhka,"('bắt con bướm vàng', 'danhka', 'nan')"
bầu trời mới,da lab,minh tốc & lam,spotify,63,2024-10-05,"v-pop, vietnamese hip hop, vietnam indie, vietnamese lo-fi, vinahouse",7fCeYpR02Q8JVuD88hJZVT,bautroimoi||dalab,"('bầu trời mới', 'da, lab', 'lam, minh, tốc')"
bình yên,vũ.,binz,"apple, nct, spotify",64,2024-09-27,"v-pop, vietnam indie, vietnamese lo-fi",41DlPJXKTCypXdf2eSqa03,binhyen||vu,"('bình yên', 'vũ', 'binz')"
bông hoa đẹp nhất,quân a.p,nan,spotify,60,2020-09-07,"v-pop, vietnamese lo-fi",4TyQKEifYDWTfTSRwpxlYI,bonghoadepnhat||quanap,"('bông hoa đẹp nhất', 'a, p, quân', 'nan')"
bóng tối yêu đời,lyhan,nan,zingmp3,27,2025-11-11,v-pop,3b95RXhPw2BBufUMhTzPPw,bongtoiyeudoi||lyhan,"('bóng tối yêu đời', 'lyhan', 'nan')"
bước qua mùa cô đơn,vũ.,nan,"apple, spotify",63,2022-09-09,"v-pop, vietnam indie, vietnamese lo-fi",6uxuJ8Fr1AAfSPJUF9N1yr,buocquamuacodon||vu,"('bước qua mùa cô đơn', 'vũ', 'nan')"
buồn thật đấy,sofia,nguyễn thương,zingmp3,26,2025-09-29,"vietnamese hip hop, v-pop, vietnam indie",6LmOwhZnpkZmGyS737d9mH,buonthatday||sofia,"('buồn thật đấy', 'sofia', 'nguyễn, thương')"
buông đôi tay nhau ra,sơn tùng m-tp,nan,"nct, spotify",67,2017-04-01,"v-pop, vinahouse, vietnamese hip hop",3P3rcI48wwVEgxF5vPM6pG,buongdoitaynhaura||sontungmtp,"('buông đôi tay nhau ra', 'm-tp, sơn, tùng', 'nan')"
cạn dòng ướt mi,dee trần,nan,zingmp3,5,2025-11-01,"v-pop, vinahouse",3Jpf0TLSWmlDt4v9L3ck78,candonguotmi||deetran,"('cạn dòng ướt mi', 'dee, trần', 'nan')"
canh bạc hôn nhân,lala trần,nguyễn hồng thuận,zingmp3,29,2025-10-28,"vinahouse, v-pop",79b1ZRb4jNckv5gTPYFJIL,canhbachonnhan||lalatran,"('canh bạc hôn nhân', 'lala, trần', 'hồng, nguyễn, thuận')"
chăm hoa,mono,nan,apple,61,2024-10-22,"v-pop, vietnamese hip hop, vinahouse",40pWxpbXoBYGPCiofujjZ6,chamhoa||mono,"('chăm hoa', 'mono', 'nan')"
chằn tinh,lyhan,nan,zingmp3,32,2025-11-11,v-pop,5qQ5rZkL8iu3ZT8fEs6RLj,chantinh||lyhan,"('chằn tinh', 'lyhan', 'nan')"
chẳng nợ ai ngoài em,lê gia bảo,nan,zingmp3,36,2025-09-23,"vinahouse, v-pop, vietnamese lo-fi, vietnam indie",0kjkrg5N3Hf0mPcF5tqOyK,changnoaingoaiem||legiabao,"('chẳng nợ ai ngoài em', 'bảo, gia, lê', 'nan')"
chẳng phải tình đầu sao đau đến thế,min,"dangrangto, antransax","apple, nct, spotify",67,2025-10-22,"v-pop, vietnamese hip hop, vietnam indie, vinahouse",3T7XHOdRcyhKU3QCB6kZG3,changphaitinhdausaodaudenthe||min,"('chẳng phải tình đầu sao đau đến thế', 'min', 'antransax, dangrangto')"
chẳng thể cảm hóa,lương quý tuấn,an clock,zingmp3,43,2025-05-14,"vinahouse, v-pop",7GeFFX8J17502ne4TRDVSi,changthecamhoa||luongquytuan,"('chẳng thể cảm hóa', 'lương, quý, tuấn', 'an, clock')"
chế độ im lặng,min,nan,apple,56,2025-10-22,"v-pop, vietnamese hip hop, vietnam indie, vinahouse",44XA6tVReCIX8T1c3l9f75,chedoimlang||min,"('chế độ im lặng', 'min', 'nan')"
chỉ anh làm em khóc,đàm vĩnh hưng,trần mạnh cường,zingmp3,29,2025-10-08,"vietnamese bolero, bolero, v-pop, vinahouse",1cU4xCTzmAI7irO2pqFYEX,chianhlamemkhoc||damvinhhung,"('chỉ anh làm em khóc', 'hưng, vĩnh, đàm', 'cường, mạnh, trần')"
chí phèo,đinh tiến đạt,monocycle,zingmp3,18,2025-10-15,"v-pop, vietnamese hip hop, vietnam indie",7tG1fSCUeG9NqCeyRonXPG,chipheo||dinhtiendat,"('chí phèo', 'tiến, đinh, đạt', 'monocycle')"
chill guys ngon zai,anh trai say hi,"bigdaddy, ogenus, b ray, phúc du",zingmp3,55,2025-09-22,"v-pop, vietnamese hip hop",7bRV274z4g3Lns0xV8xYzY,chillguysngonzai||anhtraisayhi,"('chill guys ngon zai', 'anh, hi, say, trai', 'b, bigdaddy, du, ogenus, phúc, ray')"
chim hót bên trong lâu đài,lyhan,nan,zingmp3,29,2025-11-11,v-pop,3Js7L0R4Kx9zcx8GTaEira,chimhotbentronglaudai||lyhan,"('chim hót bên trong lâu đài', 'lyhan', 'nan')"
chìm sâu,rpt mck,trung trần,apple,59,2023-03-02,"vietnamese hip hop, v-pop, vietnam indie",7jLSThU5Kg1RWt19Leiaxm,chimsau||rptmck,"('chìm sâu', 'mck, rpt', 'trung, trần')"
chịu cách mình nói thua,rhyder,"coolkid, ban",spotify,64,2023-11-22,"v-pop, vietnamese hip hop",3ZbZtdEw9U0uZW4tZItIwq,chiucachminhnoithua||rhyder,"('chịu cách mình nói thua', 'rhyder', 'ban, coolkid')"
chờ bao lâu,út nhị mino,hào jk,zingmp3,33,2025-05-16,"vinahouse, vietnamese bolero, v-pop",2YD5RI5M1uoIJrKavDyopq,chobaolau||utnhimino,"('chờ bao lâu', 'mino, nhị, út', 'hào, jk')"
cho tôi lang thang,ngọt,đen,spotify,60,2018-03-27,"vietnam indie, v-pop, vietnamese lo-fi, vietnamese hip hop",2zRzmGerfTxc2epZHgaTdh,chotoilangthang||ngot,"('cho tôi lang thang', 'ngọt', 'đen')"
chúc phúc,pialinh,nan,zingmp3,36,2025-10-15,"v-pop, vietnam indie",4H2Tp0m4qVHdMc70g2Wf8J,chucphuc||pialinh,"('chúc phúc', 'pialinh', 'nan')"
chúng ta của hiện tại,sơn tùng m-tp,nan,"apple, spotify",63,2020-12-20,"v-pop, vinahouse, vietnamese hip hop",1J3SmWwlYAG68LGKr86MVH,chungtacuahientai||sontungmtp,"('chúng ta của hiện tại', 'm-tp, sơn, tùng', 'nan')"
chuyện đôi ta,emcee l,muộii (starry night),"apple, spotify",67,2021-12-01,"v-pop, vietnamese lo-fi, vietnam indie, vietnamese hip hop",4CUvVaAYuXtvYURLFz7EIL,chuyendoita||emceel,"('chuyện đôi ta', 'emcee, l', 'muộii, night, starry')"
có còn yêu em,nguyễn kiều oanh,nan,zingmp3,44,2025-08-16,v-pop,2omZCdoslK3YXKOS4oFQVl,coconyeuem||nguyenkieuoanh,"('có còn yêu em', 'kiều, nguyễn, oanh', 'nan')"
có đôi điều,shiki,nan,"apple, spotify",65,2024-06-27,"vietnamese hip hop, v-pop, vietnam indie",2Pwou3Q2Cf59RxdX2V6MgV,codoidieu||shiki,"('có đôi điều', 'shiki', 'nan')"
có em,madihu,low g,spotify,65,2022-04-22,"v-pop, vietnam indie, vietnamese hip hop",6Hs2xIgB8nzyGFDvVA8lFa,coem||madihu,"('có em', 'madihu', 'g, low')"
có em là nhà,min,nan,apple,55,2025-10-22,"v-pop, vietnamese hip hop, vietnam indie, vinahouse",4ZIJScWMgbLgM0hhfY19Oy,coemlanha||min,"('có em là nhà', 'min', 'nan')"
cơ hội cuối,an vũ,nan,zingmp3,52,2025-04-25,"v-pop, vinahouse, vietnamese lo-fi",2UntIOBeaSlLJrZbc3bdmD,cohoicuoi||anvu,"('cơ hội cuối', 'an, vũ', 'nan')"
có mình và ta,nguyễn vĩ,nan,zingmp3,40,2025-09-16,"vinahouse, vietnamese lo-fi, v-pop",00aePbGy0OSKVotPHGQlT2,cominhvata||nguyenvi,"('có mình và ta', 'nguyễn, vĩ', 'nan')"
cờ người,phùng khánh linh,nan,"apple, zingmp3",56,2025-10-18,"v-pop, vietnam indie",0IjFragIGhZPPhaF8HzJqo,conguoi||phungkhanhlinh,"('cờ người', 'khánh, linh, phùng', 'nan')"
còn gì đẹp hơn (mưa đỏ original soundtrack),nguyễn hùng,nan,"apple, nct, spotify, zingmp3",65,2025-07-27,"v-pop, vietnam indie",5zXCoF69UxPNLrpar8Rk7e,congidephonmuadooriginalsoundtrack||nguyenhung,"('còn gì đẹp hơn mưa đỏ original soundtrack', 'hùng, nguyễn', 'nan')"
cơn mưa cuối,justatee,binz,spotify,58,2016-11-03,"v-pop, vietnamese hip hop, vietnam indie",6E3P4uOfKHYXJLK6Q3s0Tj,conmuacuoi||justatee,"('cơn mưa cuối', 'justatee', 'binz')"
cứ đổ tại cơn mưa,em xinh say hi,"phương ly, orange, châu bùi, 52hz, vũ thảo my","apple, nct, zingmp3",59,2025-08-11,v-pop,0SNgVYcHY0UPil9YGmwU5k,cudotaiconmua||emxinhsayhi,"('cứ đổ tại cơn mưa', 'em, hi, say, xinh', '52hz, bùi, châu, ly, my, orange, phương, thảo, vũ')"
cứ đổ tại cơn mưa (solo & piano),em xinh say hi,orange,zingmp3,41,2025-09-18,v-pop,2XMgt7faxpOomPIZN9TEK8,cudotaiconmuasolopiano||emxinhsayhi,"('cứ đổ tại cơn mưa solo & piano', 'em, hi, say, xinh', 'orange')"
cứ khóc hết đi em,cao thái sơn,nan,zingmp3,18,2025-07-08,"v-pop, vinahouse, vietnamese bolero",1sslAVOfUCEorztohvA41g,cukhochetdiem||caothaison,"('cứ khóc hết đi em', 'cao, sơn, thái', 'nan')"
cưa em bốn mùa,nb3 hoài bảo,ct,zingmp3,32,2025-10-27,"vinahouse, vietnamese lo-fi, v-pop, lo-fi",1arYzhjZeNFSzHDXL1YjOd,cuaembonmua||nb3hoaibao,"('cưa em bốn mùa', 'bảo, hoài, nb3', 'ct')"
cục vàng của anh,nana liu,nan,zingmp3,29,2025-08-07,v-pop,3nYfepu0HuPI6sidP45wo3,cucvangcuaanh||nanaliu,"('cục vàng của anh', 'liu, nana', 'nan')"
cưới chính,nal,ct,zingmp3,41,2025-09-30,"vinahouse, vietnamese bolero, bolero, v-pop",5MKyEfqhXnasPDIwmD0Dgi,cuoichinh||nal,"('cưới chính', 'nal', 'ct')"
đã lỡ yêu em nhiều,justatee,nan,spotify,62,2022-07-11,"v-pop, vietnamese hip hop, vietnam indie",3J3nv18iIrOhca1ZWNeuyW,daloyeuemnhieu||justatee,"('đã lỡ yêu em nhiều', 'justatee', 'nan')"
đa nghi,anh trai say hi,"negav, hải nam, codynamvo, dillan hoàng phan","apple, nct, spotify, zingmp3",62,2025-10-13,"v-pop, vietnamese hip hop",5ip4iGkbZNrihMGHAqOgMl,danghi||anhtraisayhi,"('đa nghi', 'anh, hi, say, trai', 'codynamvo, dillan, hoàng, hải, nam, negav, phan')"
đại dương,pháp kiều,nan,zingmp3,0,2025-11-12,"v-pop, vietnamese hip hop",5osp8hYqK6oEjpzbChA54e,daiduong||phapkieu,"('đại dương', 'kiều, pháp', 'nan')"
đại khải hoàn,the flob,chin,zingmp3,39,2025-11-06,"vietnam indie, v-pop",2Yp2PMt1fepfBELHIPzvaA,daikhaihoan||theflob,"('đại khải hoàn', 'flob, the', 'chin')"
dancing in the dark,soobin,nan,"apple, spotify",54,2024-06-25,"v-pop, vietnamese hip hop, vietnam indie, vinahouse",3x7Hh3zsE1wcXCU2G8l5tP,dancinginthedark||soobin,"('dancing in the dark', 'soobin', 'nan')"
đánh đổi,obito,"shiki, rpt mck","apple, spotify",62,2023-10-10,"v-pop, vietnamese hip hop, vietnam indie",1UQNU5O9VttUgO16pxUnjw,danhdoi||obito,"('đánh đổi', 'obito', 'mck, rpt, shiki')"
dẫu có đến đâu,anh trai say hi,"congb, vương bình, lohan, nhâm phương nam","nct, zingmp3",60,2025-10-13,"v-pop, vietnamese hip hop",5aDTawTXK6FJjXTUsR03n2,daucodendau||anhtraisayhi,"('dẫu có đến đâu', 'anh, hi, say, trai', 'bình, congb, lohan, nam, nhâm, phương, vương')"
đến đây bên anh,cloud 5,dangrangto,spotify,61,2023-09-28,v-pop,55Eo6NDkVhSRBonrT16kXM,dendaybenanh||cloud5,"('đến đây bên anh', '5, cloud', 'dangrangto')"
điều em khó nói,min,nan,apple,53,2025-10-22,"v-pop, vietnamese hip hop, vietnam indie, vinahouse",1i8XBFqEFIGbzLXvqu9c3b,dieuemkhonoi||min,"('điều em khó nói', 'min', 'nan')"
điều em không muốn,phùng khánh linh,nan,apple,53,2025-10-18,"v-pop, vietnam indie",1hhHm16FmHwdob8X95frcB,dieuemkhongmuon||phungkhanhlinh,"('điều em không muốn', 'khánh, linh, phùng', 'nan')"
đoạn kết mới,hoàng dũng,nan,apple,55,2022-08-24,"v-pop, vietnam indie, vietnamese lo-fi, vietnamese hip hop",72YmbRPOa2DZKe4HzdFG9B,doanketmoi||hoangdung,"('đoạn kết mới', 'dũng, hoàng', 'nan')"
đoạn kịch câm,anh trai say hi,"congb, negav, b ray, codynamvo, phạm đình thái ngân, mỹ mỹ","apple, nct, spotify, zingmp3",56,2025-11-03,"v-pop, vietnamese hip hop",703nPWb6qOClgjJljvUx7Y,doankichcam||anhtraisayhi,"('đoạn kịch câm', 'anh, hi, say, trai', 'b, codynamvo, congb, mỹ, negav, ngân, phạm, ray, thái, đình')"
độc nhất vô nhị,anh trai say hi,"karik, vũ cát tường, gill, tez","nct, zingmp3",57,2025-09-22,"v-pop, vietnamese hip hop",3nglEHRDn1MEy3vmMNfLl5,docnhatvonhi||anhtraisayhi,"('độc nhất vô nhị', 'anh, hi, say, trai', 'cát, gill, karik, tez, tường, vũ')"
đợi,52hz,"wean, rio",spotify,62,2024-01-31,"v-pop, vietnam indie, vietnamese hip hop",33S16Xa5cZmLPhn6eZI4Nm,doi||52hz,"('đợi', '52hz', 'rio, wean')"
đớn đau vô cùng,datkaa,nan,zingmp3,16,2025-11-08,"v-pop, vinahouse, vietnamese lo-fi, vietnamese hip hop",6LdHGrdjMMGcaHFKfyOfQy,dondauvocung||datkaa,"('đớn đau vô cùng', 'datkaa', 'nan')"
dự báo thời tiết hôm nay mưa,grey d,nan,"apple, spotify",62,2022-11-22,"v-pop, vietnam indie, vietnamese hip hop",65cM1nyMf9pFDZVV8xmPX9,dubaothoitiethomnaymua||greyd,"('dự báo thời tiết hôm nay mưa', 'd, grey', 'nan')"
dù cho mai về sau,buitruonglinh,nan,spotify,62,2020-11-17,"v-pop, vietnamese lo-fi, vietnam indie, vinahouse",4Iz5EWPCAT8jYNk4IpLoll,duchomaivesau||buitruonglinh,"('dù cho mai về sau', 'buitruonglinh', 'nan')"
dù cho tận thế,erik,nan,nct,60,2025-02-06,"v-pop, vinahouse, vietnam indie",0oSc7X1uRQGuEqNRtXEeQL,duchotanthe||erik,"('dù cho tận thế', 'erik', 'nan')"
đưa em về nhàa,grey d,chillies,"apple, spotify",61,2023-04-24,"v-pop, vietnam indie, vietnamese hip hop",5LQpQ6SDeaz6SIkR0lvsoC,duaemvenhaa||greyd,"('đưa em về nhàa', 'd, grey', 'chillies')"
đừng bất công với em mà,inso,viam,zingmp3,28,2025-07-11,"vinahouse, v-pop",0J3MfbyMKPSkhnxdU63XAJ,dungbatcongvoiemma||inso,"('đừng bất công với em mà', 'inso', 'viam')"
đừng đóng vai nạn nhân,wendy thảo,v2t media,zingmp3,31,2025-10-03,"v-pop, vinahouse",4zUu2z3zh1Swd5kKbjm9DG,dungdongvainannhan||wendythao,"('đừng đóng vai nạn nhân', 'thảo, wendy', 'media, v2t')"
đừng làm trái tim anh đau,sơn tùng m-tp,nan,"apple, spotify",65,2024-06-08,"v-pop, vinahouse, vietnamese hip hop",31VNCmwspR7nVJ6kruUuJt,dunglamtraitimanhdau||sontungmtp,"('đừng làm trái tim anh đau', 'm-tp, sơn, tùng', 'nan')"
đừng yêu một người như,du uyên,nan,zingmp3,10,2025-10-29,"v-pop, vinahouse, vietnamese hip hop",6vH7sYEbvUcHwwJKQvW2xH,dungyeumotnguoinhu||duuyen,"('đừng yêu một người như', 'du, uyên', 'nan')"
đường tôi chở em về,buitruonglinh,nan,spotify,63,2020-07-03,"v-pop, vietnamese lo-fi, vietnam indie, vinahouse",27F22WcGDyl4Z2KylVJkXL,duongtoichoemve||buitruonglinh,"('đường tôi chở em về', 'buitruonglinh', 'nan')"
duyên nợ còn đâu,phạm vũ luân,nan,zingmp3,1,2025-10-30,none,00oXuoc8EYyZpg0FYJHqE3,duyennocondau||phamvuluan,"('duyên nợ còn đâu', 'luân, phạm, vũ', 'nan')"
e là không thể,anh quân,nan,"nct, spotify",61,2024-11-29,"vinahouse, vietnamese lo-fi, v-pop",0mcveJtBYTbLJa5dHvtxJJ,elakhongthe||anhquan,"('e là không thể', 'anh, quân', 'nan')"
ếch ngoài đáy giếng,em xinh say hi,phương mỹ chi,zingmp3,53,2025-08-18,v-pop,3ZX71GsU4YKr4ZsAMty3i0,echngoaidaygieng||emxinhsayhi,"('ếch ngoài đáy giếng', 'em, hi, say, xinh', 'chi, mỹ, phương')"
em,binz,nan,"apple, nct, spotify",65,2025-10-25,"vietnamese hip hop, v-pop, vietnam indie, vinahouse",1UhQ0VwKq2PGnLiAZOJYV1,em||binz,"('em', 'binz', 'nan')"
em chỉ sợ ngày mai,mochiii,nan,zingmp3,29,2025-10-13,"vinahouse, v-pop",5HwhXGpBA93SxsfaCCm1uv,emchisongaymai||mochiii,"('em chỉ sợ ngày mai', 'mochiii', 'nan')"
em còn nhớ anh không - remastered,hoàng tôn,koo,spotify,60,2021-04-26,"v-pop, vietnamese hip hop, vinahouse, vietnam indie",7q1qYSyRkGT4ZaCc2ZQihP,emconnhoanhkhongremastered||hoangton,"('em còn nhớ anh không remastered', 'hoàng, tôn', 'koo')"
em cưới rồi à,thanh hưng,nan,zingmp3,47,2025-02-25,"v-pop, vinahouse",7oHtN1f2nW0rV3NayfO3rJ,emcuoiroia||thanhhung,"('em cưới rồi à', 'hưng, thanh', 'nan')"
em đã chờ anh bao lâu,anh trai say hi,"phúc du, ogenus, bùi duy ngọc, rio, otis, 52hz",zingmp3,45,2025-11-03,"v-pop, vietnamese hip hop",4laDe7NUQ0uAZsuER4KK8a,emdachoanhbaolau||anhtraisayhi,"('em đã chờ anh bao lâu', 'anh, hi, say, trai', '52hz, bùi, du, duy, ngọc, ogenus, otis, phúc, rio')"
em đau,phùng khánh linh,thành luke,"apple, zingmp3",55,2025-10-18,"v-pop, vietnam indie",317Lh6QCAz9JpWbV3oxrCf,emdau||phungkhanhlinh,"('em đau', 'khánh, linh, phùng', 'luke, thành')"
em không cần,hannie,nan,"nct, spotify, zingmp3",57,2025-10-16,"v-pop, vinahouse",3M8XPtbFW7xWyz2JmuDcce,emkhongcan||hannie,"('em không cần', 'hannie', 'nan')"
em nhắc anh,nana liu,htm,zingmp3,28,2025-09-15,v-pop,0w56wxs7eDLdzoM8Svatxl,emnhacanh||nanaliu,"('em nhắc anh', 'liu, nana', 'htm')"
em thua cô ta,min quỳnh anh,nan,zingmp3,0,2025-11-11,"vinahouse, v-pop",5WFXRCjqQiAz1Dhijfn2Me,emthuacota||minquynhanh,"('em thua cô ta', 'anh, min, quỳnh', 'nan')"
ex's hate me pt.2,amee,nan,spotify,61,2020-06-20,"v-pop, vietnamese hip hop, vietnam indie",5tdz7T4hTxA1ipJMBe24uX,exshatemept2||amee,"(""ex's hate me pt.2"", 'amee', 'nan')"
exit sign,hieuthuhai,marzuz,"apple, spotify",70,2023-10-16,"v-pop, vietnamese hip hop, vietnamese lo-fi, vietnam indie, vinahouse",4nXrVH5xwN1w6TpmP7uu8n,exitsign||hieuthuhai,"('exit sign', 'hieuthuhai', 'marzuz')"
feel at home,b ray,nan,apple,61,2025-07-08,"vietnamese hip hop, v-pop, vinahouse, vietnam indie",7uulTURh3qtUEUnMNtgcA6,feelathome||bray,"('feel at home', 'b, ray', 'nan')"
forget me now,fishy,trí dũng,spotify,59,2021-04-11,"v-pop, vietnam indie, vietnamese lo-fi, vietnamese hip hop",12DNdwLD9oZOPADqM10oyE,forgetmenow||fishy,"('forget me now', 'fishy', 'dũng, trí')"
fragile (intro),min,nan,apple,49,2025-10-22,"v-pop, vietnamese hip hop, vietnam indie, vinahouse",4pqM9QR5Lhqff8od49nFjr,fragileintro||min,"('fragile intro', 'min', 'nan')"
gã săn cá,em xinh say hi,"lâm bảo ngọc, quỳnh anh shyn, maiquinn, saabirose, quang hùng masterd","apple, nct, zingmp3",61,2025-06-30,v-pop,34FhBswjcDbFzGx8zcPqoj,gasanca||emxinhsayhi,"('gã săn cá', 'em, hi, say, xinh', 'anh, bảo, hùng, lâm, maiquinn, masterd, ngọc, quang, quỳnh, saabirose, shyn')"
ghé qua,pc,"dick, tofutns",spotify,62,2018-03-17,"vietnamese hip hop, vietnamese lo-fi, v-pop, vietnam indie",6Q2oEdOhRjZ1DTv2a7j0lN,ghequa||pc,"('ghé qua', 'pc', 'dick, tofutns')"
giá mà anh,captain boy,nan,spotify,58,2025-10-23,"v-pop, vietnamese hip hop",7hF5DFtzMER5KzHA1nCTYq,giamaanh||captainboy,"('giá mà anh', 'boy, captain', 'nan')"
giá như,soobin,nan,"apple, spotify",61,2024-04-10,"v-pop, vietnamese hip hop, vietnam indie, vinahouse",1LxaXT8hwdBWSNpOqTjF8R,gianhu||soobin,"('giá như', 'soobin', 'nan')"
giờ thì,buitruonglinh,nan,"apple, nct, spotify",65,2024-12-12,"v-pop, vietnamese lo-fi, vietnam indie, vinahouse",7mblTCdc14ylJ1JW71MODb,giothi||buitruonglinh,"('giờ thì', 'buitruonglinh', 'nan')"
giữ anh cho ngày hôm qua,hoàng dũng,"rhymastic, lelarec",apple,61,2025-07-09,"v-pop, vietnam indie, vietnamese lo-fi, vietnamese hip hop",5wYQC7AuxV8ROALWcbVNxc,giuanhchongayhomqua||hoangdung,"('giữ anh cho ngày hôm qua', 'dũng, hoàng', 'lelarec, rhymastic')"
grief is the price you pay for love,phùng khánh linh,nan,apple,52,2025-10-18,"v-pop, vietnam indie",0No0rqyK0KIsesiwrnnhaf,griefisthepriceyoupayforlove||phungkhanhlinh,"('grief is the price you pay for love', 'khánh, linh, phùng', 'nan')"
hà nội,obito,"shiki, vstra","apple, spotify",64,2023-10-10,"v-pop, vietnamese hip hop, vietnam indie",5PGh9MyKry8slG5AfvD1eD,hanoi||obito,"('hà nội', 'obito', 'shiki, vstra')"
hai thế giới,hoàng thống,trang hàn,zingmp3,18,2025-10-16,"vietnam indie, v-pop",0fXxzf54BMzKQjFSYIpSH5,haithegioi||hoangthong,"('hai thế giới', 'hoàng, thống', 'hàn, trang')"
hải trình tan vỡ,trungg i.u,phạm anh duy,zingmp3,50,2025-09-15,"v-pop, vinahouse, vietnam indie",5teXF6aAKNuZSSpaP7Bjbo,haitrinhtanvo||trunggiu,"('hải trình tan vỡ', 'i, trungg, u', 'anh, duy, phạm')"
hãy nói anh sai rồi,phùng khánh linh,nan,apple,53,2025-10-18,"v-pop, vietnam indie",1mZCfyJVxvkqkKd3xlOk2H,haynoianhsairoi||phungkhanhlinh,"('hãy nói anh sai rồi', 'khánh, linh, phùng', 'nan')"
hãy trao cho anh,sơn tùng m-tp,snoop dogg,nct,55,2019-07-02,"v-pop, vinahouse, vietnamese hip hop",5x5Vx0Musv3LSUKzjY73mA,haytraochoanh||sontungmtp,"('hãy trao cho anh', 'm-tp, sơn, tùng', 'dogg, snoop')"
hẹn gặp em dưới ánh trăng,manbo,"hieuthuhai, hurrykng",spotify,63,2020-09-25,"vietnamese hip hop, v-pop, vietnam indie",0s7RyyUlQfd8mnnboHe18n,hengapemduoianhtrang||manbo,"('hẹn gặp em dưới ánh trăng', 'manbo', 'hieuthuhai, hurrykng')"
hermosa,anh trai say hi,"sơn.k, buitruonglinh, tez, mason nguyen, congb","nct, zingmp3",60,2025-09-29,"v-pop, vietnamese hip hop",7tDEWTNvUrVDCWdOrJWATZ,hermosa||anhtraisayhi,"('hermosa', 'anh, hi, say, trai', 'buitruonglinh, congb, k, mason, nguyen, sơn, tez')"
hiện thực phũ phàng,phùng khánh linh,nan,apple,56,2025-10-18,"v-pop, vietnam indie",28X9PA12ANiyb1qExK6AEG,hienthucphuphang||phungkhanhlinh,"('hiện thực phũ phàng', 'khánh, linh, phùng', 'nan')"
hoa,chung thanh duy,nan,zingmp3,32,2025-06-26,"vinahouse, v-pop, vietnamese hip hop, vietnamese lo-fi",5Dn0JXPDrBrYW3CXEaAnRl,hoa||chungthanhduy,"('hoa', 'chung, duy, thanh', 'nan')"
hoa bất tử,thành đạt,nan,zingmp3,38,2025-04-18,"vinahouse, v-pop",3lotckWqqycAqYCGan0zZe,hoabattu||thanhdat,"('hoa bất tử', 'thành, đạt', 'nan')"
hoa đỗ quyên,khả hiệp,nan,zingmp3,13,2025-09-22,"vinahouse, v-pop, vietnamese lo-fi",683tqruHrjbdocY4cJtCW5,hoadoquyen||khahiep,"('hoa đỗ quyên', 'hiệp, khả', 'nan')"
hóa giải bằng nước mắt,cao thái sơn,lê chí trung,zingmp3,36,2024-10-25,"v-pop, vinahouse, vietnamese bolero",3OQiIsw7pY51x5OXtuD7qm,hoagiaibangnuocmat||caothaison,"('hóa giải bằng nước mắt', 'cao, sơn, thái', 'chí, lê, trung')"
họa sĩ tồi,thái học,nan,zingmp3,49,2025-08-10,"vinahouse, v-pop, vietnamese bolero, vietnamese lo-fi",112QD7xBOqcYhe4eFrGlxu,hoasitoi||thaihoc,"('họa sĩ tồi', 'học, thái', 'nan')"
hơn là bạn,anh trai say hi,"ngô kiến huy, vũ cát tường, karik, vương bình, sơn.k, min","apple, nct, spotify, zingmp3",52,2025-11-03,"v-pop, vietnamese hip hop",6HfodJwwVoCsygZqZ2xKYN,honlaban||anhtraisayhi,"('hơn là bạn', 'anh, hi, say, trai', 'bình, cát, huy, k, karik, kiến, min, ngô, sơn, tường, vũ, vương')"
hư không,kha,nan,spotify,61,2023-12-14,"v-pop, vietnamese lo-fi, vietnam indie, vietnamese hip hop",3A9A7mfVDVm3rrS9SMGhg5,hukhong||kha,"('hư không', 'kha', 'nan')"
id 072019,w/n,nan,spotify,64,2023-07-31,"v-pop, vietnamese lo-fi, vietnamese hip hop, vietnam indie",1o6cYDMHvKOfizi4d9Lqxr,id072019||wn,"('id 072019', 'n, w', 'nan')"
ilysmbihtlyg (interlude),min,nan,apple,49,2025-10-22,"v-pop, vietnamese hip hop, vietnam indie, vinahouse",3To9alnOgQ0abb9odA1C74,ilysmbihtlyginterlude||min,"('ilysmbihtlyg interlude', 'min', 'nan')"
in love,low g,justatee,"apple, nct, spotify, zingmp3",66,2025-10-21,"vietnamese hip hop, v-pop, vietnam indie",7uUuftbcr94tzGOCJSM25u,inlove||lowg,"('in love', 'g, low', 'justatee')"
kệ nhắm mắt yêu luôn,hana cẩm tiên,tuệ ny,zingmp3,32,2025-08-05,"vinahouse, v-pop, vietnamese bolero, vietnamese lo-fi",1tteKpc4fNBOmx9kjORyeH,kenhammatyeuluon||hanacamtien,"('kệ nhắm mắt yêu luôn', 'cẩm, hana, tiên', 'ny, tuệ')"
kẻ say tình,quốc thiên,nan,zingmp3,40,2025-07-30,"v-pop, vietnamese bolero",6a5IEsMgdzImE9cYLAQ900,kesaytinh||quocthien,"('kẻ say tình', 'quốc, thiên', 'nan')"
kết thúc và chia tay,nguyễn kiều oanh,nan,zingmp3,34,2025-10-21,v-pop,7wnIhOc840NgqG4xEbcWvu,ketthucvachiatay||nguyenkieuoanh,"('kết thúc và chia tay', 'kiều, nguyễn, oanh', 'nan')"
khi em lớn,orange,hoàng dũng,spotify,59,2021-04-20,"v-pop, vietnamese hip hop, vietnam indie, vinahouse",3J06iY9IRWKr1H0zIxrUby,khiemlon||orange,"('khi em lớn', 'orange', 'dũng, hoàng')"
kho báu,(s)trong,nan,"apple, nct, spotify, zingmp3",64,2025-08-14,"v-pop, vietnam indie",2qrpmvkxE0oz78ym1LEvXd,khobau||strong,"('kho báu', 's, trong', 'nan')"
kho báu (rock ver.),(s)trong,nan,zingmp3,30,2025-11-06,"v-pop, vietnam indie",55ZbetqAcpX94GDFvtuN1G,khobaurockver||strong,"('kho báu rock ver.', 's, trong', 'nan')"
kho báu (with rhymastic),(s)trong,rhymastic,"apple, nct, zingmp3",64,2025-08-14,"v-pop, vietnam indie",2qrpmvkxE0oz78ym1LEvXd,khobauwithrhymastic||strong,"('kho báu with rhymastic', 's, trong', 'rhymastic')"
khóa ly biệt,the masked singer,voi bản đôn,nct,51,2023-11-05,v-pop,3BlB5wlzdbgCJGkuPcNVIW,khoalybiet||themaskedsinger,"('khóa ly biệt', 'masked, singer, the', 'bản, voi, đôn')"
khóc blóck,phùng khánh linh,nan,apple,51,2025-10-18,"v-pop, vietnam indie",7D7Atev6IsLXMvO7Z5MnL0,khocblock||phungkhanhlinh,"('khóc blóck', 'khánh, linh, phùng', 'nan')"
không buông,hngle,ari,"apple, nct, spotify, zingmp3",70,2025-08-25,v-pop,1ApIGNgp1azc0qB61x4GzG,khongbuong||hngle,"('không buông', 'hngle', 'ari')"
không đau nữa rồi,em xinh say hi,"orange, châu bùi, mỹ mỹ, pháp kiều, 52hz","apple, nct, spotify, zingmp3",67,2025-06-23,v-pop,1uiqiUzPn2EJpvHDy84PEZ,khongdaunuaroi||emxinhsayhi,"('không đau nữa rồi', 'em, hi, say, xinh', '52hz, bùi, châu, kiều, mỹ, orange, pháp')"
không thể say,hieuthuhai,nan,"apple, spotify",67,2023-10-16,"v-pop, vietnamese hip hop, vietnamese lo-fi, vietnam indie, vinahouse",1K0HQ30Wc11okzlcnFA7Ub,khongthesay||hieuthuhai,"('không thể say', 'hieuthuhai', 'nan')"
không thời gian,dương domic,nan,"apple, nct, spotify, zingmp3",67,2025-09-20,"v-pop, vietnamese hip hop",6GUKRhIsWxA7VuZW8MKQLG,khongthoigian||duongdomic,"('không thời gian', 'domic, dương', 'nan')"
không yêu em thì yêu ai?,vũ.,low g,spotify,64,2024-09-27,"v-pop, vietnam indie, vietnamese lo-fi",0e6fZkLArSmDIHnZcIua7t,khongyeuemthiyeuai||vu,"('không yêu em thì yêu ai?', 'vũ', 'g, low')"
kịch bản,táo,hoàng yến chibi,spotify,58,2025-10-23,"vietnamese hip hop, vietnamese lo-fi, vietnam indie, v-pop",0gxXkhbz8x0P0GNN2Pc3lm,kichban||tao,"('kịch bản', 'táo', 'chibi, hoàng, yến')"
là ai có tội,lê gia bảo,t.a.p entertainment (producer t.a),zingmp3,0,2025-11-12,"vinahouse, v-pop, vietnamese lo-fi, vietnam indie",5As0A07tKPUb0Cj6EIMSJ8,laaicotoi||legiabao,"('là ai có tội', 'bảo, gia, lê', 'a, entertainment, p, producer, t')"
lạ lùng,vũ.,nan,"apple, spotify",64,2016-12-24,"v-pop, vietnam indie, vietnamese lo-fi",5Bti0azlFhMattVY76qFr9,lalung||vu,"('lạ lùng', 'vũ', 'nan')"
lễ đường,kai đinh,nan,"spotify, zingmp3",62,2025-03-09,"v-pop, vietnamese lo-fi, vietnam indie",3y66li7DIrH7HLKIZzxR5H,leduong||kaidinh,"('lễ đường', 'kai, đinh', 'nan')"
lệ ngang trời,hồ nhi,a tuân,zingmp3,28,2025-06-27,none,0efBHrS8V1AcHTDRynEG5g,lengangtroi||honhi,"('lệ ngang trời', 'hồ, nhi', 'a, tuân')"
linh cảm,phùng khánh linh,nan,"apple, zingmp3",55,2025-10-18,"v-pop, vietnam indie",2EnTkrLXgoGQ1S9atYZu2F,linhcam||phungkhanhlinh,"('linh cảm', 'khánh, linh, phùng', 'nan')"
lo người ướt áo,nguyễn thạc bảo ngọc,nan,zingmp3,0,2025-11-11,"vinahouse, v-pop",5XnkbEgL1vKoor7Us9YLTr,longuoiuotao||nguyenthacbaongoc,"('lo người ướt áo', 'bảo, nguyễn, ngọc, thạc', 'nan')"
loser,min,chillies,apple,54,2025-10-22,"v-pop, vietnamese hip hop, vietnam indie, vinahouse",30iU0Hny521RxJVtDq2LH9,loser||min,"('loser', 'min', 'chillies')"
love game,low g,tlinh,"apple, nct, spotify, zingmp3",63,2025-09-11,"vietnamese hip hop, v-pop, vietnam indie",0x7rhEP1Tak1guiTYODlic,lovegame||lowg,"('love game', 'g, low', 'tlinh')"
love is,dangrangto,nan,spotify,64,2023-06-27,"vietnamese hip hop, v-pop",226ljdOTLM2clGpm4mZvAm,loveis||dangrangto,"('love is', 'dangrangto', 'nan')"
love my friend,shayda,nan,"apple, spotify",59,2025-10-10,"v-pop, vietnamese hip hop",6CjmlnDoRepubCwg3hFO1H,lovemyfriend||shayda,"('love my friend', 'shayda', 'nan')"
lưới tình,j.ade,nan,zingmp3,28,2025-10-30,"v-pop, vietnam indie",2Fxyo0hUNokG0pIGFlTWII,luoitinh||jade,"('lưới tình', 'ade, j', 'nan')"
lý do nào để quay lại với nhau,par sg,new$oulz,spotify,66,2022-05-20,"vietnamese lo-fi, vietnamese hip hop, v-pop, vietnam indie",11OxuU5y7ebAJyKaY8dOl0,lydonaodequaylaivoinhau||parsg,"('lý do nào để quay lại với nhau', 'par, sg', 'new$oulz')"
make up,anh trai say hi,"dillan hoàng phan, buitruonglinh, đỗ nam sơn, lohan, ryn lee, bảo thy","nct, zingmp3",48,2025-11-03,"v-pop, vietnamese hip hop",4jXsORpwH2lE52E0Md8u7y,makeup||anhtraisayhi,"('make up', 'anh, hi, say, trai', 'buitruonglinh, bảo, dillan, hoàng, lee, lohan, nam, phan, ryn, sơn, thy, đỗ')"
mảnh tình sai đôi,quang hà,nan,zingmp3,36,2025-08-18,"vinahouse, v-pop, vietnamese bolero",4CbfBM3cqdXilXNSat7mnP,manhtinhsaidoi||quangha,"('mảnh tình sai đôi', 'hà, quang', 'nan')"
mảnh tình sai đôi,thành đạt,nan,zingmp3,34,2025-10-08,"vinahouse, v-pop",2cY72eGi5dHcjRgKijHFFu,manhtinhsaidoi||thanhdat,"('mảnh tình sai đôi', 'thành, đạt', 'nan')"
mảnh tình sai đôi,yến nhi,nan,zingmp3,29,2025-10-02,"v-pop, vinahouse",2ik6v5h2sXSiUjfbchPRtb,manhtinhsaidoi||yennhi,"('mảnh tình sai đôi', 'nhi, yến', 'nan')"
mất kết nối,dương domic,nan,"apple, nct, spotify",66,2024-11-22,"v-pop, vietnamese hip hop",3CmacJj7VC4W6daC8BWd0h,matketnoi||duongdomic,"('mất kết nối', 'domic, dương', 'nan')"
mê cung 79 (metal rock),phương thanh,nan,zingmp3,7,2025-10-17,"v-pop, vietnamese bolero",3LV8EqCzpObmq8eI7nMZ4D,mecung79metalrock||phuongthanh,"('mê cung 79 metal rock', 'phương, thanh', 'nan')"
mến tay mến chân,phạm quỳnh anh,thanh duy,zingmp3,24,2025-11-05,v-pop,780fc4fTrkO9lW89f4F9jO,mentaymenchan||phamquynhanh,"('mến tay mến chân', 'anh, phạm, quỳnh', 'duy, thanh')"
mình là người yêu cũ,khả hiệp,nan,zingmp3,37,2025-07-22,"vinahouse, v-pop, vietnamese lo-fi",2FkAmNeQP75saHAecg0vkr,minhlanguoiyeucu||khahiep,"('mình là người yêu cũ', 'hiệp, khả', 'nan')"
missing you,phương ly,nan,apple,54,2020-08-18,"v-pop, vietnamese hip hop, vietnam indie, vinahouse",7D5hQQZXK33EpJdn1zdLch,missingyou||phuongly,"('missing you', 'ly, phương', 'nan')"
mo,vũ cát tường,nan,spotify,68,2016-01-01,"v-pop, vietnam indie",2a5hng9yXtbjtTVVm9UviC,mo||vucattuong,"('mo', 'cát, tường, vũ', 'nan')"
moiem,dangrangto,donal,spotify,62,2024-11-06,"vietnamese hip hop, v-pop",265hQASPY3HFmUH38zZrSK,moiem||dangrangto,"('moiem', 'dangrangto', 'donal')"
mộng tình si,đan trường,"hòa minzy, lê thành trung",zingmp3,0,2025-11-08,none,2XRX3BGuwrIQd5vJR4U2KJ,mongtinhsi||dantruong,"('mộng tình si', 'trường, đan', 'hòa, lê, minzy, thành, trung')"
một bài hát không vui mấy - extended version,t.r.i,"dangrangto, donal",spotify,65,2024-12-24,"v-pop, vietnamese lo-fi, vietnam indie, vietnamese hip hop",36fgG6NiEuQXznNgf5y2Ck,motbaihatkhongvuimayextendedversion||tri,"('một bài hát không vui mấy extended version', 'i, r, t', 'dangrangto, donal')"
một đời,14 casper,"bon nghiêm, buitruonglinh","nct, spotify",62,2023-03-03,"v-pop, vietnamese lo-fi, vietnam indie",4gaxEUZE4z9pJAVTSFwgQI,motdoi||14casper,"('một đời', '14, casper', 'bon, buitruonglinh, nghiêm')"
một mình chẳng sao,ngân ngân,nan,zingmp3,11,2025-10-31,"vinahouse, v-pop, vietnamese bolero",61p3IxFOF7tzVJvl2whEmP,motminhchangsao||nganngan,"('một mình chẳng sao', 'ngân', 'nan')"
một mình ở đây,bùi lan hương,nan,zingmp3,32,2025-06-20,"v-pop, vietnam indie",2Voeolkjs3dZxjK04Kpdkh,motminhoday||builanhuong,"('một mình ở đây', 'bùi, hương, lan', 'nan')"
mùa mưa ấy,vũ.,nan,apple,57,2024-09-27,"v-pop, vietnam indie, vietnamese lo-fi",3qllaNK66kKxX123f0eKpj,muamuaay||vu,"('mùa mưa ấy', 'vũ', 'nan')"
mục hạ vô nhân,soobin,"binz, nsnd huỳnh tú","apple, nct, spotify",47,2025-11-10,"v-pop, vietnamese hip hop, vietnam indie, vinahouse",2jbwrUF3CCe68kztsvLsNC,muchavonhan||soobin,"('mục hạ vô nhân', 'soobin', 'binz, huỳnh, nsnd, tú')"
muốn cua anh làm bồ,dương ái vy,htm,zingmp3,41,2025-07-08,"vinahouse, v-pop, vietnamese hip hop",5dCbl3Jx20Yx65YN6bmXU0,muoncuaanhlambo||duongaivy,"('muốn cua anh làm bồ', 'dương, vy, ái', 'htm')"
muộn rồi mà sao còn,sơn tùng m-tp,nan,spotify,62,2021-04-29,"v-pop, vinahouse, vietnamese hip hop",4vfhartd7HDWGJbdVIycEu,muonroimasaocon||sontungmtp,"('muộn rồi mà sao còn', 'm-tp, sơn, tùng', 'nan')"
mỹ vị cuộc đời,trung quân,nan,zingmp3,35,2025-11-04,"v-pop, vietnam indie",7cRJyJIwN1BOBzvgxn9nJw,myvicuocdoi||trungquan,"('mỹ vị cuộc đời', 'quân, trung', 'nan')"
nằm bên anh,minh đinh,hà an huy,spotify,57,2025-05-16,"vietnam indie, v-pop, vietnamese hip hop",5LuyL5o2BcFKK4FOJLYsSy,nambenanh||minhdinh,"('nằm bên anh', 'minh, đinh', 'an, huy, hà')"
nắng ấm trong tim,duongg,dadeon,"nct, spotify, zingmp3",57,2025-10-24,"vietnamese lo-fi, v-pop, vietnam indie",3rIQPhzwnHiF3PzfFVnXp5,nangamtrongtim||duongg,"('nắng ấm trong tim', 'duongg', 'dadeon')"
nắng có mang em về,shartnuss,"tr.d, phankeo",spotify,68,2023-10-21,"v-pop, vietnam indie",6kCU6i8iRrAAmJJ8Sj4JYC,nangcomangemve||shartnuss,"('nắng có mang em về', 'shartnuss', 'd, phankeo, tr')"
nắng dưới chân mây,nguyễn hữu kha,nan,nct,54,2025-06-18,"vinahouse, v-pop",0rpypmIyrvM4ORUt8SYSdP,nangduoichanmay||nguyenhuukha,"('nắng dưới chân mây', 'hữu, kha, nguyễn', 'nan')"
nàng thơ,hoàng dũng,nan,apple,56,2020-12-16,"v-pop, vietnam indie, vietnamese lo-fi, vietnamese hip hop",1w3eUC89GPspKpi62tPwjt,nangtho||hoangdung,"('nàng thơ', 'dũng, hoàng', 'nan')"
nếu biết đó là lần cuối,đức trường,bmz,spotify,60,2022-08-19,v-pop,2w7jOvl0kpplNxisgfnCdT,neubietdolalancuoi||ductruong,"('nếu biết đó là lần cuối', 'trường, đức', 'bmz')"
nếu lúc đó,tlinh,2pillz,"apple, spotify",63,2023-08-16,"v-pop, vietnamese hip hop, vietnam indie, vinahouse",5ouxRyInSdRBQubu3KTd97,neulucdo||tlinh,"('nếu lúc đó', 'tlinh', '2pillz')"
nếu ngày ấy,soobin,nan,spotify,63,2019-07-22,"v-pop, vietnamese hip hop, vietnam indie, vinahouse",4BdB08vuS9r4HOoY7GkAxT,neungayay||soobin,"('nếu ngày ấy', 'soobin', 'nan')"
nếu những tiếc nuối,vũ.,nan,"apple, spotify",59,2024-09-27,"v-pop, vietnam indie, vietnamese lo-fi",2dPJtlvoa3GDowCh035M8P,neunhungtiecnuoi||vu,"('nếu những tiếc nuối', 'vũ', 'nan')"
ngã về không,đặng thiên chí,nan,zingmp3,30,2025-05-09,"vinahouse, vietnamese lo-fi",4OZpPHVEIIHFhVOu2DBGJd,ngavekhong||dangthienchi,"('ngã về không', 'chí, thiên, đặng', 'nan')"
ngàn năm ánh sáng,đặng vĩnh thịnh,bmz,"nct, spotify, zingmp3",66,2025-07-30,"v-pop, vietnam indie",4nyoalDFgUaZOzIKqj3aS5,ngannamanhsang||dangvinhthinh,"('ngàn năm ánh sáng', 'thịnh, vĩnh, đặng', 'bmz')"
ngày bình thường quên người mình thương,phát huy t4,nan,zingmp3,35,2025-09-11,"vinahouse, v-pop, vietnamese lo-fi",5g7XMUEmsbomaF9iSfZX4s,ngaybinhthuongquennguoiminhthuong||phathuyt4,"('ngày bình thường quên người mình thương', 'huy, phát, t4', 'nan')"
ngày mai em đi,lê hiếu,"soobin, touliver",spotify,59,2017-08-02,"v-pop, vietnam indie, vietnamese bolero, vietnamese hip hop, vinahouse",0ZP4bO2ywAv44HiEzzHaq5,ngaymaiemdi||lehieu,"('ngày mai em đi', 'hiếu, lê', 'soobin, touliver')"
ngày này năm ấy,việt anh,nan,"apple, nct, spotify, zingmp3",65,2025-07-12,"vinahouse, v-pop",1WbTOu4D2oHK9fg2qR6msd,ngaynaynamay||vietanh,"('ngày này năm ấy', 'anh, việt', 'nan')"
ngày này năm ấy (metal rock),việt anh,nan,"nct, zingmp3",48,2025-10-19,"vinahouse, v-pop",3vCLYX5igpqSYXbFrbw9a9,ngaynaynamaymetalrock||vietanh,"('ngày này năm ấy metal rock', 'anh, việt', 'nan')"
ngây ther,kidsai,"vstra, whenitsasunniday",spotify,54,2025-10-30,"v-pop, vietnamese hip hop, vietnam indie",437CIQ8M980cDL9Xh9eUoP,ngayther||kidsai,"('ngây ther', 'kidsai', 'vstra, whenitsasunniday')"
nghe như tình yêu,hieuthuhai,nan,spotify,61,2021-07-09,"v-pop, vietnamese hip hop, vietnamese lo-fi, vietnam indie, vinahouse",1J12HjUuXfJnaUdubTEzSR,nghenhutinhyeu||hieuthuhai,"('nghe như tình yêu', 'hieuthuhai', 'nan')"
người bình thường,vũ cát tường,nan,spotify,61,2023-12-04,"v-pop, vietnam indie",1fFvYVg1v3rpUSqKNCUh7b,nguoibinhthuong||vucattuong,"('người bình thường', 'cát, tường, vũ', 'nan')"
người đầu tiên,em xinh say hi,juky san,"nct, spotify, zingmp3",68,2025-08-18,v-pop,3qKeW2XJFZU5CvOQKStQW6,nguoidautien||emxinhsayhi,"('người đầu tiên', 'em, hi, say, xinh', 'juky, san')"
người đầu tiên,juky san,buitruonglinh,"apple, nct, spotify, zingmp3",68,2025-08-18,v-pop,3qKeW2XJFZU5CvOQKStQW6,nguoidautien||jukysan,"('người đầu tiên', 'juky, san', 'buitruonglinh')"
người như anh xứng đáng cô đơn,anh trai say hi,"vũ cát tường, karik, negav, ngô kiến huy, jey b","apple, nct, spotify, zingmp3",68,2025-09-29,"v-pop, vietnamese hip hop",5u5AsK8JLgkr154QHZjJqh,nguoinhuanhxungdangcodon||anhtraisayhi,"('người như anh xứng đáng cô đơn', 'anh, hi, say, trai', 'b, cát, huy, jey, karik, kiến, negav, ngô, tường, vũ')"
người yêu chưa sinh ra,anh trai say hi,"ogenus, bigdaddy, phúc du, hustlang robber, dillan hoàng phan","apple, nct, zingmp3",60,2025-09-29,"v-pop, vietnamese hip hop",2ix8KB1Xm7rRGzkh3i8P1d,nguoiyeuchuasinhra||anhtraisayhi,"('người yêu chưa sinh ra', 'anh, hi, say, trai', 'bigdaddy, dillan, du, hoàng, hustlang, ogenus, phan, phúc, robber')"
nhà tôi có treo một lá cờ,dtap,hà anh tuấn,zingmp3,52,2025-08-19,v-pop,2L3R75fV5mZIGDVm3nDKqI,nhatoicotreomotlaco||dtap,"('nhà tôi có treo một lá cờ', 'dtap', 'anh, hà, tuấn')"
nhắn nhủ,ronboogz,nan,spotify,64,2023-12-12,"v-pop, vietnamese hip hop, vietnam indie",2uZmeuNAxSm7XfVIwLkhCx,nhannhu||ronboogz,"('nhắn nhủ', 'ronboogz', 'nan')"
nhiều chuyện,the flob,nan,zingmp3,38,2025-10-24,"vietnam indie, v-pop",2Dz03B4vbLiViXJvHOFrm9,nhieuchuyen||theflob,"('nhiều chuyện', 'flob, the', 'nan')"
nhiều hơn,low g,nan,"apple, spotify",59,2025-10-21,"vietnamese hip hop, v-pop, vietnam indie",3PvxUf6vng5MtK1xDtbmFh,nhieuhon||lowg,"('nhiều hơn', 'g, low', 'nan')"
nhói lòng thuyền hoa (rock version),tlong,lkt media,zingmp3,4,2025-10-28,"vinahouse, v-pop, vietnamese lo-fi",2dbZRzKtHp4NSnFwECJp6g,nhoilongthuyenhoa||tlong,"('nhói lòng thuyền hoa rock version', 'tlong', 'lkt, media')"
những lời hứa bỏ quên,vũ.,dear jane,"apple, nct, spotify",58,2024-09-27,"v-pop, vietnam indie, vietnamese lo-fi",1LJyhnPdYGRLerwJd8CmL1,nhungloihuaboquen||vu,"('những lời hứa bỏ quên', 'vũ', 'dear, jane')"
nỗi đau giữa hòa bình,hòa minzy,nguyễn văn chung,zingmp3,55,2025-08-22,"v-pop, vinahouse",0S1uRwIQF1AWR6gp4iXntl,noidaugiuahoabinh||hoaminzy,"('nỗi đau giữa hòa bình', 'hòa, minzy', 'chung, nguyễn, văn')"
nói dối,ronboogz,nan,spotify,66,2022-12-12,"v-pop, vietnamese hip hop, vietnam indie",3ET3xHCLMGd57u06A9RjJ0,noidoi||ronboogz,"('nói dối', 'ronboogz', 'nan')"
nơi này có anh,sơn tùng m-tp,nan,"nct, spotify",64,2017-04-01,"v-pop, vinahouse, vietnamese hip hop",5rSAUmbOg4giDrM29vUyHe,noinaycoanh||sontungmtp,"('nơi này có anh', 'm-tp, sơn, tùng', 'nan')"
nỗi nhớ không tên,will,myra trần,zingmp3,35,2025-10-15,"v-pop, vietnam indie, vietnamese lo-fi",4MoHww9gEkwPbPWoebIVra,noinhokhongten||will,"('nỗi nhớ không tên', 'will', 'myra, trần')"
nolovenolife,hieuthuhai,nan,"apple, spotify",61,2023-10-16,"v-pop, vietnamese hip hop, vietnamese lo-fi, vietnam indie, vinahouse",6D94p9ASguBcYlDC0o56vx,nolovenolife||hieuthuhai,"('nolovenolife', 'hieuthuhai', 'nan')"
nụ hôn đầu,đậu tất đạt,nan,zingmp3,11,2025-10-30,"v-pop, vietnamese hip hop, vietnam indie",2cZEbXZ7i1HVn2FvXrqInO,nuhondau||dautatdat,"('nụ hôn đầu', 'tất, đạt, đậu', 'nan')"
nửa quân bài,trịnh đình quang,nan,zingmp3,6,2025-11-05,"vinahouse, v-pop",1Cz1n58NwjYu2Oh5actO2b,nuaquanbai||trinhdinhquang,"('nửa quân bài', 'quang, trịnh, đình', 'nan')"
nước mắt cá sấu,hieuthuhai,nan,apple,63,2025-04-01,"v-pop, vietnamese hip hop, vietnamese lo-fi, vietnam indie, vinahouse",39XiO6D9cuMfJXObD6gVjY,nuocmatcasau||hieuthuhai,"('nước mắt cá sấu', 'hieuthuhai', 'nan')"
ôm lấy trái tim,kairon,nan,zingmp3,45,2025-05-23,v-pop,3o1Dy1cZKTmaEIxRgBlALQ,omlaytraitim||kairon,"('ôm lấy trái tim', 'kairon', 'nan')"
panorama,richie d. icy,obito,"apple, nct, spotify",62,2025-10-10,"vietnamese hip hop, v-pop",6gmvd9Lld9MiNR9r6I9eFE,panorama||richiedicy,"('panorama', 'd, icy, richie', 'obito')"
past won't leave my bed,joji,nan,apple,76,2025-11-07,none,16Z0an8D4BJNm3VbWWpTnv,pastwontleavemybed||joji,"(""past won't leave my bed"", 'joji', 'nan')"
peace n' love,low g,mỹ anh,zingmp3,51,2025-10-21,"vietnamese hip hop, v-pop, vietnam indie",6AJXc3mnynpCegfUcQbwat,peacenlove||lowg,"(""peace n' love"", 'g, low', 'anh, mỹ')"
phải viết bao nhiêu bản tình ca,min,nan,apple,55,2025-10-22,"v-pop, vietnamese hip hop, vietnam indie, vinahouse",5D7MGNckkAAGAiDqUDFclP,phaivietbaonhieubantinhca||min,"('phải viết bao nhiêu bản tình ca', 'min', 'nan')"
phép màu,maydays,minh tốc & lam,"apple, nct, spotify",68,2025-02-21,"v-pop, vietnam indie",1DVYafsLmcQySKkJnY4RCs,phepmau||maydays,"('phép màu', 'maydays', 'lam, minh, tốc')"
phim ba người,nguyễn vĩ,nan,zingmp3,47,2025-04-20,"vinahouse, v-pop",1ngbmFciEb4Kz19bPvPYby,phimbanguoi||nguyenvi,"('phim ba người', 'nguyễn, vĩ', 'nan')"
phong sương tửu (ca si thiên đình),thiên đình,nan,zingmp3,29,2025-10-22,"vinahouse, v-pop",6QAFJqZCOZ6ctgdA1tyGZ8,phongsuongtuucasithiendinh||thiendinh,"('phong sương tửu ca si thiên đình', 'thiên, đình', 'nan')"
phóng zìn zìn,tlinh,low g,"apple, spotify",65,2024-09-18,"v-pop, vietnamese hip hop, vietnam indie, vinahouse",3COYA2vgfcUhDyRlVpZy5p,phongzinzin||tlinh,"('phóng zìn zìn', 'tlinh', 'g, low')"
pin dự phòng,dương domic,lou hoàng,"apple, spotify",57,2024-11-22,"v-pop, vietnamese hip hop",29Tj2R8sZZ3fzlXZVe1OyY,pinduphong||duongdomic,"('pin dự phòng', 'domic, dương', 'hoàng, lou')"
polite,sonaone,tlinh,zingmp3,48,2025-11-04,"malay rap, malay, malay pop, malaysian pop",3EfychxMku3sRuso0jkGis,polite||sonaone,"('polite', 'sonaone', 'tlinh')"
quá muộn,min,nan,apple,57,2025-10-22,"v-pop, vietnamese hip hop, vietnam indie, vinahouse",1rT8AzuWBXNbB6BFrGmxYV,quamuon||min,"('quá muộn', 'min', 'nan')"
quên rồi khổ đau năm ấy,vicky nhung,đông thiên đức,zingmp3,32,2025-04-17,"vinahouse, v-pop, vietnamese lo-fi",28pdR27ksvbwEDuLy8pb4r,quenroikhodaunamay||vickynhung,"('quên rồi khổ đau năm ấy', 'nhung, vicky', 'thiên, đông, đức')"
quyền yếu đuối,miina,"rin9, dreamer","nct, zingmp3",49,2025-10-12,v-pop,5hxSgb5GRPvcjg06W4C3cF,quyenyeuduoi||miina,"('quyền yếu đuối', 'miina', 'dreamer, rin9')"
rơi tự do,em xinh say hi,lyhan,zingmp3,58,2025-08-18,v-pop,2xxneabRzrlVgHRv0HtHxl,roitudo||emxinhsayhi,"('rơi tự do', 'em, hi, say, xinh', 'lyhan')"
sad nhân,(s)trong,nan,zingmp3,45,2025-09-24,"v-pop, vietnam indie",2FqWfZLNHJTXMYZIB5U3rw,sadnhan||strong,"('sad nhân', 's, trong', 'nan')"
sài gòn hôm nay mưa,jsol,hoàng duyên,spotify,62,2021-05-29,"v-pop, vietnamese hip hop, vietnamese lo-fi",1xoadYaxtOp9gHDwgmPDuz,saigonhomnaymua||jsol,"('sài gòn hôm nay mưa', 'jsol', 'duyên, hoàng')"
sân ga đời anh,dương masterd,nan,zingmp3,0,2025-10-18,none,7Hq4Qu97GjkzDVY9IQEpgF,sangadoianh||duongmasterd,"('sân ga đời anh', 'dương, masterd', 'nan')"
sau cơn mưa,coolkid,rhyder,spotify,64,2023-07-28,"v-pop, vietnamese hip hop",4fj4Jn4nw8fGX8xdbCntJf,sauconmua||coolkid,"('sau cơn mưa', 'coolkid', 'rhyder')"
sau cơn suy,rhyder,nan,"nct, zingmp3",62,2025-09-18,"v-pop, vietnamese hip hop",3VFb1YDFdoS6vRYW9n0egd,sauconsuy||rhyder,"('sau cơn suy', 'rhyder', 'nan')"
sau ngần ấy năm,hà nhi,nan,zingmp3,50,2025-05-21,"v-pop, vinahouse, vietnam indie, vietnamese lo-fi",2k6iN3YG0R1uIWIhY4GsH9,saunganaynam||hanhi,"('sau ngần ấy năm', 'hà, nhi', 'nan')"
say một đời vì em,nguyên vũ,nan,zingmp3,32,2025-09-26,"v-pop, vinahouse",7BEPNEzZYMQp7I5XNrIMcY,saymotdoiviem||nguyenvu,"('say một đời vì em', 'nguyên, vũ', 'nan')"
simp gái 808,low g,nan,spotify,61,2023-10-18,"vietnamese hip hop, v-pop, vietnam indie",2ppLwHSMgDGEQ5c8o6nAX2,simpgai808||lowg,"('simp gái 808', 'g, low', 'nan')"
sinh ra đã là thứ đối lập nhau,emcee l,"da lab, badbies",spotify,65,2020-12-29,"v-pop, vietnamese lo-fi, vietnam indie, vietnamese hip hop",5BTzf3doGTigDIYUFtbkI9,sinhradalathudoilapnhau||emceel,"('sinh ra đã là thứ đối lập nhau', 'emcee, l', 'badbies, da, lab')"
sớm muộn thì,anh trai say hi,"hustlang robber, nhâm phương nam, mason nguyen, jaysonlei, khoi vu, lamoon","apple, nct, spotify, zingmp3",46,2025-11-10,"v-pop, vietnamese hip hop",4yy21UkGZ7gZEGbSERllpE,sommuonthi||anhtraisayhi,"('sớm muộn thì', 'anh, hi, say, trai', 'hustlang, jaysonlei, khoi, lamoon, mason, nam, nguyen, nhâm, phương, robber, vu')"
sự ưu tiên của em,lê gia bảo,nan,zingmp3,41,2025-03-27,"vinahouse, v-pop, vietnamese lo-fi, vietnam indie",4lMkHeFnrucJ1vRhWaPKlD,suuutiencuaem||legiabao,"('sự ưu tiên của em', 'bảo, gia, lê', 'nan')"
tạm bợ,miina,"zio.b, rin9, dreamer",zingmp3,27,2025-05-30,v-pop,00dggIDSzu0KPsK07wAGtZ,tambo||miina,"('tạm bợ', 'miina', 'b, dreamer, rin9, zio')"
tâm sự với đêm một mình,phùng khánh linh,nan,"apple, zingmp3",54,2025-10-18,"v-pop, vietnam indie",5JkQq7lTADn7UR4AzAQsnz,tamsuvoidemmotminh||phungkhanhlinh,"('tâm sự với đêm một mình', 'khánh, linh, phùng', 'nan')"
tâm trí lang thang,ánh sáng aza,negav,spotify,64,2025-05-15,v-pop,3W77mLoXjQEkNjxvYRifjG,tamtrilangthang||anhsangaza,"('tâm trí lang thang', 'aza, sáng, ánh', 'negav')"
text 07,w/n,267,zingmp3,57,2025-07-30,"v-pop, vietnamese lo-fi, vietnamese hip hop, vietnam indie",1cVc6XetpYuJRm4R1MhSW7,text07||wn,"('text 07', 'n, w', '267')"
thả anh ra,quang hùng masterd,hino,zingmp3,62,2025-08-16,"v-pop, vinahouse, vietnamese hip hop",01oJRNQrFwJu3jgGVo8K58,thaanhra||quanghungmasterd,"('thả anh ra', 'hùng, masterd, quang', 'hino')"
tham phú phụ bần,nguyễn vĩ,nan,zingmp3,41,2024-12-25,"vinahouse, vietnamese lo-fi, v-pop",3pKezs83huL6fTGrsVhfek,thamphuphuban||nguyenvi,"('tham phú phụ bần', 'nguyễn, vĩ', 'nan')"
thằng điên,justatee,phương ly,"apple, spotify",63,2022-07-11,"v-pop, vietnamese hip hop, vietnam indie",27Z9T0mSWHYWSj9SNOGvyt,thangdien||justatee,"('thằng điên', 'justatee', 'ly, phương')"
tháng năm,soobin,nan,"apple, spotify",65,2020-12-15,"v-pop, vietnamese hip hop, vietnam indie, vinahouse",0SmQ0UWeiHKQtxUej4Rem6,thangnam||soobin,"('tháng năm', 'soobin', 'nan')"
thanh xuân,da lab,nan,apple,61,2018-08-24,"v-pop, vietnamese hip hop, vietnam indie, vietnamese lo-fi, vinahouse",3b34161QoxLwsqhWSPy9i5,thanhxuan||dalab,"('thanh xuân', 'da, lab', 'nan')"
thanh xuân là anh,2t,"n.diên, shenlongz",zingmp3,51,2019-02-23,"vietnamese lo-fi, v-pop, vietnamese hip hop, vietnam indie",0NxqMsJHjk0EO77yNjAGDs,thanhxuanlaanh||2t,"('thanh xuân là anh', '2t', 'diên, n, shenlongz')"
thật không giống ai (from thà cô đơn),vicky nhung,nan,zingmp3,25,2025-11-05,"vinahouse, v-pop, vietnamese lo-fi",72iR6dKZlk5BMUhvOeE8Lp,thatkhonggiongaifromthacodon||vickynhung,"('thật không giống ai from thà cô đơn', 'nhung, vicky', 'nan')"
thấu tình,trung hiếu,nan,zingmp3,24,2025-10-04,none,1b91Vu4yC75Gs0m8AooXCo,thautinh||trunghieu,"('thấu tình', 'hiếu, trung', 'nan')"
the playah (special performance),soobin,nan,apple,51,2021-05-14,"v-pop, vietnamese hip hop, vietnam indie, vinahouse",63qZf6349d3ngku9hrzLac,theplayahspecialperformance||soobin,"('the playah special performance', 'soobin', 'nan')"
thích quá rùi nà,tlinh,trung trần,spotify,62,2023-07-14,"v-pop, vietnamese hip hop, vietnam indie, vinahouse",4qJSUFwZFouto5VZUlln75,thichquaruina||tlinh,"('thích quá rùi nà', 'tlinh', 'trung, trần')"
thiệp hồng sai tên,nguyễn thành đạt,nan,"nct, zingmp3",27,2025-10-30,none,2CRh637uw03V8RkeovhcdF,thiephongsaiten||nguyenthanhdat,"('thiệp hồng sai tên', 'nguyễn, thành, đạt', 'nan')"
thiêu thân,anh trai say hi,"khoi vu, b ray, ryn lee, phạm đình thái ngân, bùi duy ngọc",zingmp3,57,2025-09-29,"v-pop, vietnamese hip hop",5o5ITFH6KuV6OrdTJqZ80A,thieuthan||anhtraisayhi,"('thiêu thân', 'anh, hi, say, trai', 'b, bùi, duy, khoi, lee, ngân, ngọc, phạm, ray, ryn, thái, vu, đình')"
thời thế thế thời,nguyễn vĩ,nan,zingmp3,29,2025-02-17,"vinahouse, vietnamese lo-fi, v-pop",16lFf9WIESyzL8W3GP4wCd,thoithethethoi||nguyenvi,"('thời thế thế thời', 'nguyễn, vĩ', 'nan')"
thức giấc,da lab,nan,spotify,64,2021-07-14,"v-pop, vietnamese hip hop, vietnam indie, vietnamese lo-fi, vinahouse",1MiJk3dXC5jzhvLFP0dUM7,thucgiac||dalab,"('thức giấc', 'da, lab', 'nan')"
thương,bích phương,nan,zingmp3,52,2025-10-23,"v-pop, vietnamese hip hop, vinahouse, vietnam indie",64R6c49ljNaTEl7sGZxQ00,thuong||bichphuong,"('thương', 'bích, phương', 'nan')"
tiếc cho em,rhyder,nan,"spotify, zingmp3",66,2025-10-16,"v-pop, vietnamese hip hop",56LSZ1PFm7nOo734RfbEDo,tiecchoem||rhyder,"('tiếc cho em', 'rhyder', 'nan')"
tình nhân ơi,orange,binz,apple,46,2019-01-07,"v-pop, vietnamese hip hop, vietnam indie, vinahouse",7KNVYQdx7arRoeEJi9C9IR,tinhnhanoi||orange,"('tình nhân ơi', 'orange', 'binz')"
tình yêu bất diệt,hồ việt trung,saka trương tuyền,zingmp3,30,2025-04-03,"vietnamese bolero, v-pop, vinahouse, vietnamese lo-fi, bolero",3Ut2FPcM4l3wGEjvpGmulk,tinhyeubatdiet||hoviettrung,"('tình yêu bất diệt', 'hồ, trung, việt', 'saka, trương, tuyền')"
tình yêu chậm trễ,monstar,nan,spotify,62,2021-08-01,"v-pop, vietnam indie",6jcLKVmEKAQIXIVHJZ8vzS,tinhyeuchamtre||monstar,"('tình yêu chậm trễ', 'monstar', 'nan')"
trái tim không có tội,châu khải phong,nan,zingmp3,27,2025-09-10,"vinahouse, v-pop, vietnamese lo-fi, vietnamese bolero",6aET4QkbSqgaJsK1A7Nwnj,traitimkhongcotoi||chaukhaiphong,"('trái tim không có tội', 'châu, khải, phong', 'nan')"
trạm dừng chân,jack - j97,nan,zingmp3,52,2025-06-05,"v-pop, vinahouse",2LFIRb0QGk7fylgT70idKy,tramdungchan||jackj97,"('trạm dừng chân', '-, j97, jack', 'nan')"
tràn bộ nhớ,dương domic,nan,spotify,64,2024-11-22,"v-pop, vietnamese hip hop",0669gFIK8dYK9GGQ0K0QNF,tranbonho||duongdomic,"('tràn bộ nhớ', 'domic, dương', 'nan')"
trọn vẹn chính mình,hương giang,nguyễn văn chung,zingmp3,23,2025-11-07,"v-pop, vietnamese bolero",51jTXqdqEMoXsa73nqb05a,tronvenchinhminh||huonggiang,"('trọn vẹn chính mình', 'giang, hương', 'chung, nguyễn, văn')"
tự dưng thành người lạ,quốc thiên,nan,zingmp3,26,2025-10-29,"v-pop, vietnamese bolero",0Mys71ZrkIYW1q0Hok3oJW,tudungthanhnguoila||quocthien,"('tự dưng thành người lạ', 'quốc, thiên', 'nan')"
từng là,vũ cát tường,nan,spotify,61,2024-03-01,"v-pop, vietnam indie",2xOhv7XudrBDtkID1jwsFE,tungla||vucattuong,"('từng là', 'cát, tường, vũ', 'nan')"
từng ngày yêu em,buitruonglinh,nan,spotify,67,2024-12-12,"v-pop, vietnamese lo-fi, vietnam indie, vinahouse",3Ids3RXurYBgySph53qWnB,tungngayyeuem||buitruonglinh,"('từng ngày yêu em', 'buitruonglinh', 'nan')"
từng quen,wren evans,itsnk,apple,56,2023-12-17,"v-pop, vietnam indie, vietnamese hip hop, vinahouse",4qYfRfSxsmhJ1WMaywtLyI,tungquen||wrenevans,"('từng quen', 'evans, wren', 'itsnk')"
tưởng rằng sau cơn mưa,lê gia bảo,bmz,zingmp3,25,2025-06-25,"vinahouse, v-pop, vietnamese lo-fi, vietnam indie",303ASjpwoiTxGr35416OmR,tuongrangsauconmua||legiabao,"('tưởng rằng sau cơn mưa', 'bảo, gia, lê', 'bmz')"
ước anh nhiều nỗi buồn,charmy pham,nan,apple,23,2025-11-11,"v-pop, vinahouse",6zyZJEl43HJwmalzO1Lj1J,uocanhnhieunoibuon||charmypham,"('ước anh nhiều nỗi buồn', 'charmy, pham', 'nan')"
ước anh tan nát con tim,phùng khánh linh,nan,apple,54,2025-10-18,"v-pop, vietnam indie",7dDbzI8ZchvQbrTHrpOUAA,uocanhtannatcontim||phungkhanhlinh,"('ước anh tan nát con tim', 'khánh, linh, phùng', 'nan')"
ướt lòng,văn mai hương,nan,zingmp3,46,2025-07-29,"v-pop, vietnamese hip hop, vinahouse, vietnam indie",6EkzQNe7SEAuFZbeo4Gf1S,uotlong||vanmaihuong,"('ướt lòng', 'hương, mai, văn', 'nan')"
vai chính tội nghiệp,an vũ,nan,zingmp3,15,2025-09-26,"v-pop, vinahouse, vietnamese lo-fi",0kfA0BRHpTswudSnnhOAXm,vaichinhtoinghiep||anvu,"('vai chính tội nghiệp', 'an, vũ', 'nan')"
vai lan don dua,soobin,nan,"apple, spotify",60,2017-01-27,"v-pop, vietnamese hip hop, vietnam indie, vinahouse",6hUpxEKFSjS8metuA1yxlf,vailandondua||soobin,"('vai lan don dua', 'soobin', 'nan')"
vaicaunoicokhiennguoithaydoi,grey d,tlinh,"apple, spotify",65,2022-06-20,"v-pop, vietnam indie, vietnamese hip hop",5PLjpBivzvuaIIqqkQgnRK,vaicaunoicokhiennguoithaydoi||greyd,"('vaicaunoicokhiennguoithaydoi', 'd, grey', 'tlinh')"
vạn vật như muốn ta bên nhau,rio,nan,spotify,67,2025-04-10,"v-pop, vietnam indie, vietnamese hip hop",5WkuMbkHX7yR7nnBKCn7tV,vanvatnhumuontabennhau||rio,"('vạn vật như muốn ta bên nhau', 'rio', 'nan')"
vật đổi sao dời,lyhan,nan,zingmp3,27,2025-11-11,v-pop,1Uxzka7zY7lHrWqiXtMPQN,vatdoisaodoi||lyhan,"('vật đổi sao dời', 'lyhan', 'nan')"
vet mua,vũ cát tường,nan,spotify,63,2014-01-01,"v-pop, vietnam indie",5cn5oHiXJTLiuthgbgfkMh,vetmua||vucattuong,"('vet mua', 'cát, tường, vũ', 'nan')"
vết thương,fishy,nan,"apple, spotify",66,2023-06-29,"v-pop, vietnam indie, vietnamese lo-fi, vietnamese hip hop",6mKMGpkgP2cH5gmqILWe7b,vetthuong||fishy,"('vết thương', 'fishy', 'nan')"
vì anh đâu có biết,madihu,vũ.,spotify,64,2022-08-04,"v-pop, vietnam indie, vietnamese hip hop",6VXVYATpQXEIoZ97NnWCmn,vianhdaucobiet||madihu,"('vì anh đâu có biết', 'madihu', 'vũ')"
viết tiếp câu chuyện hòa bình,nguyễn văn chung,tùng dương,zingmp3,48,2023-12-21,"v-pop, vinahouse, vietnamese bolero",4L0zBncAEvt5RLAI0IbTKs,viettiepcauchuyenhoabinh||nguyenvanchung,"('viết tiếp câu chuyện hòa bình', 'chung, nguyễn, văn', 'dương, tùng')"
vỗ tay,em xinh say hi,phương ly,zingmp3,55,2025-08-18,v-pop,4NLtxANI9YZgZbrZdOaSZJ,votay||emxinhsayhi,"('vỗ tay', 'em, hi, say, xinh', 'ly, phương')"
vòng xoay của ba chúng ta,thành đạt,nan,zingmp3,19,2025-09-26,"vinahouse, v-pop",2L8K5OZzBQf5Oxx7iHIiZG,vongxoaycuabachungta||thanhdat,"('vòng xoay của ba chúng ta', 'thành, đạt', 'nan')"
vũ trụ song song,lyhan,nan,zingmp3,27,2025-11-11,v-pop,5xhufZL7XF5TUlXCC8yFch,vutrusongsong||lyhan,"('vũ trụ song song', 'lyhan', 'nan')"
vừa lòng nhau chưa,thành đạt,"dickson, lê chí trung",zingmp3,21,2025-08-06,"vinahouse, v-pop",1f9ysIXLURcvP6eTnHsgXu,vualongnhauchua||thanhdat,"('vừa lòng nhau chưa', 'thành, đạt', 'chí, dickson, lê, trung')"
vực thẳm của bình yên,jack - j97,nan,zingmp3,53,2025-06-26,"v-pop, vinahouse",6O7qAKr3OBNcQVSRMs0USA,vucthamcuabinhyen||jackj97,"('vực thẳm của bình yên', '-, j97, jack', 'nan')"
vùng an toàn,b ray,v#,"apple, spotify",63,2025-07-08,"vietnamese hip hop, v-pop, vinahouse, vietnam indie",6Zoi4ue74UdUeYmHXItXnf,vungantoan||bray,"('vùng an toàn', 'b, ray', 'v#')"
wrong times,puppy,dangrangto,"apple, nct, spotify",68,2023-05-17,"v-pop, vietnamese hip hop",3uT8QfoX0BE8ZJa4h98LDW,wrongtimes||puppy,"('wrong times', 'puppy', 'dangrangto')"
xa em,thanh hưng,nan,zingmp3,33,2025-06-06,"v-pop, vinahouse",37zRN1vtKBGw5KD3pP4VmR,xaem||thanhhung,"('xa em', 'hưng, thanh', 'nan')"
xin đừng lặng im,soobin,nan,spotify,62,2025-02-13,"v-pop, vietnamese hip hop, vietnam indie, vinahouse",4CVxKSRLUxqUuj2z9vn4fS,xindunglangim||soobin,"('xin đừng lặng im', 'soobin', 'nan')"
xin lỗi vì đã xuất hiện,thanh hưng,nan,zingmp3,43,2025-10-19,"v-pop, vinahouse",1yeHV8EVa4BgrXy6bYQuT3,xinloividaxuathien||thanhhung,"('xin lỗi vì đã xuất hiện', 'hưng, thanh', 'nan')"
yêu 5,rhymastic,nan,apple,60,2017-01-01,"v-pop, vietnamese hip hop, vietnam indie, vinahouse",5U30iZBlmxkpHqzb1OSnBS,yeu5||rhymastic,"('yêu 5', 'rhymastic', 'nan')"
yêu rồi để đó,đàm vĩnh hưng,nan,zingmp3,33,2025-05-28,"vietnamese bolero, bolero, v-pop, vinahouse",65kpTC4uDN8jbbkEHgAqdk,yeuroidedo||damvinhhung,"('yêu rồi để đó', 'hưng, vĩnh, đàm', 'nan')"
yêu thật lòng đâu dễ quên,the men,nan,zingmp3,32,2025-08-19,"v-pop, vinahouse, vietnamese bolero",3vbTwb2UUQivQtu1rAq1zu,yeuthatlongdaudequen||themen,"('yêu thật lòng đâu dễ quên', 'men, the', 'nan')"
