title,artists,featured_artists,source,spotify_popularity,spotify_release_date,spotify_genres,spotify_track_id,total_platforms,best_peak_rank,overall_avg_rank,total_appearances,hit_score,APPLE_MUSIC_appearances,APPLE_MUSIC_peak_rank,APPLE_MUSIC_avg_rank,APPLE_MUSIC_first_date,APPLE_MUSIC_last_date,SPOTIFY_appearances,SPOTIFY_peak_rank,SPOTIFY_avg_rank,SPOTIFY_days_on_chart,SPOTIFY_total_streams,SPOTIFY_peak_position,SPOTIFY_first_date,SPOTIFY_last_date,NCT_appearances,NCT_peak_rank,NCT_avg_rank,NCT_total_likes,NCT_first_date,NCT_last_date,ZINGMP3_appearances,ZINGMP3_peak_rank,ZINGMP3_avg_rank,ZINGMP3_total_likes,ZINGMP3_total_plays,ZINGMP3_first_date,ZINGMP3_last_date
người đầu tiên,juky san,buitruonglinh,"apple, nct, spotify, zingmp3",68.0,2025-08-18,v-pop,3qKeW2XJFZU5CvOQKStQW6,4,5.0,15.27,48.0,98.0,16.0,11.0,18.31,2025-11-05,2025-11-12,9.0,5.0,7.44,12.0,903846.0,6.0,2025-11-03,2025-11-11,8.0,5.0,9.12,19219.0,2025-11-03,2025-11-13,15.0,15.0,26.2,12000.0,442000.0,2025-10-31,2025-11-13
anh đã không biết cách yêu em,quang đăng trần,,"apple, nct, spotify, zingmp3",66.0,2025-07-05,"vietnamese lo-fi, v-pop, vinahouse",2daxUR0gVJr2dOmOtYvW8R,4,2.0,15.61,43.0,96.08,8.0,35.0,39.75,2025-11-05,2025-11-12,11.0,13.0,16.55,101.0,6357076.0,8.0,2025-10-31,2025-11-11,9.0,2.0,2.22,133254.0,2025-10-31,2025-11-13,15.0,3.0,3.93,399000.0,20300000.0,2025-10-31,2025-11-13
in love,low g,justatee,"apple, nct, spotify, zingmp3",66.0,2025-10-21,"vietnamese hip hop, v-pop, vietnam indie",7uUuftbcr94tzGOCJSM25u,4,2.0,15.82,43.0,96.08,8.0,3.0,3.75,2025-11-05,2025-11-12,11.0,2.0,4.55,21.0,2384648.0,2.0,2025-10-31,2025-11-11,9.0,2.0,5.0,28048.0,2025-10-31,2025-11-13,15.0,26.0,50.0,6000.0,511000.0,2025-10-31,2025-11-13
không buông,hngle,ari,"apple, nct, spotify, zingmp3",70.0,2025-08-25,v-pop,1ApIGNgp1azc0qB61x4GzG,4,3.0,7.97,43.0,95.68,8.0,6.0,6.12,2025-11-05,2025-11-12,11.0,3.0,3.73,71.0,7850531.0,2.0,2025-10-31,2025-11-11,9.0,3.0,3.44,79674.0,2025-10-31,2025-11-13,15.0,12.0,18.6,70000.0,3600000.0,2025-10-31,2025-11-13
không thời gian,dương domic,,"apple, nct, spotify, zingmp3",67.0,2025-09-20,"v-pop, vietnamese hip hop",6GUKRhIsWxA7VuZW8MKQLG,4,6.0,24.16,43.0,94.48,8.0,43.0,48.38,2025-11-05,2025-11-12,11.0,6.0,10.36,51.0,4069139.0,6.0,2025-10-31,2025-11-11,9.0,9.0,11.44,45478.0,2025-10-31,2025-11-13,15.0,18.0,26.47,43000.0,2200000.0,2025-10-31,2025-11-13
người như anh xứng đáng cô đơn,anh trai say hi,"vũ cát tường, karik, negav, ngô kiến huy, jey b","apple, nct, spotify, zingmp3",68.0,2025-09-29,"v-pop, vietnamese hip hop",5u5AsK8JLgkr154QHZjJqh,4,8.0,15.74,43.0,93.68,8.0,14.0,17.0,2025-11-05,2025-11-12,11.0,14.0,24.55,44.0,4398327.0,2.0,2025-10-31,2025-11-11,9.0,8.0,9.33,69080.0,2025-10-31,2025-11-13,15.0,9.0,12.07,41000.0,2900000.0,2025-10-31,2025-11-13
không đau nữa rồi,em xinh say hi,"orange, châu bùi, mỹ mỹ, pháp kiều, 52hz","apple, nct, spotify, zingmp3",67.0,2025-06-23,v-pop,1uiqiUzPn2EJpvHDy84PEZ,4,8.0,29.33,43.0,93.68,8.0,8.0,11.88,2025-11-05,2025-11-12,11.0,17.0,25.73,142.0,11772826.0,1.0,2025-10-31,2025-11-11,9.0,23.0,25.78,115039.0,2025-10-31,2025-11-13,15.0,41.0,53.93,87000.0,7400000.0,2025-10-31,2025-11-13
còn gì đẹp hơn (mưa đỏ original soundtrack),nguyễn hùng,,"apple, nct, spotify, zingmp3",65.0,2025-07-27,"v-pop, vietnam indie",5zXCoF69UxPNLrpar8Rk7e,4,13.0,38.9,43.0,91.68,8.0,35.0,43.0,2025-11-05,2025-11-12,11.0,42.0,60.09,106.0,7984208.0,1.0,2025-10-31,2025-11-11,9.0,13.0,15.78,131500.0,2025-10-31,2025-11-13,15.0,24.0,36.73,124000.0,7300000.0,2025-10-31,2025-11-13
đoạn kịch câm,anh trai say hi,"congb, negav, b ray, codynamvo, phạm đình thái ngân, mỹ mỹ","apple, nct, spotify, zingmp3",56.0,2025-11-03,"v-pop, vietnamese hip hop",703nPWb6qOClgjJljvUx7Y,4,7.0,27.1,37.0,90.32,8.0,31.0,36.25,2025-11-05,2025-11-12,8.0,29.0,38.12,9.0,480255.0,29.0,2025-11-04,2025-11-11,6.0,7.0,8.17,15133.0,2025-11-05,2025-11-13,15.0,9.0,25.87,9000.0,332000.0,2025-10-31,2025-11-13
kho báu,(s)trong,,"apple, nct, spotify, zingmp3",64.0,2025-08-14,"v-pop, vietnam indie",2qrpmvkxE0oz78ym1LEvXd,3,4.0,33.37,42.0,87.15,15.0,9.0,29.53,2025-11-05,2025-11-12,,,,,,,,,12.0,4.0,17.25,139356.0,2025-10-31,2025-11-13,15.0,37.0,53.33,63000.0,6400000.0,2025-10-31,2025-11-13
hơn là bạn,anh trai say hi,"ngô kiến huy, vũ cát tường, karik, vương bình, sơn.k, min","apple, nct, spotify, zingmp3",52.0,2025-11-03,"v-pop, vietnamese hip hop",6HfodJwwVoCsygZqZ2xKYN,4,13.0,55.29,34.0,86.05,8.0,66.0,80.12,2025-11-05,2025-11-12,5.0,60.0,75.8,8.0,300594.0,60.0,2025-11-05,2025-11-11,6.0,13.0,15.83,11794.0,2025-11-05,2025-11-13,15.0,28.0,49.4,7000.0,256000.0,2025-10-31,2025-11-13
người đầu tiên,em xinh say hi,juky san,"nct, spotify, zingmp3",68.0,2025-08-18,v-pop,3qKeW2XJFZU5CvOQKStQW6,3,5.0,17.83,35.0,82.38,,,,,,11.0,5.0,8.36,85.0,7715711.0,2.0,2025-10-31,2025-11-11,9.0,16.0,24.0,65258.0,2025-10-31,2025-11-13,15.0,8.0,21.13,47000.0,3800000.0,2025-10-31,2025-11-13
love game,low g,tlinh,"apple, nct, spotify, zingmp3",63.0,2025-09-11,"vietnamese hip hop, v-pop, vietnam indie",0x7rhEP1Tak1guiTYODlic,4,19.0,58.68,31.0,81.78,8.0,19.0,23.38,2025-11-05,2025-11-12,11.0,58.0,80.55,61.0,3652886.0,3.0,2025-10-31,2025-11-11,9.0,33.0,37.78,32444.0,2025-10-31,2025-11-13,3.0,90.0,93.0,11000.0,788000.0,2025-11-08,2025-11-10
ngày này năm ấy,việt anh,,"apple, nct, spotify, zingmp3",65.0,2025-07-12,"vinahouse, v-pop",1WbTOu4D2oHK9fg2qR6msd,3,7.0,19.84,35.0,81.58,,,,,,11.0,31.0,37.82,95.0,5496921.0,11.0,2025-10-31,2025-11-11,9.0,9.0,10.44,80275.0,2025-10-31,2025-11-13,15.0,7.0,11.27,129000.0,7100000.0,2025-10-31,2025-11-13
đa nghi,anh trai say hi,"negav, hải nam, codynamvo, dillan hoàng phan","apple, nct, spotify, zingmp3",62.0,2025-10-13,"v-pop, vietnamese hip hop",5ip4iGkbZNrihMGHAqOgMl,4,15.0,54.89,28.0,81.5,2.0,79.0,85.5,2025-11-05,2025-11-06,2.0,68.0,82.0,24.0,1028166.0,21.0,2025-10-31,2025-11-05,9.0,15.0,25.33,23311.0,2025-10-31,2025-11-13,15.0,20.0,26.73,14000.0,855000.0,2025-10-31,2025-11-13
em không cần,hannie,,"nct, spotify, zingmp3",57.0,2025-10-16,"v-pop, vinahouse",3M8XPtbFW7xWyz2JmuDcce,3,1.0,52.58,31.0,81.47,,,,,,7.0,68.0,79.57,18.0,673159.0,67.0,2025-10-31,2025-11-11,9.0,16.0,23.78,13721.0,2025-10-31,2025-11-13,15.0,1.0,54.4,9000.0,452000.0,2025-10-31,2025-11-13
chẳng phải tình đầu sao đau đến thế,min,"dangrangto, antransax","apple, nct, spotify",67.0,2025-10-22,"v-pop, vietnamese hip hop, vietnam indie, vinahouse",3T7XHOdRcyhKU3QCB6kZG3,3,1.0,1.36,28.0,79.6,8.0,1.0,1.0,2025-11-05,2025-11-12,11.0,2.0,2.09,20.0,2656843.0,2.0,2025-10-31,2025-11-11,9.0,1.0,1.0,52950.0,2025-10-31,2025-11-13,,,,,,,
em,binz,,"apple, nct, spotify",65.0,2025-10-25,"vietnamese hip hop, v-pop, vietnam indie, vinahouse",1UhQ0VwKq2PGnLiAZOJYV1,3,2.0,3.8,28.0,79.2,8.0,2.0,2.12,2025-11-05,2025-11-12,11.0,3.0,4.73,17.0,1706918.0,3.0,2025-10-31,2025-11-11,9.0,3.0,4.56,22294.0,2025-10-31,2025-11-13,,,,,,,
ngàn năm ánh sáng,đặng vĩnh thịnh,bmz,"nct, spotify, zingmp3",66.0,2025-07-30,"v-pop, vietnam indie",4nyoalDFgUaZOzIKqj3aS5,3,14.0,34.01,35.0,78.78,,,,,,11.0,14.0,25.73,97.0,6310096.0,5.0,2025-10-31,2025-11-11,9.0,23.0,25.11,56693.0,2025-10-31,2025-11-13,15.0,38.0,51.2,40000.0,2600000.0,2025-10-31,2025-11-13
nắng ấm trong tim,duongg,dadeon,"nct, spotify, zingmp3",57.0,2025-10-24,"vietnamese lo-fi, v-pop, vietnam indie",3rIQPhzwnHiF3PzfFVnXp5,3,18.0,40.3,34.0,76.55,,,,,,10.0,31.0,55.8,16.0,676900.0,31.0,2025-11-01,2025-11-11,9.0,18.0,29.78,13002.0,2025-10-31,2025-11-13,15.0,20.0,35.33,18000.0,518000.0,2025-10-31,2025-11-13
wrong times,puppy,dangrangto,"apple, nct, spotify",68.0,2023-05-17,"v-pop, vietnamese hip hop",3uT8QfoX0BE8ZJa4h98LDW,3,9.0,39.93,28.0,76.4,8.0,60.0,65.12,2025-11-05,2025-11-12,11.0,9.0,12.0,725.0,49876765.0,3.0,2025-10-31,2025-11-11,9.0,41.0,42.67,174568.0,2025-10-31,2025-11-13,,,,,,,
mất kết nối,dương domic,,"apple, nct, spotify",66.0,2024-11-22,"v-pop, vietnamese hip hop",3CmacJj7VC4W6daC8BWd0h,3,11.0,23.91,28.0,75.6,8.0,11.0,21.62,2025-11-05,2025-11-12,11.0,29.0,35.45,355.0,42152440.0,1.0,2025-10-31,2025-11-11,9.0,12.0,14.67,371244.0,2025-10-31,2025-11-13,,,,,,,
bình yên,vũ.,binz,"apple, nct, spotify",64.0,2024-09-27,"v-pop, vietnam indie, vietnamese lo-fi",41DlPJXKTCypXdf2eSqa03,3,11.0,19.1,28.0,75.6,8.0,13.0,21.12,2025-11-05,2025-11-12,11.0,11.0,16.73,440.0,39741545.0,3.0,2025-10-31,2025-11-11,9.0,18.0,19.44,223928.0,2025-10-31,2025-11-13,,,,,,,
sớm muộn thì,anh trai say hi,"hustlang robber, nhâm phương nam, mason nguyen, jaysonlei, khoi vu, lamoon","apple, nct, spotify, zingmp3",,,,,4,2.0,16.5,7.0,73.58,2.0,3.0,5.0,2025-11-11,2025-11-12,1.0,15.0,15.0,1.0,77039.0,15.0,2025-11-11,2025-11-11,2.0,2.0,19.0,8771.0,2025-11-12,2025-11-13,2.0,25.0,27.0,3000.0,85000.0,2025-11-12,2025-11-13
panorama,richie d. icy,obito,"apple, nct, spotify",62.0,2025-10-10,"vietnamese hip hop, v-pop",6gmvd9Lld9MiNR9r6I9eFE,3,12.0,45.46,20.0,70.2,8.0,27.0,30.5,2025-11-05,2025-11-12,3.0,82.0,88.0,27.0,1529968.0,13.0,2025-10-31,2025-11-06,9.0,12.0,17.89,20562.0,2025-10-31,2025-11-13,,,,,,,
cứ đổ tại cơn mưa,em xinh say hi,"phương ly, orange, châu bùi, 52hz, vũ thảo my","apple, nct, zingmp3",59.0,2025-08-11,v-pop,0SNgVYcHY0UPil9YGmwU5k,3,17.0,61.37,22.0,69.45,4.0,89.0,94.25,2025-11-05,2025-11-08,,,,,,,,,3.0,48.0,49.0,42683.0,2025-10-31,2025-11-04,15.0,17.0,40.87,31000.0,3400000.0,2025-10-31,2025-11-13
giờ thì,buitruonglinh,,"apple, nct, spotify",65.0,2024-12-12,"v-pop, vietnamese lo-fi, vietnam indie, vinahouse",7mblTCdc14ylJ1JW71MODb,3,27.0,55.41,28.0,69.2,8.0,86.0,91.5,2025-11-05,2025-11-12,11.0,31.0,45.73,331.0,18165221.0,10.0,2025-10-31,2025-11-11,9.0,27.0,29.0,163689.0,2025-10-31,2025-11-13,,,,,,,
người yêu chưa sinh ra,anh trai say hi,"ogenus, bigdaddy, phúc du, hustlang robber, dillan hoàng phan","apple, nct, zingmp3",60.0,2025-09-29,"v-pop, vietnamese hip hop",2ix8KB1Xm7rRGzkh3i8P1d,3,32.0,68.27,31.0,69.08,7.0,85.0,95.43,2025-11-05,2025-11-12,,,,,,,,,9.0,32.0,38.44,27163.0,2025-10-31,2025-11-13,15.0,64.0,70.93,15000.0,914000.0,2025-10-31,2025-11-13
gã săn cá,em xinh say hi,"lâm bảo ngọc, quỳnh anh shyn, maiquinn, saabirose, quang hùng masterd","apple, nct, zingmp3",61.0,2025-06-30,v-pop,34FhBswjcDbFzGx8zcPqoj,3,34.0,64.65,32.0,68.9,8.0,74.0,84.12,2025-11-05,2025-11-12,,,,,,,,,9.0,34.0,37.89,111507.0,2025-10-31,2025-11-13,15.0,59.0,71.93,113000.0,6900000.0,2025-10-31,2025-11-13
quyền yếu đuối,miina,"rin9, dreamer","nct, zingmp3",49.0,2025-10-12,v-pop,5hxSgb5GRPvcjg06W4C3cF,2,4.0,7.36,24.0,68.4,,,,,,,,,,,,,,9.0,7.0,8.33,31215.0,2025-10-31,2025-11-13,15.0,4.0,6.4,54000.0,1500000.0,2025-10-31,2025-11-13
10 mất 1 còn không,lê gia bảo,bmz,"nct, zingmp3",47.0,2025-05-08,"vinahouse, v-pop, vietnamese lo-fi, vietnam indie",4NksYk8JJnriSPy5eVj5MW,2,6.0,27.74,24.0,67.6,,,,,,,,,,,,,,9.0,43.0,46.56,77635.0,2025-10-31,2025-11-13,15.0,6.0,8.93,373000.0,22400000.0,2025-10-31,2025-11-13
kho báu (with rhymastic),(s)trong,rhymastic,"apple, nct, zingmp3",64.0,2025-08-14,"v-pop, vietnam indie",2qrpmvkxE0oz78ym1LEvXd,2,6.0,12.56,21.0,65.72,,,,,,,,,,,,,,6.0,6.0,6.0,136259.0,2025-10-31,2025-11-07,15.0,12.0,19.13,69000.0,5600000.0,2025-10-31,2025-11-13
anh là thằng tồi,phùng khánh linh,,"apple, spotify",61.0,2025-10-18,"v-pop, vietnam indie",6GPcbZOX4h9MWert6xWpYw,2,5.0,23.32,19.0,64.88,8.0,5.0,5.0,2025-11-05,2025-11-12,11.0,33.0,41.64,23.0,1109605.0,32.0,2025-10-31,2025-11-11,,,,,,,,,,,,,
âm thầm bên em,sơn tùng m-tp,,"nct, spotify",68.0,2017-04-01,"v-pop, vinahouse, vietnamese hip hop",2wZAvkgiOE5tyrnqhB69KA,2,8.0,19.97,20.0,64.3,,,,,,11.0,8.0,10.27,1848.0,44907218.0,4.0,2025-10-31,2025-11-11,9.0,28.0,29.67,295187.0,2025-10-31,2025-11-13,,,,,,,
exit sign,hieuthuhai,marzuz,"apple, spotify",70.0,2023-10-16,"v-pop, vietnamese hip hop, vietnamese lo-fi, vietnam indie, vinahouse",4nXrVH5xwN1w6TpmP7uu8n,2,8.0,45.86,19.0,63.68,8.0,57.0,77.0,2025-11-05,2025-11-12,11.0,8.0,14.73,616.0,54777693.0,3.0,2025-10-31,2025-11-11,,,,,,,,,,,,,
dẫu có đến đâu,anh trai say hi,"congb, vương bình, lohan, nhâm phương nam","nct, zingmp3",60.0,2025-10-13,"v-pop, vietnamese hip hop",5aDTawTXK6FJjXTUsR03n2,2,13.0,34.86,22.0,63.55,,,,,,,,,,,,,,7.0,37.0,44.0,16992.0,2025-10-31,2025-11-11,15.0,13.0,25.73,11000.0,1000000.0,2025-10-31,2025-11-13
thiệp hồng sai tên,nguyễn thành đạt,,"nct, zingmp3",27.0,2025-10-30,,2CRh637uw03V8RkeovhcdF,2,4.0,30.56,16.0,63.4,,,,,,,,,,,,,,1.0,46.0,46.0,9394.0,2025-11-13,2025-11-13,15.0,4.0,15.13,28000.0,490000.0,2025-10-31,2025-11-13
phép màu,maydays,minh tốc & lam,"apple, nct, spotify",68.0,2025-02-21,"v-pop, vietnam indie",1DVYafsLmcQySKkJnY4RCs,2,11.0,15.29,20.0,63.1,,,,,,11.0,13.0,17.36,261.0,23237191.0,2.0,2025-10-31,2025-11-11,9.0,11.0,13.22,208290.0,2025-10-31,2025-11-13,,,,,,,
tiếc cho em,rhyder,,"spotify, zingmp3",66.0,2025-10-16,"v-pop, vietnamese hip hop",56LSZ1PFm7nOo734RfbEDo,2,21.0,48.61,26.0,62.85,,,,,,11.0,26.0,33.09,26.0,1530397.0,7.0,2025-10-31,2025-11-11,,,,,,,15.0,21.0,64.13,8000.0,580000.0,2025-10-31,2025-11-13
một đời,14 casper,"bon nghiêm, buitruonglinh","nct, spotify",62.0,2023-03-03,"v-pop, vietnamese lo-fi, vietnam indie",4gaxEUZE4z9pJAVTSFwgQI,2,12.0,34.6,20.0,62.7,,,,,,11.0,12.0,22.64,590.0,31326887.0,10.0,2025-10-31,2025-11-11,9.0,43.0,46.56,168723.0,2025-10-31,2025-11-13,,,,,,,
vùng an toàn,b ray,v#,"apple, spotify",63.0,2025-07-08,"vietnamese hip hop, v-pop, vinahouse, vietnam indie",6Zoi4ue74UdUeYmHXItXnf,2,12.0,47.49,19.0,62.08,8.0,12.0,16.62,2025-11-05,2025-11-12,11.0,57.0,78.36,127.0,7762477.0,3.0,2025-10-31,2025-11-11,,,,,,,,,,,,,
hermosa,anh trai say hi,"sơn.k, buitruonglinh, tez, mason nguyen, congb","nct, zingmp3",60.0,2025-09-29,"v-pop, vietnamese hip hop",7tDEWTNvUrVDCWdOrJWATZ,2,20.0,42.92,24.0,62.0,,,,,,,,,,,,,,9.0,20.0,28.56,32284.0,2025-10-31,2025-11-13,15.0,47.0,57.27,18000.0,1300000.0,2025-10-31,2025-11-13
những lời hứa bỏ quên,vũ.,dear jane,"apple, nct, spotify",58.0,2024-09-27,"v-pop, vietnam indie, vietnamese lo-fi",1LJyhnPdYGRLerwJd8CmL1,3,31.0,64.61,19.0,61.97,8.0,72.0,76.12,2025-11-05,2025-11-12,2.0,71.0,85.5,694.0,41009967.0,1.0,2025-11-06,2025-11-07,9.0,31.0,32.22,295303.0,2025-10-31,2025-11-13,,,,,,,
vết thương,fishy,,"apple, spotify",66.0,2023-06-29,"v-pop, vietnam indie, vietnamese lo-fi, vietnamese hip hop",6mKMGpkgP2cH5gmqILWe7b,2,13.0,53.16,19.0,61.68,8.0,79.0,85.5,2025-11-05,2025-11-12,11.0,13.0,20.82,178.0,9528801.0,10.0,2025-10-31,2025-11-11,,,,,,,,,,,,,
mục hạ vô nhân,soobin,"binz, nsnd huỳnh tú","apple, nct, spotify",,,,,3,10.0,29.83,4.0,61.0,2.0,10.0,17.5,2025-11-11,2025-11-12,1.0,58.0,58.0,1.0,45657.0,58.0,2025-11-11,2025-11-11,1.0,14.0,14.0,1997.0,2025-11-13,2025-11-13,,,,,,,
đừng làm trái tim anh đau,sơn tùng m-tp,,"apple, spotify",65.0,2024-06-08,"v-pop, vinahouse, vietnamese hip hop",31VNCmwspR7nVJ6kruUuJt,2,15.0,46.07,19.0,60.88,8.0,15.0,22.5,2025-11-05,2025-11-12,11.0,54.0,69.64,522.0,50335672.0,1.0,2025-10-31,2025-11-11,,,,,,,,,,,,,
dancing in the dark,soobin,,"apple, spotify",54.0,2024-06-25,"v-pop, vietnamese hip hop, vietnam indie, vinahouse",3x7Hh3zsE1wcXCU2G8l5tP,2,17.0,29.68,19.0,60.08,8.0,25.0,38.0,2025-11-05,2025-11-12,11.0,17.0,21.36,244.0,21698857.0,3.0,2025-10-31,2025-11-11,,,,,,,,,,,,,
không thể say,hieuthuhai,,"apple, spotify",67.0,2023-10-16,"v-pop, vietnamese hip hop, vietnamese lo-fi, vietnam indie, vinahouse",1K0HQ30Wc11okzlcnFA7Ub,2,18.0,23.7,19.0,59.68,8.0,18.0,20.75,2025-11-05,2025-11-12,11.0,21.0,26.64,938.0,57352495.0,7.0,2025-10-31,2025-11-11,,,,,,,,,,,,,
nơi này có anh,sơn tùng m-tp,,"nct, spotify",64.0,2017-04-01,"v-pop, vinahouse, vietnamese hip hop",5rSAUmbOg4giDrM29vUyHe,2,20.0,31.94,20.0,59.5,,,,,,11.0,31.0,42.09,2129.0,32436862.0,7.0,2025-10-31,2025-11-11,9.0,20.0,21.78,312433.0,2025-10-31,2025-11-13,,,,,,,
ảo ảnh,anh trai say hi,"vũ cát tường, gill, ryn lee","nct, zingmp3",55.0,2025-10-20,"v-pop, vietnamese hip hop",2BKhVHyxHjbIAFVMfR4T3b,2,22.0,47.3,19.0,58.08,,,,,,,,,,,,,,4.0,22.0,34.0,12921.0,2025-10-31,2025-11-05,15.0,44.0,60.6,8000.0,455000.0,2025-10-31,2025-11-13
tháng năm,soobin,,"apple, spotify",65.0,2020-12-15,"v-pop, vietnamese hip hop, vietnam indie, vinahouse",0SmQ0UWeiHKQtxUej4Rem6,2,23.0,45.99,19.0,57.68,8.0,23.0,26.25,2025-11-05,2025-11-12,11.0,53.0,65.73,1070.0,19993189.0,5.0,2025-10-31,2025-11-11,,,,,,,,,,,,,
buông đôi tay nhau ra,sơn tùng m-tp,,"nct, spotify",67.0,2017-04-01,"v-pop, vinahouse, vietnamese hip hop",3P3rcI48wwVEgxF5vPM6pG,2,25.0,41.94,20.0,57.5,,,,,,11.0,25.0,37.0,851.0,24855245.0,3.0,2025-10-31,2025-11-11,9.0,45.0,46.89,203280.0,2025-10-31,2025-11-13,,,,,,,
giá như,soobin,,"apple, spotify",61.0,2024-04-10,"v-pop, vietnamese hip hop, vietnam indie, vinahouse",1LxaXT8hwdBWSNpOqTjF8R,2,25.0,37.0,19.0,56.88,8.0,29.0,43.0,2025-11-05,2025-11-12,11.0,25.0,31.0,580.0,27703226.0,9.0,2025-10-31,2025-11-11,,,,,,,,,,,,,
họa sĩ tồi,thái học,,zingmp3,49.0,2025-08-10,"vinahouse, v-pop, vietnamese bolero, vietnamese lo-fi",112QD7xBOqcYhe4eFrGlxu,1,1.0,1.33,15.0,56.48,,,,,,,,,,,,,,,,,,,,15.0,1.0,1.33,231000.0,10400000.0,2025-10-31,2025-11-13
em thua cô ta,min quỳnh anh,,zingmp3,0.0,2025-11-11,"vinahouse, v-pop",5WFXRCjqQiAz1Dhijfn2Me,1,1.0,2.4,15.0,56.48,,,,,,,,,,,,,,,,,,,,15.0,1.0,2.4,141000.0,3100000.0,2025-10-31,2025-11-13
hà nội,obito,"shiki, vstra","apple, spotify",64.0,2023-10-10,"v-pop, vietnamese hip hop, vietnam indie",5PGh9MyKry8slG5AfvD1eD,2,28.0,53.22,19.0,55.68,8.0,28.0,31.88,2025-11-05,2025-11-12,11.0,50.0,74.55,490.0,23158219.0,11.0,2025-10-31,2025-11-11,,,,,,,,,,,,,
mỹ vị cuộc đời,trung quân,,zingmp3,35.0,2025-11-04,"v-pop, vietnam indie",7cRJyJIwN1BOBzvgxn9nJw,1,3.0,18.67,15.0,55.68,,,,,,,,,,,,,,,,,,,,15.0,3.0,18.67,3000.0,247000.0,2025-10-31,2025-11-13
mình là người yêu cũ,khả hiệp,,zingmp3,37.0,2025-07-22,"vinahouse, v-pop, vietnamese lo-fi",2FkAmNeQP75saHAecg0vkr,1,4.0,6.0,15.0,55.28,,,,,,,,,,,,,,,,,,,,15.0,4.0,6.0,213000.0,9300000.0,2025-10-31,2025-11-13
vaicaunoicokhiennguoithaydoi,grey d,tlinh,"apple, spotify",65.0,2022-06-20,"v-pop, vietnam indie, vietnamese hip hop",5PLjpBivzvuaIIqqkQgnRK,2,30.0,45.36,19.0,54.88,8.0,44.0,46.62,2025-11-05,2025-11-12,11.0,30.0,44.09,1241.0,58390026.0,1.0,2025-10-31,2025-11-11,,,,,,,,,,,,,
phóng zìn zìn,tlinh,low g,"apple, spotify",65.0,2024-09-18,"v-pop, vietnamese hip hop, vietnam indie, vinahouse",3COYA2vgfcUhDyRlVpZy5p,2,30.0,43.33,19.0,54.88,8.0,30.0,37.75,2025-11-05,2025-11-12,11.0,30.0,48.91,419.0,34191379.0,4.0,2025-10-31,2025-11-11,,,,,,,,,,,,,
canh bạc hôn nhân,lala trần,nguyễn hồng thuận,zingmp3,29.0,2025-10-28,"vinahouse, v-pop",79b1ZRb4jNckv5gTPYFJIL,1,5.0,10.13,15.0,54.88,,,,,,,,,,,,,,,,,,,,15.0,5.0,10.13,19000.0,503000.0,2025-10-31,2025-11-13
tự dưng thành người lạ,quốc thiên,,zingmp3,26.0,2025-10-29,"v-pop, vietnamese bolero",0Mys71ZrkIYW1q0Hok3oJW,1,7.0,18.6,15.0,54.08,,,,,,,,,,,,,,,,,,,,15.0,7.0,18.6,18000.0,766000.0,2025-10-31,2025-11-13
phim ba người,nguyễn vĩ,,zingmp3,47.0,2025-04-20,"vinahouse, v-pop",1ngbmFciEb4Kz19bPvPYby,1,9.0,11.07,15.0,53.28,,,,,,,,,,,,,,,,,,,,15.0,9.0,11.07,693000.0,38200000.0,2025-10-31,2025-11-13
xin lỗi vì đã xuất hiện,thanh hưng,,zingmp3,43.0,2025-10-19,"v-pop, vinahouse",1yeHV8EVa4BgrXy6bYQuT3,1,9.0,24.13,15.0,53.28,,,,,,,,,,,,,,,,,,,,15.0,9.0,24.13,10000.0,415000.0,2025-10-31,2025-11-13
nếu những tiếc nuối,vũ.,,"apple, spotify",59.0,2024-09-27,"v-pop, vietnam indie, vietnamese lo-fi",2dPJtlvoa3GDowCh035M8P,2,33.0,63.67,17.0,52.42,8.0,33.0,37.12,2025-11-05,2025-11-12,9.0,78.0,90.22,202.0,7310397.0,34.0,2025-11-01,2025-11-11,,,,,,,,,,,,,
thật không giống ai (from thà cô đơn),vicky nhung,,zingmp3,25.0,2025-11-05,"vinahouse, v-pop, vietnamese lo-fi",72iR6dKZlk5BMUhvOeE8Lp,1,1.0,8.0,8.0,52.1,,,,,,,,,,,,,,,,,,,,8.0,1.0,8.0,20000.0,68000.0,2025-10-31,2025-11-13
make up,anh trai say hi,"dillan hoàng phan, buitruonglinh, đỗ nam sơn, lohan, ryn lee, bảo thy","nct, zingmp3",48.0,2025-11-03,"v-pop, vietnamese hip hop",4jXsORpwH2lE52E0Md8u7y,2,36.0,45.78,18.0,51.85,,,,,,,,,,,,,,4.0,36.0,42.5,6636.0,2025-11-07,2025-11-12,14.0,36.0,49.07,4000.0,153000.0,2025-10-31,2025-11-12
ngày này năm ấy (metal rock),việt anh,,"nct, zingmp3",48.0,2025-10-19,"vinahouse, v-pop",3vCLYX5igpqSYXbFrbw9a9,2,27.0,47.28,12.0,51.7,,,,,,,,,,,,,,9.0,27.0,31.56,10250.0,2025-10-31,2025-11-13,3.0,53.0,63.0,3000.0,116000.0,2025-11-07,2025-11-08
nỗi đau giữa hòa bình,hòa minzy,nguyễn văn chung,zingmp3,55.0,2025-08-22,"v-pop, vinahouse",0S1uRwIQF1AWR6gp4iXntl,1,13.0,16.33,15.0,51.68,,,,,,,,,,,,,,,,,,,,15.0,13.0,16.33,160000.0,6700000.0,2025-10-31,2025-11-13
có đôi điều,shiki,,"apple, spotify",65.0,2024-06-27,"vietnamese hip hop, v-pop, vietnam indie",2Pwou3Q2Cf59RxdX2V6MgV,2,39.0,47.17,19.0,51.28,8.0,39.0,46.25,2025-11-05,2025-11-12,11.0,42.0,48.09,316.0,21048734.0,9.0,2025-10-31,2025-11-11,,,,,,,,,,,,,
nắng có mang em về,shartnuss,"tr.d, phankeo",spotify,68.0,2023-10-21,"v-pop, vietnam indie",6kCU6i8iRrAAmJJ8Sj4JYC,1,8.0,10.82,11.0,51.18,,,,,,11.0,8.0,10.82,636.0,27347024.0,4.0,2025-10-31,2025-11-11,,,,,,,,,,,,,
thằng điên,justatee,phương ly,"apple, spotify",63.0,2022-07-11,"v-pop, vietnamese hip hop, vietnam indie",27Z9T0mSWHYWSj9SNOGvyt,2,40.0,66.36,19.0,50.88,8.0,58.0,67.62,2025-11-05,2025-11-12,11.0,40.0,65.09,1132.0,34735196.0,18.0,2025-10-31,2025-11-11,,,,,,,,,,,,,
say một đời vì em,nguyên vũ,,zingmp3,32.0,2025-09-26,"v-pop, vinahouse",7BEPNEzZYMQp7I5XNrIMcY,1,15.0,23.33,15.0,50.88,,,,,,,,,,,,,,,,,,,,15.0,15.0,23.33,46000.0,1800000.0,2025-10-31,2025-11-13
mo,vũ cát tường,,spotify,68.0,2016-01-01,"v-pop, vietnam indie",2a5hng9yXtbjtTVVm9UviC,1,9.0,14.55,11.0,50.78,,,,,,11.0,9.0,14.55,1142.0,38396242.0,4.0,2025-10-31,2025-11-11,,,,,,,,,,,,,
hóa giải bằng nước mắt,cao thái sơn,lê chí trung,zingmp3,36.0,2024-10-25,"v-pop, vinahouse, vietnamese bolero",3OQiIsw7pY51x5OXtuD7qm,1,16.0,16.0,15.0,50.48,,,,,,,,,,,,,,,,,,,,15.0,16.0,16.0,275000.0,24500000.0,2025-10-31,2025-11-13
từng ngày yêu em,buitruonglinh,,spotify,67.0,2024-12-12,"v-pop, vietnamese lo-fi, vietnam indie, vinahouse",3Ids3RXurYBgySph53qWnB,1,10.0,17.55,11.0,50.38,,,,,,11.0,10.0,17.55,311.0,20769306.0,8.0,2025-10-31,2025-11-11,,,,,,,,,,,,,
quá muộn,min,,apple,57.0,2025-10-22,"v-pop, vietnamese hip hop, vietnam indie, vinahouse",1rT8AzuWBXNbB6BFrGmxYV,1,6.0,9.62,8.0,50.1,8.0,6.0,9.62,2025-11-05,2025-11-12,,,,,,,,,,,,,,,,,,,,,
vừa lòng nhau chưa,thành đạt,"dickson, lê chí trung",zingmp3,21.0,2025-08-06,"vinahouse, v-pop",1f9ysIXLURcvP6eTnHsgXu,1,17.0,34.53,15.0,50.08,,,,,,,,,,,,,,,,,,,,15.0,17.0,34.53,35000.0,2600000.0,2025-10-31,2025-11-13
em đau,phùng khánh linh,thành luke,apple,55.0,2025-10-18,"v-pop, vietnam indie",317Lh6QCAz9JpWbV3oxrCf,1,7.0,7.62,8.0,49.7,8.0,7.0,7.62,2025-11-05,2025-11-12,,,,,,,,,,,,,,,,,,,,,
cạn dòng ướt mi,dee trần,,zingmp3,5.0,2025-11-01,"v-pop, vinahouse",3Jpf0TLSWmlDt4v9L3ck78,1,7.0,9.86,7.0,49.08,,,,,,,,,,,,,,,,,,,,7.0,7.0,9.86,1000.0,59000.0,2025-10-31,2025-11-06
đưa em về nhàa,grey d,chillies,"apple, spotify",61.0,2023-04-24,"v-pop, vietnam indie, vietnamese hip hop",5LQpQ6SDeaz6SIkR0lvsoC,2,29.0,67.94,9.0,49.02,8.0,29.0,36.88,2025-11-05,2025-11-12,1.0,99.0,99.0,928.0,36376703.0,3.0,2025-11-08,2025-11-08,,,,,,,,,,,,,
chế độ im lặng,min,,apple,56.0,2025-10-22,"v-pop, vietnamese hip hop, vietnam indie, vinahouse",44XA6tVReCIX8T1c3l9f75,1,9.0,11.75,8.0,48.9,8.0,9.0,11.75,2025-11-05,2025-11-12,,,,,,,,,,,,,,,,,,,,,
hoa bất tử,thành đạt,,zingmp3,38.0,2025-04-18,"vinahouse, v-pop",3lotckWqqycAqYCGan0zZe,1,20.0,25.13,15.0,48.88,,,,,,,,,,,,,,,,,,,,15.0,20.0,25.13,240000.0,17800000.0,2025-10-31,2025-11-13
hiện thực phũ phàng,phùng khánh linh,,apple,56.0,2025-10-18,"v-pop, vietnam indie",28X9PA12ANiyb1qExK6AEG,1,10.0,22.38,8.0,48.5,8.0,10.0,22.38,2025-11-05,2025-11-12,,,,,,,,,,,,,,,,,,,,,
đớn đau vô cùng,datkaa,,zingmp3,16.0,2025-11-08,"v-pop, vinahouse, vietnamese lo-fi, vietnamese hip hop",6LdHGrdjMMGcaHFKfyOfQy,1,4.0,40.75,4.0,48.4,,,,,,,,,,,,,,,,,,,,4.0,4.0,40.75,18000.0,121000.0,2025-11-10,2025-11-13
lý do nào để quay lại với nhau,par sg,new$oulz,spotify,66.0,2022-05-20,"vietnamese lo-fi, vietnamese hip hop, v-pop, vietnam indie",11OxuU5y7ebAJyKaY8dOl0,1,14.0,25.8,10.0,48.15,,,,,,10.0,14.0,25.8,398.0,11709797.0,8.0,2025-10-31,2025-11-10,,,,,,,,,,,,,
kết thúc và chia tay,nguyễn kiều oanh,,zingmp3,34.0,2025-10-21,v-pop,7wnIhOc840NgqG4xEbcWvu,1,14.0,39.0,10.0,48.15,,,,,,,,,,,,,,,,,,,,10.0,14.0,39.0,2000.0,117000.0,2025-10-31,2025-11-08
có em là nhà,min,,apple,55.0,2025-10-22,"v-pop, vietnamese hip hop, vietnam indie, vinahouse",4ZIJScWMgbLgM0hhfY19Oy,1,11.0,17.75,8.0,48.1,8.0,11.0,17.75,2025-11-05,2025-11-12,,,,,,,,,,,,,,,,,,,,,
phải viết bao nhiêu bản tình ca,min,,apple,55.0,2025-10-22,"v-pop, vietnamese hip hop, vietnam indie, vinahouse",5D7MGNckkAAGAiDqUDFclP,1,11.0,24.88,8.0,48.1,8.0,11.0,24.88,2025-11-05,2025-11-12,,,,,,,,,,,,,,,,,,,,,
bước qua mùa cô đơn,vũ.,,"apple, spotify",63.0,2022-09-09,"v-pop, vietnam indie, vietnamese lo-fi",6uxuJ8Fr1AAfSPJUF9N1yr,2,47.0,69.78,19.0,48.08,8.0,65.0,69.75,2025-11-05,2025-11-12,11.0,47.0,69.82,1691.0,37264802.0,1.0,2025-10-31,2025-11-11,,,,,,,,,,,,,
cờ người,phùng khánh linh,,apple,56.0,2025-10-18,"v-pop, vietnam indie",0IjFragIGhZPPhaF8HzJqo,1,12.0,26.12,8.0,47.7,8.0,12.0,26.12,2025-11-05,2025-11-12,,,,,,,,,,,,,,,,,,,,,
ếch ngoài đáy giếng,em xinh say hi,phương mỹ chi,zingmp3,53.0,2025-08-18,v-pop,3ZX71GsU4YKr4ZsAMty3i0,1,23.0,47.2,15.0,47.68,,,,,,,,,,,,,,,,,,,,15.0,23.0,47.2,79000.0,4300000.0,2025-10-31,2025-11-13
muốn cua anh làm bồ,dương ái vy,htm,zingmp3,41.0,2025-07-08,"vinahouse, v-pop, vietnamese hip hop",5dCbl3Jx20Yx65YN6bmXU0,1,23.0,30.6,15.0,47.68,,,,,,,,,,,,,,,,,,,,15.0,23.0,30.6,158000.0,7000000.0,2025-10-31,2025-11-13
lạ lùng,vũ.,,"apple, spotify",64.0,2016-12-24,"v-pop, vietnam indie, vietnamese lo-fi",5Bti0azlFhMattVY76qFr9,2,49.0,59.47,19.0,47.28,8.0,49.0,53.12,2025-11-05,2025-11-12,11.0,51.0,65.82,2749.0,40559400.0,12.0,2025-10-31,2025-11-11,,,,,,,,,,,,,
vạn vật như muốn ta bên nhau,rio,,spotify,67.0,2025-04-10,"v-pop, vietnam indie, vietnamese hip hop",5WkuMbkHX7yR7nnBKCn7tV,1,18.0,22.45,11.0,47.18,,,,,,11.0,18.0,22.45,215.0,15179887.0,4.0,2025-10-31,2025-11-11,,,,,,,,,,,,,
bạn đời,karik,gducky,"nct, spotify",58.0,2023-10-04,"v-pop, vietnamese hip hop, vietnam indie",0kHgteR4TV4LO80wrasDSR,2,45.0,68.76,16.0,47.0,,,,,,7.0,72.0,89.29,769.0,34320443.0,5.0,2025-11-05,2025-11-11,9.0,45.0,48.22,270392.0,2025-10-31,2025-11-13,,,,,,,
ước anh tan nát con tim,phùng khánh linh,,apple,54.0,2025-10-18,"v-pop, vietnam indie",7dDbzI8ZchvQbrTHrpOUAA,1,14.0,21.88,8.0,46.9,8.0,14.0,21.88,2025-11-05,2025-11-12,,,,,,,,,,,,,,,,,,,,,
lưới tình,j.ade,,zingmp3,28.0,2025-10-30,"v-pop, vietnam indie",2Fxyo0hUNokG0pIGFlTWII,1,14.0,19.0,8.0,46.9,,,,,,,,,,,,,,,,,,,,8.0,14.0,19.0,66000.0,93000.0,2025-10-31,2025-11-12
mảnh tình sai đôi,thành đạt,,zingmp3,34.0,2025-10-08,"vinahouse, v-pop",2cY72eGi5dHcjRgKijHFFu,1,25.0,36.0,15.0,46.88,,,,,,,,,,,,,,,,,,,,15.0,25.0,36.0,13000.0,628000.0,2025-10-31,2025-11-13
1000 ánh mắt,shiki,obito,"apple, spotify",64.0,2024-06-27,"vietnamese hip hop, v-pop, vietnam indie",5XfGQZA0ioQAWUjlyJRcHc,2,50.0,70.47,19.0,46.88,8.0,61.0,72.12,2025-11-05,2025-11-12,11.0,50.0,68.82,502.0,24278150.0,8.0,2025-10-31,2025-11-11,,,,,,,,,,,,,
nắng dưới chân mây,nguyễn hữu kha,,nct,54.0,2025-06-18,"vinahouse, v-pop",0rpypmIyrvM4ORUt8SYSdP,1,16.0,18.78,9.0,46.72,,,,,,,,,,,,,,9.0,16.0,18.78,84693.0,2025-10-31,2025-11-13,,,,,,,
sau cơn suy,rhyder,,"nct, zingmp3",62.0,2025-09-18,"v-pop, vietnamese hip hop",3VFb1YDFdoS6vRYW9n0egd,2,41.0,66.28,13.0,46.72,,,,,,,,,,,,,,8.0,41.0,43.75,25784.0,2025-10-31,2025-11-12,5.0,81.0,88.8,15000.0,1100000.0,2025-11-08,2025-11-13
lệ ngang trời,hồ nhi,a tuân,zingmp3,28.0,2025-06-27,,0efBHrS8V1AcHTDRynEG5g,1,26.0,31.93,15.0,46.48,,,,,,,,,,,,,,,,,,,,15.0,26.0,31.93,124000.0,4400000.0,2025-10-31,2025-11-13
trái tim không có tội,châu khải phong,,zingmp3,27.0,2025-09-10,"vinahouse, v-pop, vietnamese lo-fi, vietnamese bolero",6aET4QkbSqgaJsK1A7Nwnj,1,26.0,45.07,15.0,46.48,,,,,,,,,,,,,,,,,,,,15.0,26.0,45.07,30000.0,1800000.0,2025-10-31,2025-11-13
loser,min,chillies,apple,54.0,2025-10-22,"v-pop, vietnamese hip hop, vietnam indie, vinahouse",30iU0Hny521RxJVtDq2LH9,1,16.0,32.88,8.0,46.1,8.0,16.0,32.88,2025-11-05,2025-11-12,,,,,,,,,,,,,,,,,,,,,
nếu lúc đó,tlinh,2pillz,"apple, spotify",63.0,2023-08-16,"v-pop, vietnamese hip hop, vietnam indie, vinahouse",5ouxRyInSdRBQubu3KTd97,2,49.0,64.92,17.0,46.02,8.0,49.0,51.62,2025-11-05,2025-11-12,9.0,61.0,78.22,986.0,59690975.0,1.0,2025-11-03,2025-11-11,,,,,,,,,,,,,
vòng xoay của ba chúng ta,thành đạt,,zingmp3,19.0,2025-09-26,"vinahouse, v-pop",2L8K5OZzBQf5Oxx7iHIiZG,1,15.0,19.0,7.0,45.88,,,,,,,,,,,,,,,,,,,,7.0,15.0,19.0,2000.0,243000.0,2025-10-31,2025-11-06
kho báu (rock ver.),(s)trong,,zingmp3,30.0,2025-11-06,"v-pop, vietnam indie",55ZbetqAcpX94GDFvtuN1G,1,6.0,6.0,1.0,45.72,,,,,,,,,,,,,,,,,,,,1.0,6.0,6.0,24000.0,,2025-11-08,2025-11-08
sự ưu tiên của em,lê gia bảo,,zingmp3,41.0,2025-03-27,"vinahouse, v-pop, vietnamese lo-fi, vietnam indie",4lMkHeFnrucJ1vRhWaPKlD,1,28.0,36.27,15.0,45.68,,,,,,,,,,,,,,,,,,,,15.0,28.0,36.27,236000.0,15700000.0,2025-10-31,2025-11-13
nói dối,ronboogz,,spotify,66.0,2022-12-12,"v-pop, vietnamese hip hop, vietnam indie",3ET3xHCLMGd57u06A9RjJ0,1,22.0,29.55,11.0,45.58,,,,,,11.0,22.0,29.55,737.0,28560416.0,3.0,2025-10-31,2025-11-11,,,,,,,,,,,,,
vì anh đâu có biết,madihu,vũ.,spotify,64.0,2022-08-04,"v-pop, vietnam indie, vietnamese hip hop",6VXVYATpQXEIoZ97NnWCmn,1,22.0,37.36,11.0,45.58,,,,,,11.0,22.0,37.36,1196.0,57608948.0,2.0,2025-10-31,2025-11-11,,,,,,,,,,,,,
chằn tinh,lyhan,,zingmp3,,,,,1,7.0,7.0,1.0,45.32,,,,,,,,,,,,,,,,,,,,1.0,7.0,7.0,1000.0,24000.0,2025-11-13,2025-11-13
ánh trăng giả dối,quốc thiên,,zingmp3,,,,,1,7.0,7.0,1.0,45.32,,,,,,,,,,,,,,,,,,,,1.0,7.0,7.0,30000.0,,2025-11-12,2025-11-12
anh đã quen với cô đơn,soobin,,"apple, spotify",61.0,2017-03-14,"v-pop, vietnamese hip hop, vietnam indie, vinahouse",39KWnPNEvbXt423CzjvBfA,2,43.0,62.56,12.0,45.3,8.0,43.0,48.38,2025-11-05,2025-11-12,4.0,47.0,76.75,373.0,9003535.0,47.0,2025-11-05,2025-11-08,,,,,,,,,,,,,
cưới chính,nal,ct,zingmp3,41.0,2025-09-30,"vinahouse, vietnamese bolero, bolero, v-pop",5MKyEfqhXnasPDIwmD0Dgi,1,29.0,37.33,15.0,45.28,,,,,,,,,,,,,,,,,,,,15.0,29.0,37.33,38000.0,1100000.0,2025-10-31,2025-11-13
quyền yếu đuối (piano version),miina,"rin9, dreamer","nct, zingmp3",48.0,2025-10-15,v-pop,18TMr4J8tDBenrgDfuGWvy,2,38.0,69.16,8.0,44.8,,,,,,,,,,,,,,6.0,38.0,39.83,11228.0,2025-10-31,2025-11-13,2.0,98.0,98.5,7000.0,235000.0,2025-10-31,2025-11-01
e là không thể,anh quân,,"nct, spotify",61.0,2024-11-29,"vinahouse, vietnamese lo-fi, v-pop",0mcveJtBYTbLJa5dHvtxJJ,1,21.0,24.0,9.0,44.72,,,,,,,,,,,,,,9.0,21.0,24.0,186252.0,2025-10-31,2025-11-13,,,,,,,
polite,sonaone,tlinh,zingmp3,48.0,2025-11-04,"malay rap, malay, malay pop, malaysian pop",3EfychxMku3sRuso0jkGis,1,18.0,45.86,7.0,44.68,,,,,,,,,,,,,,,,,,,,7.0,18.0,45.86,,,2025-10-31,2025-11-06
linh cảm,phùng khánh linh,,apple,55.0,2025-10-18,"v-pop, vietnam indie",2EnTkrLXgoGQ1S9atYZu2F,1,20.0,40.5,8.0,44.5,8.0,20.0,40.5,2025-11-05,2025-11-12,,,,,,,,,,,,,,,,,,,,,
phong sương tửu (ca si thiên đình),thiên đình,,zingmp3,29.0,2025-10-22,"vinahouse, v-pop",6QAFJqZCOZ6ctgdA1tyGZ8,1,31.0,47.4,15.0,44.47,,,,,,,,,,,,,,,,,,,,15.0,31.0,47.4,7000.0,448000.0,2025-10-31,2025-11-13
nếu ngày ấy,soobin,,spotify,63.0,2019-07-22,"v-pop, vietnamese hip hop, vietnam indie, vinahouse",4BdB08vuS9r4HOoY7GkAxT,1,25.0,35.36,11.0,44.38,,,,,,11.0,25.0,35.36,320.0,10200491.0,25.0,2025-10-31,2025-11-11,,,,,,,,,,,,,
"(từng là) boyfriend, girlfriend",min,,apple,51.0,2025-10-22,"v-pop, vietnamese hip hop, vietnam indie, vinahouse",7B2UpgEZe68OdfKzBb8JZq,1,22.0,37.62,8.0,43.7,8.0,22.0,37.62,2025-11-05,2025-11-12,,,,,,,,,,,,,,,,,,,,,
anh nhớ ra,vũ.,trang,apple,,,,,1,22.0,28.88,8.0,43.7,8.0,22.0,28.88,2025-11-05,2025-11-12,,,,,,,,,,,,,,,,,,,,,
có em,madihu,low g,spotify,65.0,2022-04-22,"v-pop, vietnam indie, vietnamese hip hop",6Hs2xIgB8nzyGFDvVA8lFa,1,27.0,47.36,11.0,43.58,,,,,,11.0,27.0,47.36,1286.0,42507412.0,2.0,2025-10-31,2025-11-11,,,,,,,,,,,,,
chúng ta của hiện tại,sơn tùng m-tp,,"apple, spotify",63.0,2020-12-20,"v-pop, vinahouse, vietnamese hip hop",1J3SmWwlYAG68LGKr86MVH,2,52.0,88.35,15.0,43.58,5.0,94.0,97.2,2025-11-05,2025-11-11,10.0,52.0,79.5,1788.0,58404206.0,1.0,2025-10-31,2025-11-11,,,,,,,,,,,,,
chuyện đôi ta,emcee l,muộii (starry night),"apple, spotify",,,,,1,17.0,18.75,4.0,43.2,,,,,,4.0,17.0,18.75,1441.0,68800393.0,2.0,2025-11-08,2025-11-11,,,,,,,,,,,,,
sinh ra đã là thứ đối lập nhau,emcee l,"da lab, badbies",spotify,65.0,2020-12-29,"v-pop, vietnamese lo-fi, vietnam indie, vietnamese hip hop",5BTzf3doGTigDIYUFtbkI9,1,28.0,47.0,11.0,43.18,,,,,,11.0,28.0,47.0,1517.0,52576041.0,16.0,2025-10-31,2025-11-11,,,,,,,,,,,,,
một bài hát không vui mấy - extended version,t.r.i,"dangrangto, donal",spotify,65.0,2024-12-24,"v-pop, vietnamese lo-fi, vietnam indie, vietnamese hip hop",36fgG6NiEuQXznNgf5y2Ck,1,29.0,39.64,11.0,42.78,,,,,,11.0,29.0,39.64,311.0,16341458.0,17.0,2025-10-31,2025-11-11,,,,,,,,,,,,,
đừng đóng vai nạn nhân,wendy thảo,v2t media,zingmp3,31.0,2025-10-03,"v-pop, vinahouse",4zUu2z3zh1Swd5kKbjm9DG,1,36.0,42.67,15.0,42.48,,,,,,,,,,,,,,,,,,,,15.0,36.0,42.67,20000.0,655000.0,2025-10-31,2025-11-13
chẳng thể cảm hóa,lương quý tuấn,an clock,zingmp3,43.0,2025-05-14,"vinahouse, v-pop",7GeFFX8J17502ne4TRDVSi,1,37.0,41.73,15.0,42.08,,,,,,,,,,,,,,,,,,,,15.0,37.0,41.73,156000.0,5700000.0,2025-10-31,2025-11-13
rơi tự do,em xinh say hi,lyhan,zingmp3,58.0,2025-08-18,v-pop,2xxneabRzrlVgHRv0HtHxl,1,39.0,77.19,16.0,41.9,,,,,,,,,,,,,,,,,,,,16.0,39.0,77.19,30000.0,2200000.0,2025-10-31,2025-11-13
mảnh tình sai đôi,quang hà,,zingmp3,36.0,2025-08-18,"vinahouse, v-pop, vietnamese bolero",4CbfBM3cqdXilXNSat7mnP,1,38.0,45.47,15.0,41.68,,,,,,,,,,,,,,,,,,,,15.0,38.0,45.47,26000.0,1600000.0,2025-10-31,2025-11-13
đại dương,pháp kiều,,zingmp3,,,,,1,17.0,17.0,1.0,41.32,,,,,,,,,,,,,,,,,,,,1.0,17.0,17.0,35000.0,,2025-11-13,2025-11-13
tâm sự với đêm một mình,phùng khánh linh,,apple,54.0,2025-10-18,"v-pop, vietnam indie",5JkQq7lTADn7UR4AzAQsnz,1,28.0,39.5,8.0,41.3,8.0,28.0,39.5,2025-11-05,2025-11-12,,,,,,,,,,,,,,,,,,,,,
nhắn nhủ,ronboogz,,spotify,64.0,2023-12-12,"v-pop, vietnamese hip hop, vietnam indie",2uZmeuNAxSm7XfVIwLkhCx,1,33.0,55.82,11.0,41.18,,,,,,11.0,33.0,55.82,698.0,36902652.0,9.0,2025-10-31,2025-11-11,,,,,,,,,,,,,
dự báo thời tiết hôm nay mưa,grey d,,"apple, spotify",62.0,2022-11-22,"v-pop, vietnam indie, vietnamese hip hop",65cM1nyMf9pFDZVV8xmPX9,2,55.0,73.13,13.0,41.12,3.0,65.0,74.67,2025-11-08,2025-11-12,10.0,55.0,71.6,1085.0,35672814.0,5.0,2025-11-01,2025-11-11,,,,,,,,,,,,,
anh thua người ta nhiều lắm,nb3 hoài bảo,ct,zingmp3,28.0,2025-08-17,"vinahouse, vietnamese lo-fi, v-pop, lo-fi",38I9WxdCEH2nlKAHsAayyI,1,40.0,63.8,15.0,40.88,,,,,,,,,,,,,,,,,,,,15.0,40.0,63.8,40000.0,1700000.0,2025-10-31,2025-11-13
dù cho tận thế,erik,,nct,60.0,2025-02-06,"v-pop, vinahouse, vietnam indie",0oSc7X1uRQGuEqNRtXEeQL,1,31.0,33.33,9.0,40.72,,,,,,,,,,,,,,9.0,31.0,33.33,243059.0,2025-10-31,2025-11-13,,,,,,,
có mình và ta,nguyễn vĩ,,zingmp3,40.0,2025-09-16,"vinahouse, vietnamese lo-fi, v-pop",00aePbGy0OSKVotPHGQlT2,1,41.0,51.73,15.0,40.47,,,,,,,,,,,,,,,,,,,,15.0,41.0,51.73,23000.0,924000.0,2025-10-31,2025-11-13
độc nhất vô nhị,anh trai say hi,"karik, vũ cát tường, gill, tez","nct, zingmp3",57.0,2025-09-22,"v-pop, vietnamese hip hop",3nglEHRDn1MEy3vmMNfLl5,2,49.0,69.85,8.0,40.4,,,,,,,,,,,,,,1.0,49.0,49.0,25775.0,2025-10-31,2025-10-31,7.0,86.0,90.71,15000.0,856000.0,2025-11-03,2025-11-10
tràn bộ nhớ,dương domic,,spotify,64.0,2024-11-22,"v-pop, vietnamese hip hop",0669gFIK8dYK9GGQ0K0QNF,1,35.0,53.91,11.0,40.38,,,,,,11.0,35.0,53.91,354.0,22992508.0,5.0,2025-10-31,2025-11-11,,,,,,,,,,,,,
love is,dangrangto,,spotify,64.0,2023-06-27,"vietnamese hip hop, v-pop",226ljdOTLM2clGpm4mZvAm,1,35.0,45.27,11.0,40.38,,,,,,11.0,35.0,45.27,382.0,23902845.0,7.0,2025-10-31,2025-11-11,,,,,,,,,,,,,
bắt con bướm vàng,danhka,,zingmp3,37.0,2025-08-05,"vinahouse, v-pop",1UlLetlR4rH6zU3azbU55V,1,42.0,48.67,15.0,40.08,,,,,,,,,,,,,,,,,,,,15.0,42.0,48.67,36000.0,1700000.0,2025-10-31,2025-11-13
anh vui,phạm kỳ,,nct,57.0,2023-03-10,"vinahouse, v-pop, vietnamese lo-fi",7asicziv1NB49eEA1ZPp2O,1,33.0,36.67,9.0,39.92,,,,,,,,,,,,,,9.0,33.0,36.67,91704.0,2025-10-31,2025-11-13,,,,,,,
hãy trao cho anh,sơn tùng m-tp,snoop dogg,nct,55.0,2019-07-02,"v-pop, vinahouse, vietnamese hip hop",5x5Vx0Musv3LSUKzjY73mA,1,34.0,43.11,9.0,39.53,,,,,,,,,,,,,,9.0,34.0,43.11,927390.0,2025-10-31,2025-11-13,,,,,,,
điều em khó nói,min,,apple,53.0,2025-10-22,"v-pop, vietnamese hip hop, vietnam indie, vinahouse",1i8XBFqEFIGbzLXvqu9c3b,1,33.0,54.0,8.0,39.3,8.0,33.0,54.0,2025-11-05,2025-11-12,,,,,,,,,,,,,,,,,,,,,
đừng bất công với em mà,inso,viam,zingmp3,28.0,2025-07-11,"vinahouse, v-pop",0J3MfbyMKPSkhnxdU63XAJ,1,44.0,62.4,15.0,39.28,,,,,,,,,,,,,,,,,,,,15.0,44.0,62.4,35000.0,2400000.0,2025-10-31,2025-11-13
kịch bản,táo,hoàng yến chibi,spotify,58.0,2025-10-23,"vietnamese hip hop, vietnamese lo-fi, vietnam indie, v-pop",0gxXkhbz8x0P0GNN2Pc3lm,1,38.0,68.91,11.0,39.17,,,,,,11.0,38.0,68.91,17.0,722223.0,38.0,2025-10-31,2025-11-11,,,,,,,,,,,,,
nhiều hơn,low g,,"apple, spotify",59.0,2025-10-21,"vietnamese hip hop, v-pop, vietnam indie",3PvxUf6vng5MtK1xDtbmFh,2,59.0,80.91,12.0,38.9,6.0,59.0,76.0,2025-11-05,2025-11-10,6.0,73.0,85.83,18.0,655055.0,53.0,2025-10-31,2025-11-08,,,,,,,,,,,,,
id 072019,w/n,,spotify,64.0,2023-07-31,"v-pop, vietnamese lo-fi, vietnamese hip hop, vietnam indie",1o6cYDMHvKOfizi4d9Lqxr,1,39.0,55.73,11.0,38.78,,,,,,11.0,39.0,55.73,834.0,45284631.0,3.0,2025-10-31,2025-11-11,,,,,,,,,,,,,
bầu trời mới,da lab,minh tốc & lam,spotify,63.0,2024-10-05,"v-pop, vietnamese hip hop, vietnam indie, vietnamese lo-fi, vinahouse",7fCeYpR02Q8JVuD88hJZVT,1,39.0,55.27,11.0,38.78,,,,,,11.0,39.0,55.27,405.0,28859421.0,6.0,2025-10-31,2025-11-11,,,,,,,,,,,,,
2am,justatee,bigdaddy,spotify,64.0,2022-05-10,"v-pop, vietnamese hip hop",3DLtPObflLQBodZN8qGODT,1,39.0,54.18,11.0,38.78,,,,,,11.0,39.0,54.18,1278.0,35656346.0,14.0,2025-10-31,2025-11-11,,,,,,,,,,,,,
thức giấc,da lab,,spotify,64.0,2021-07-14,"v-pop, vietnamese hip hop, vietnam indie, vietnamese lo-fi, vinahouse",1MiJk3dXC5jzhvLFP0dUM7,1,39.0,60.0,11.0,38.78,,,,,,11.0,39.0,60.0,1582.0,44240554.0,1.0,2025-10-31,2025-11-11,,,,,,,,,,,,,
ám ảnh về anh,phùng khánh linh,,apple,53.0,2025-10-18,"v-pop, vietnam indie",4mU4LOHUfY3Tv7V1F8pqsr,1,35.0,54.12,8.0,38.5,8.0,35.0,54.12,2025-11-05,2025-11-12,,,,,,,,,,,,,,,,,,,,,
tâm trí lang thang,ánh sáng aza,negav,spotify,64.0,2025-05-15,v-pop,3W77mLoXjQEkNjxvYRifjG,1,40.0,51.09,11.0,38.38,,,,,,11.0,40.0,51.09,161.0,7775190.0,7.0,2025-10-31,2025-11-11,,,,,,,,,,,,,
khóa ly biệt,the masked singer,voi bản đôn,nct,51.0,2023-11-05,v-pop,3BlB5wlzdbgCJGkuPcNVIW,1,39.0,40.44,9.0,37.52,,,,,,,,,,,,,,9.0,39.0,40.44,346785.0,2025-10-31,2025-11-13,,,,,,,
điều em không muốn,phùng khánh linh,,apple,53.0,2025-10-18,"v-pop, vietnam indie",1hhHm16FmHwdob8X95frcB,1,38.0,56.62,8.0,37.3,8.0,38.0,56.62,2025-11-05,2025-11-12,,,,,,,,,,,,,,,,,,,,,
3 bích,pháp kiều,tlinh,nct,59.0,2025-10-15,"v-pop, vietnamese hip hop",3yrQAZrdlrMVtI4DN9FTIc,1,35.0,40.17,6.0,37.25,,,,,,,,,,,,,,6.0,35.0,40.17,9694.0,2025-10-31,2025-11-07,,,,,,,
10 ngàn năm,pc,,spotify,64.0,2019-12-21,"vietnamese hip hop, vietnamese lo-fi, v-pop, vietnam indie",2pm7K14nHj2fLrpU8j9bit,1,43.0,51.55,11.0,37.17,,,,,,11.0,43.0,51.55,1246.0,33022520.0,25.0,2025-10-31,2025-11-11,,,,,,,,,,,,,
đừng yêu một người như,du uyên,,zingmp3,10.0,2025-10-29,"v-pop, vinahouse, vietnamese hip hop",6vH7sYEbvUcHwwJKQvW2xH,1,31.0,49.67,3.0,36.97,,,,,,,,,,,,,,,,,,,,3.0,31.0,49.67,3000.0,190000.0,2025-11-09,2025-11-12
nụ hôn đầu,đậu tất đạt,,zingmp3,11.0,2025-10-30,"v-pop, vietnamese hip hop, vietnam indie",2cZEbXZ7i1HVn2FvXrqInO,1,31.0,45.33,3.0,36.97,,,,,,,,,,,,,,,,,,,,3.0,31.0,45.33,5000.0,,2025-11-07,2025-11-08
nolovenolife,hieuthuhai,,apple,61.0,2023-10-16,"v-pop, vietnamese hip hop, vietnamese lo-fi, vietnam indie, vinahouse",6D94p9ASguBcYlDC0o56vx,1,40.0,44.75,8.0,36.5,8.0,40.0,44.75,2025-11-05,2025-11-12,,,,,,,,,,,,,,,,,,,,,
thương,bích phương,,zingmp3,52.0,2025-10-23,"v-pop, vietnamese hip hop, vinahouse, vietnam indie",64R6c49ljNaTEl7sGZxQ00,1,48.0,64.54,13.0,36.42,,,,,,,,,,,,,,,,,,,,13.0,48.0,64.54,4000.0,358000.0,2025-10-31,2025-11-13
đánh đổi,obito,"shiki, rpt mck","apple, spotify",62.0,2023-10-10,"v-pop, vietnamese hip hop, vietnam indie",1UQNU5O9VttUgO16pxUnjw,2,64.0,74.41,11.0,36.28,8.0,64.0,72.5,2025-11-05,2025-11-12,3.0,69.0,76.33,489.0,17580986.0,46.0,2025-11-08,2025-11-10,,,,,,,,,,,,,
cơ hội cuối,an vũ,,zingmp3,52.0,2025-04-25,"v-pop, vinahouse, vietnamese lo-fi",2UntIOBeaSlLJrZbc3bdmD,1,52.0,59.67,15.0,36.08,,,,,,,,,,,,,,,,,,,,15.0,52.0,59.67,188000.0,11500000.0,2025-10-31,2025-11-13
hoa đỗ quyên,khả hiệp,,zingmp3,13.0,2025-09-22,"vinahouse, v-pop, vietnamese lo-fi",683tqruHrjbdocY4cJtCW5,1,38.0,52.5,6.0,36.05,,,,,,,,,,,,,,,,,,,,6.0,38.0,52.5,2000.0,106000.0,2025-11-01,2025-11-06
lo người ướt áo,nguyễn thạc bảo ngọc,,zingmp3,0.0,2025-11-11,"vinahouse, v-pop",5XnkbEgL1vKoor7Us9YLTr,1,53.0,75.93,15.0,35.67,,,,,,,,,,,,,,,,,,,,15.0,53.0,75.93,4000.0,219000.0,2025-10-31,2025-11-13
sau cơn mưa,coolkid,rhyder,spotify,64.0,2023-07-28,"v-pop, vietnamese hip hop",4fj4Jn4nw8fGX8xdbCntJf,1,46.0,74.2,10.0,35.35,,,,,,10.0,46.0,74.2,800.0,51114173.0,7.0,2025-10-31,2025-11-10,,,,,,,,,,,,,
chim hót bên trong lâu đài,lyhan,,zingmp3,,,,,1,32.0,32.0,1.0,35.33,,,,,,,,,,,,,,,,,,,,1.0,32.0,32.0,4000.0,,2025-11-13,2025-11-13
kẻ say tình,quốc thiên,,zingmp3,40.0,2025-07-30,"v-pop, vietnamese bolero",6a5IEsMgdzImE9cYLAQ900,1,55.0,64.67,15.0,34.88,,,,,,,,,,,,,,,,,,,,15.0,55.0,64.67,23000.0,2600000.0,2025-10-31,2025-11-13
không yêu em thì yêu ai?,vũ.,low g,spotify,64.0,2024-09-27,"v-pop, vietnam indie, vietnamese lo-fi",0e6fZkLArSmDIHnZcIua7t,1,49.0,56.09,11.0,34.78,,,,,,11.0,49.0,56.09,411.0,21813432.0,14.0,2025-10-31,2025-11-11,,,,,,,,,,,,,
mê cung 79 (metal rock),phương thanh,,zingmp3,7.0,2025-10-17,"v-pop, vietnamese bolero",3LV8EqCzpObmq8eI7nMZ4D,1,35.0,51.5,2.0,34.75,,,,,,,,,,,,,,,,,,,,2.0,35.0,51.5,1000.0,,2025-11-07,2025-11-07
thấu tình,trung hiếu,,zingmp3,24.0,2025-10-04,,1b91Vu4yC75Gs0m8AooXCo,1,56.0,65.73,15.0,34.48,,,,,,,,,,,,,,,,,,,,15.0,56.0,65.73,12000.0,418000.0,2025-10-31,2025-11-13
bóng tối yêu đời,lyhan,,zingmp3,,,,,1,35.0,35.0,1.0,34.12,,,,,,,,,,,,,,,,,,,,1.0,35.0,35.0,10000.0,,2025-11-13,2025-11-13
thanh xuân,da lab,,apple,61.0,2018-08-24,"v-pop, vietnamese hip hop, vietnam indie, vietnamese lo-fi, vinahouse",3b34161QoxLwsqhWSPy9i5,1,46.0,50.62,8.0,34.1,8.0,46.0,50.62,2025-11-05,2025-11-12,,,,,,,,,,,,,,,,,,,,,
sau ngần ấy năm,hà nhi,,zingmp3,50.0,2025-05-21,"v-pop, vinahouse, vietnam indie, vietnamese lo-fi",2k6iN3YG0R1uIWIhY4GsH9,1,57.0,69.73,15.0,34.08,,,,,,,,,,,,,,,,,,,,15.0,57.0,69.73,77000.0,6800000.0,2025-10-31,2025-11-13
hoa,chung thanh duy,,zingmp3,32.0,2025-06-26,"vinahouse, v-pop, vietnamese hip hop, vietnamese lo-fi",5Dn0JXPDrBrYW3CXEaAnRl,1,57.0,64.47,15.0,34.08,,,,,,,,,,,,,,,,,,,,15.0,57.0,64.47,46000.0,3200000.0,2025-10-31,2025-11-13
đại khải hoàn,the flob,chin,zingmp3,39.0,2025-11-06,"vietnam indie, v-pop",2Yp2PMt1fepfBELHIPzvaA,1,36.0,36.0,1.0,33.72,,,,,,,,,,,,,,,,,,,,1.0,36.0,36.0,8000.0,,2025-11-08,2025-11-08
đường tôi chở em về,buitruonglinh,,spotify,63.0,2020-07-03,"v-pop, vietnamese lo-fi, vietnam indie, vinahouse",27F22WcGDyl4Z2KylVJkXL,1,52.0,68.3,10.0,32.95,,,,,,10.0,52.0,68.3,1098.0,18970969.0,13.0,2025-10-31,2025-11-11,,,,,,,,,,,,,
vật đổi sao dời,lyhan,,zingmp3,,,,,1,38.0,38.0,1.0,32.92,,,,,,,,,,,,,,,,,,,,1.0,38.0,38.0,3000.0,,2025-11-13,2025-11-13
chẳng nợ ai ngoài em,lê gia bảo,,zingmp3,36.0,2025-09-23,"vinahouse, v-pop, vietnamese lo-fi, vietnam indie",0kjkrg5N3Hf0mPcF5tqOyK,1,60.0,69.93,15.0,32.88,,,,,,,,,,,,,,,,,,,,15.0,60.0,69.93,16000.0,859000.0,2025-10-31,2025-11-13
hãy nói anh sai rồi,phùng khánh linh,,apple,53.0,2025-10-18,"v-pop, vietnam indie",1mZCfyJVxvkqkKd3xlOk2H,1,50.0,73.62,8.0,32.5,8.0,50.0,73.62,2025-11-05,2025-11-12,,,,,,,,,,,,,,,,,,,,,
chịu cách mình nói thua,rhyder,"coolkid, ban",spotify,64.0,2023-11-22,"v-pop, vietnamese hip hop",3ZbZtdEw9U0uZW4tZItIwq,1,55.0,69.64,11.0,32.38,,,,,,11.0,55.0,69.64,721.0,51257115.0,4.0,2025-10-31,2025-11-11,,,,,,,,,,,,,
trạm dừng chân,jack - j97,,zingmp3,52.0,2025-06-05,"v-pop, vinahouse",2LFIRb0QGk7fylgT70idKy,1,62.0,74.4,15.0,32.08,,,,,,,,,,,,,,,,,,,,15.0,62.0,74.4,106000.0,6900000.0,2025-10-31,2025-11-13
ghé qua,pc,"dick, tofutns",spotify,62.0,2018-03-17,"vietnamese hip hop, vietnamese lo-fi, v-pop, vietnam indie",6Q2oEdOhRjZ1DTv2a7j0lN,1,54.0,73.11,9.0,31.52,,,,,,9.0,54.0,73.11,456.0,13780208.0,44.0,2025-10-31,2025-11-11,,,,,,,,,,,,,
lễ đường,kai đinh,,"spotify, zingmp3",62.0,2025-03-09,"v-pop, vietnamese lo-fi, vietnam indie",3y66li7DIrH7HLKIZzxR5H,2,79.0,93.02,13.0,31.52,,,,,,10.0,79.0,87.7,245.0,15103951.0,3.0,2025-10-31,2025-11-11,,,,,,,3.0,97.0,98.33,148000.0,10200000.0,2025-11-05,2025-11-11
anh thua anh ta,gia huy singer,,zingmp3,20.0,2025-11-06,"vinahouse, v-pop",2JLbmO8Hs5LHJRUMxQefwM,1,48.0,54.2,5.0,31.42,,,,,,,,,,,,,,,,,,,,5.0,48.0,54.2,5000.0,102000.0,2025-11-09,2025-11-13
vet mua,vũ cát tường,,spotify,63.0,2014-01-01,"v-pop, vietnam indie",5cn5oHiXJTLiuthgbgfkMh,1,58.0,69.73,11.0,31.18,,,,,,11.0,58.0,69.73,551.0,14086760.0,37.0,2025-10-31,2025-11-11,,,,,,,,,,,,,
mộng tình si,đan trường,"hòa minzy, lê thành trung",zingmp3,0.0,2025-11-08,,2XRX3BGuwrIQd5vJR4U2KJ,1,43.0,43.0,1.0,30.92,,,,,,,,,,,,,,,,,,,,1.0,43.0,43.0,1000.0,29000.0,2025-11-10,2025-11-10
hẹn gặp em dưới ánh trăng,manbo,"hieuthuhai, hurrykng",spotify,63.0,2020-09-25,"vietnamese hip hop, v-pop, vietnam indie",0s7RyyUlQfd8mnnboHe18n,1,59.0,74.82,11.0,30.78,,,,,,11.0,59.0,74.82,628.0,29527248.0,15.0,2025-10-31,2025-11-11,,,,,,,,,,,,,
từng quen,wren evans,itsnk,apple,56.0,2023-12-17,"v-pop, vietnam indie, vietnamese hip hop, vinahouse",4qYfRfSxsmhJ1WMaywtLyI,1,55.0,66.62,8.0,30.5,8.0,55.0,66.62,2025-11-05,2025-11-12,,,,,,,,,,,,,,,,,,,,,
yêu 5,rhymastic,,apple,60.0,2017-01-01,"v-pop, vietnamese hip hop, vietnam indie, vinahouse",5U30iZBlmxkpHqzb1OSnBS,1,55.0,56.38,8.0,30.5,8.0,55.0,56.38,2025-11-05,2025-11-12,,,,,,,,,,,,,,,,,,,,,
cục vàng của anh,nana liu,,zingmp3,29.0,2025-08-07,v-pop,3nYfepu0HuPI6sidP45wo3,1,66.0,74.47,15.0,30.48,,,,,,,,,,,,,,,,,,,,15.0,66.0,74.47,30000.0,1300000.0,2025-10-31,2025-11-13
anh muốn nhìn thấy em,the wind,dangrangto,spotify,61.0,2023-07-27,"vietnamese hip hop, v-pop",5VGOYjxkEaf19LoRPIolD2,1,51.0,78.0,5.0,30.22,,,,,,5.0,51.0,78.0,330.0,10475497.0,51.0,2025-11-01,2025-11-09,,,,,,,,,,,,,
anh lại say rồi,phan duy anh,t.a.p entertainment (producer t.a),zingmp3,23.0,2025-09-20,"vinahouse, v-pop, vietnamese bolero",2xO02FYqG0OKm53WwEU4FL,1,67.0,75.13,15.0,30.08,,,,,,,,,,,,,,,,,,,,15.0,67.0,75.13,11000.0,825000.0,2025-10-31,2025-11-13
đã lỡ yêu em nhiều,justatee,,spotify,62.0,2022-07-11,"v-pop, vietnamese hip hop, vietnam indie",3J3nv18iIrOhca1ZWNeuyW,1,59.0,77.78,9.0,29.52,,,,,,9.0,59.0,77.78,955.0,15922127.0,59.0,2025-11-01,2025-11-11,,,,,,,,,,,,,
vũ trụ song song,lyhan,,zingmp3,,,,,1,47.0,47.0,1.0,29.33,,,,,,,,,,,,,,,,,,,,1.0,47.0,47.0,3000.0,,2025-11-13,2025-11-13
chăm hoa,mono,,apple,61.0,2024-10-22,"v-pop, vietnamese hip hop, vinahouse",40pWxpbXoBYGPCiofujjZ6,1,58.0,68.12,8.0,29.3,8.0,58.0,68.12,2025-11-05,2025-11-12,,,,,,,,,,,,,,,,,,,,,
xin đừng lặng im,soobin,,spotify,62.0,2025-02-13,"v-pop, vietnamese hip hop, vietnam indie, vinahouse",4CVxKSRLUxqUuj2z9vn4fS,1,64.0,78.36,11.0,28.78,,,,,,11.0,64.0,78.36,169.0,6059142.0,33.0,2025-10-31,2025-11-11,,,,,,,,,,,,,
nàng thơ,hoàng dũng,,apple,56.0,2020-12-16,"v-pop, vietnam indie, vietnamese lo-fi, vietnamese hip hop",1w3eUC89GPspKpi62tPwjt,1,61.0,64.25,8.0,28.1,8.0,61.0,64.25,2025-11-05,2025-11-12,,,,,,,,,,,,,,,,,,,,,
grief is the price you pay for love,phùng khánh linh,,apple,52.0,2025-10-18,"v-pop, vietnam indie",0No0rqyK0KIsesiwrnnhaf,1,58.0,72.6,5.0,27.42,5.0,58.0,72.6,2025-11-05,2025-11-09,,,,,,,,,,,,,,,,,,,,,
đoạn kết mới,hoàng dũng,,apple,55.0,2022-08-24,"v-pop, vietnam indie, vietnamese lo-fi, vietnamese hip hop",72YmbRPOa2DZKe4HzdFG9B,1,63.0,69.62,8.0,27.3,8.0,63.0,69.62,2025-11-05,2025-11-12,,,,,,,,,,,,,,,,,,,,,
nếu biết đó là lần cuối,đức trường,bmz,spotify,60.0,2022-08-19,v-pop,2w7jOvl0kpplNxisgfnCdT,1,67.0,80.9,10.0,26.95,,,,,,10.0,67.0,80.9,83.0,2334057.0,67.0,2025-10-31,2025-11-11,,,,,,,,,,,,,
fragile (intro),min,,apple,49.0,2025-10-22,"v-pop, vietnamese hip hop, vietnam indie, vinahouse",4pqM9QR5Lhqff8od49nFjr,1,57.0,72.0,3.0,26.58,3.0,57.0,72.0,2025-11-05,2025-11-07,,,,,,,,,,,,,,,,,,,,,
khóc blóck,phùng khánh linh,,apple,51.0,2025-10-18,"v-pop, vietnam indie",7D7Atev6IsLXMvO7Z5MnL0,1,65.0,71.62,8.0,26.5,8.0,65.0,71.62,2025-11-05,2025-11-12,,,,,,,,,,,,,,,,,,,,,
đừng yêu một người như (rock version),du uyên,,zingmp3,10.0,2025-10-29,"v-pop, vinahouse, vietnamese hip hop",6vH7sYEbvUcHwwJKQvW2xH,1,56.0,68.5,2.0,26.35,,,,,,,,,,,,,,,,,,,,2.0,56.0,68.5,4000.0,,2025-11-07,2025-11-07
tình yêu chậm trễ,monstar,,spotify,62.0,2021-08-01,"v-pop, vietnam indie",6jcLKVmEKAQIXIVHJZ8vzS,1,67.0,80.11,9.0,26.33,,,,,,9.0,67.0,80.11,1049.0,29263147.0,39.0,2025-11-01,2025-11-11,,,,,,,,,,,,,
hai thế giới,hoàng thống,trang hàn,zingmp3,18.0,2025-10-16,"vietnam indie, v-pop",0fXxzf54BMzKQjFSYIpSH5,1,58.0,64.67,3.0,26.18,,,,,,,,,,,,,,,,,,,,3.0,58.0,64.67,5000.0,,2025-11-07,2025-11-08
thiêu thân,anh trai say hi,"khoi vu, b ray, ryn lee, phạm đình thái ngân, bùi duy ngọc",zingmp3,57.0,2025-09-29,"v-pop, vietnamese hip hop",5o5ITFH6KuV6OrdTJqZ80A,1,76.0,85.0,14.0,25.85,,,,,,,,,,,,,,,,,,,,14.0,76.0,85.0,12000.0,756000.0,2025-10-31,2025-11-13
hư không,kha,,spotify,61.0,2023-12-14,"v-pop, vietnamese lo-fi, vietnam indie, vietnamese hip hop",3A9A7mfVDVm3rrS9SMGhg5,1,67.0,83.38,8.0,25.7,,,,,,8.0,67.0,83.38,670.0,26205233.0,18.0,2025-10-31,2025-11-11,,,,,,,,,,,,,
em nhắc anh,nana liu,htm,zingmp3,28.0,2025-09-15,v-pop,0w56wxs7eDLdzoM8Svatxl,1,78.0,87.13,15.0,25.68,,,,,,,,,,,,,,,,,,,,15.0,78.0,87.13,17000.0,653000.0,2025-10-31,2025-11-13
tưởng rằng sau cơn mưa,lê gia bảo,bmz,zingmp3,25.0,2025-06-25,"vinahouse, v-pop, vietnamese lo-fi, vietnam indie",303ASjpwoiTxGr35416OmR,1,75.0,88.31,13.0,25.62,,,,,,,,,,,,,,,,,,,,13.0,75.0,88.31,18000.0,1900000.0,2025-10-31,2025-11-13
ngày bình thường quên người mình thương,phát huy t4,,zingmp3,35.0,2025-09-11,"vinahouse, v-pop, vietnamese lo-fi",5g7XMUEmsbomaF9iSfZX4s,1,79.0,84.8,15.0,25.28,,,,,,,,,,,,,,,,,,,,15.0,79.0,84.8,10000.0,779000.0,2025-10-31,2025-11-13
ngã về không,đặng thiên chí,,zingmp3,30.0,2025-05-09,"vinahouse, vietnamese lo-fi",4OZpPHVEIIHFhVOu2DBGJd,1,77.0,84.23,13.0,24.83,,,,,,,,,,,,,,,,,,,,13.0,77.0,84.23,90000.0,5600000.0,2025-10-31,2025-11-13
duyên nợ còn đâu,phạm vũ luân,,zingmp3,1.0,2025-10-30,,00oXuoc8EYyZpg0FYJHqE3,1,63.0,67.33,3.0,24.18,,,,,,,,,,,,,,,,,,,,3.0,63.0,67.33,3000.0,65000.0,2025-11-10,2025-11-13
pin dự phòng,dương domic,lou hoàng,apple,,,,,1,62.0,77.0,2.0,23.95,2.0,62.0,77.0,2025-11-11,2025-11-12,,,,,,,,,,,,,,,,,,,,,
ilysmbihtlyg (interlude),min,,apple,49.0,2025-10-22,"v-pop, vietnamese hip hop, vietnam indie, vinahouse",3To9alnOgQ0abb9odA1C74,1,64.0,77.33,3.0,23.78,3.0,64.0,77.33,2025-11-05,2025-11-07,,,,,,,,,,,,,,,,,,,,,
ướt lòng,văn mai hương,,zingmp3,46.0,2025-07-29,"v-pop, vietnamese hip hop, vinahouse, vietnam indie",6EkzQNe7SEAuFZbeo4Gf1S,1,83.0,89.67,15.0,23.68,,,,,,,,,,,,,,,,,,,,15.0,83.0,89.67,23000.0,2300000.0,2025-10-31,2025-11-13
kệ nhắm mắt yêu luôn,hana cẩm tiên,tuệ ny,zingmp3,32.0,2025-08-05,"vinahouse, v-pop, vietnamese bolero, vietnamese lo-fi",1tteKpc4fNBOmx9kjORyeH,1,82.0,87.64,14.0,23.45,,,,,,,,,,,,,,,,,,,,14.0,82.0,87.64,35000.0,1300000.0,2025-10-31,2025-11-13
đợi,52hz,"wean, rio",spotify,62.0,2024-01-31,"v-pop, vietnam indie, vietnamese hip hop",33S16Xa5cZmLPhn6eZI4Nm,1,70.0,79.83,6.0,23.25,,,,,,6.0,70.0,79.83,477.0,15456357.0,40.0,2025-11-01,2025-11-10,,,,,,,,,,,,,
hải trình tan vỡ,trungg i.u,phạm anh duy,zingmp3,50.0,2025-09-15,"v-pop, vinahouse, vietnam indie",5teXF6aAKNuZSSpaP7Bjbo,1,81.0,89.77,13.0,23.22,,,,,,,,,,,,,,,,,,,,13.0,81.0,89.77,8000.0,756000.0,2025-10-31,2025-11-12
moiem,dangrangto,donal,spotify,62.0,2024-11-06,"vietnamese hip hop, v-pop",265hQASPY3HFmUH38zZrSK,1,72.0,87.0,7.0,23.08,,,,,,7.0,72.0,87.0,369.0,15143317.0,22.0,2025-11-05,2025-11-11,,,,,,,,,,,,,
sài gòn hôm nay mưa,jsol,hoàng duyên,spotify,62.0,2021-05-29,"v-pop, vietnamese hip hop, vietnamese lo-fi",1xoadYaxtOp9gHDwgmPDuz,1,77.0,87.8,10.0,22.95,,,,,,10.0,77.0,87.8,1627.0,46973111.0,2.0,2025-10-31,2025-11-11,,,,,,,,,,,,,
nhiều chuyện,the flob,,zingmp3,38.0,2025-10-24,"vietnam indie, v-pop",2Dz03B4vbLiViXJvHOFrm9,1,63.0,63.0,1.0,22.92,,,,,,,,,,,,,,,,,,,,1.0,63.0,63.0,16000.0,,2025-11-08,2025-11-08
yêu thật lòng đâu dễ quên,the men,,zingmp3,32.0,2025-08-19,"v-pop, vinahouse, vietnamese bolero",3vbTwb2UUQivQtu1rAq1zu,1,84.0,94.5,14.0,22.65,,,,,,,,,,,,,,,,,,,,14.0,84.0,94.5,10000.0,1300000.0,2025-10-31,2025-11-13
feel at home,b ray,,apple,61.0,2025-07-08,"vietnamese hip hop, v-pop, vinahouse, vietnam indie",7uulTURh3qtUEUnMNtgcA6,1,76.0,82.25,8.0,22.1,8.0,76.0,82.25,2025-11-05,2025-11-12,,,,,,,,,,,,,,,,,,,,,
giữ anh cho ngày hôm qua,hoàng dũng,"rhymastic, lelarec",apple,61.0,2025-07-09,"v-pop, vietnam indie, vietnamese lo-fi, vietnamese hip hop",5wYQC7AuxV8ROALWcbVNxc,1,77.0,80.62,8.0,21.7,8.0,77.0,80.62,2025-11-05,2025-11-12,,,,,,,,,,,,,,,,,,,,,
the playah (special performance),soobin,,apple,51.0,2021-05-14,"v-pop, vietnamese hip hop, vietnam indie, vinahouse",63qZf6349d3ngku9hrzLac,1,77.0,86.75,8.0,21.7,8.0,77.0,86.75,2025-11-05,2025-11-12,,,,,,,,,,,,,,,,,,,,,
thích quá rùi nà,tlinh,trung trần,spotify,62.0,2023-07-14,"v-pop, vietnamese hip hop, vietnam indie, vinahouse",4qJSUFwZFouto5VZUlln75,1,71.0,87.0,4.0,21.6,,,,,,4.0,71.0,87.0,1879.0,40004963.0,30.0,2025-11-05,2025-11-10,,,,,,,,,,,,,
thời thế thế thời (rock version),nguyễn vĩ,,zingmp3,15.0,2025-10-25,"vinahouse, vietnamese lo-fi, v-pop",1kD03X4GB4Muu3302hceep,1,68.0,79.5,2.0,21.55,,,,,,,,,,,,,,,,,,,,2.0,68.0,79.5,2000.0,,2025-11-07,2025-11-07
nỗi nhớ không tên,will,myra trần,zingmp3,,,,,1,67.0,67.0,1.0,21.33,,,,,,,,,,,,,,,,,,,,1.0,67.0,67.0,2000.0,183000.0,2025-11-12,2025-11-12
simp gái 808,low g,,spotify,61.0,2023-10-18,"vietnamese hip hop, v-pop, vietnam indie",2ppLwHSMgDGEQ5c8o6nAX2,1,69.0,76.5,2.0,21.15,,,,,,2.0,69.0,76.5,751.0,35207783.0,7.0,2025-11-05,2025-11-11,,,,,,,,,,,,,
người bình thường,vũ cát tường,,spotify,61.0,2023-12-04,"v-pop, vietnam indie",1fFvYVg1v3rpUSqKNCUh7b,1,80.0,91.22,9.0,21.12,,,,,,9.0,80.0,91.22,247.0,7417916.0,43.0,2025-11-01,2025-11-11,,,,,,,,,,,,,
một mình chẳng sao,ngân ngân,,zingmp3,11.0,2025-10-31,"vinahouse, v-pop, vietnamese bolero",61p3IxFOF7tzVJvl2whEmP,1,77.0,79.71,7.0,21.08,,,,,,,,,,,,,,,,,,,,7.0,77.0,79.71,3000.0,193000.0,2025-10-31,2025-11-06
chúc phúc,pialinh,,zingmp3,36.0,2025-10-15,"v-pop, vietnam indie",4H2Tp0m4qVHdMc70g2Wf8J,1,68.0,68.0,1.0,20.92,,,,,,,,,,,,,,,,,,,,1.0,68.0,68.0,21000.0,,2025-11-08,2025-11-08
nhói lòng thuyền hoa (rock version),tlong,lkt media,zingmp3,4.0,2025-10-28,"vinahouse, v-pop, vietnamese lo-fi",2dbZRzKtHp4NSnFwECJp6g,1,70.0,82.5,2.0,20.75,,,,,,,,,,,,,,,,,,,,2.0,70.0,82.5,2000.0,,2025-11-07,2025-11-07
love my friend,shayda,,"apple, spotify",59.0,2025-10-10,"v-pop, vietnamese hip hop",6CjmlnDoRepubCwg3hFO1H,2,92.0,97.66,4.0,20.7,1.0,98.0,98.0,2025-11-08,2025-11-08,3.0,92.0,97.33,20.0,736208.0,53.0,2025-10-31,2025-11-05,,,,,,,,,,,,,
trọn vẹn chính mình,hương giang,nguyễn văn chung,zingmp3,23.0,2025-11-07,"v-pop, vietnamese bolero",51jTXqdqEMoXsa73nqb05a,1,69.0,69.0,1.0,20.52,,,,,,,,,,,,,,,,,,,,1.0,69.0,69.0,34000.0,,2025-11-08,2025-11-08
bắc thang lên hỏi ông trời,em xinh say hi,"bích phương, juky san, lamoon, mỹ mỹ, quỳnh anh shyn",zingmp3,56.0,2025-08-04,v-pop,15YePdrwoWzDN68BanP7r4,1,85.0,92.55,11.0,20.38,,,,,,,,,,,,,,,,,,,,11.0,85.0,92.55,34000.0,2600000.0,2025-10-31,2025-11-10
nước mắt cá sấu,hieuthuhai,,apple,63.0,2025-04-01,"v-pop, vietnamese hip hop, vietnamese lo-fi, vietnam indie, vinahouse",39XiO6D9cuMfJXObD6gVjY,1,82.0,86.62,8.0,19.7,8.0,82.0,86.62,2025-11-05,2025-11-12,,,,,,,,,,,,,,,,,,,,,
cứ khóc hết đi em,cao thái sơn,,zingmp3,18.0,2025-07-08,"v-pop, vinahouse, vietnamese bolero",1sslAVOfUCEorztohvA41g,1,78.0,85.4,5.0,19.42,,,,,,,,,,,,,,,,,,,,5.0,78.0,85.4,7000.0,821000.0,2025-11-03,2025-11-09
có còn yêu em,nguyễn kiều oanh,,zingmp3,44.0,2025-08-16,v-pop,2omZCdoslK3YXKOS4oFQVl,1,89.0,95.67,12.0,19.4,,,,,,,,,,,,,,,,,,,,12.0,89.0,95.67,12000.0,963000.0,2025-10-31,2025-11-11
nghe như tình yêu,hieuthuhai,,spotify,61.0,2021-07-09,"v-pop, vietnamese hip hop, vietnamese lo-fi, vietnam indie, vinahouse",1J12HjUuXfJnaUdubTEzSR,1,75.0,82.33,3.0,19.38,,,,,,3.0,75.0,82.33,1511.0,39104108.0,30.0,2025-11-05,2025-11-08,,,,,,,,,,,,,
giá mà anh,captain boy,,spotify,58.0,2025-10-23,"v-pop, vietnamese hip hop",7hF5DFtzMER5KzHA1nCTYq,1,75.0,86.33,3.0,19.38,,,,,,3.0,75.0,86.33,12.0,416932.0,69.0,2025-10-31,2025-11-04,,,,,,,,,,,,,
em đã chờ anh bao lâu,anh trai say hi,"phúc du, ogenus, bùi duy ngọc, rio, otis, 52hz",zingmp3,45.0,2025-11-03,"v-pop, vietnamese hip hop",4laDe7NUQ0uAZsuER4KK8a,1,72.0,72.0,1.0,19.33,,,,,,,,,,,,,,,,,,,,1.0,72.0,72.0,2000.0,56000.0,2025-11-10,2025-11-10
quên rồi khổ đau năm ấy,vicky nhung,đông thiên đức,zingmp3,32.0,2025-04-17,"vinahouse, v-pop, vietnamese lo-fi",28pdR27ksvbwEDuLy8pb4r,1,81.0,86.33,6.0,18.85,,,,,,,,,,,,,,,,,,,,6.0,81.0,86.33,11000.0,1700000.0,2025-10-31,2025-11-05
cứ đổ tại cơn mưa (solo & piano),em xinh say hi,orange,zingmp3,41.0,2025-09-18,v-pop,2XMgt7faxpOomPIZN9TEK8,1,84.0,90.71,7.0,18.27,,,,,,,,,,,,,,,,,,,,7.0,84.0,90.71,1000.0,262000.0,2025-10-31,2025-11-13
anh đã ổn hơn,rpt mck,,apple,57.0,2023-03-02,"vietnamese hip hop, v-pop, vietnam indie",3YctJXK6kznnWl68TnYobN,1,84.0,93.57,7.0,18.27,7.0,84.0,93.57,2025-11-05,2025-11-12,,,,,,,,,,,,,,,,,,,,,
vài lần đón đưa,soobin,spacespeakers,"apple, spotify",60.0,2017-01-27,"v-pop, vietnamese hip hop, vietnam indie, vinahouse",6hUpxEKFSjS8metuA1yxlf,1,86.0,91.12,8.0,18.1,8.0,86.0,91.12,2025-11-05,2025-11-12,,,,,,,,,,,,,,,,,,,,,
vai lan don dua,soobin,,spotify,60.0,2017-01-27,"v-pop, vietnamese hip hop, vietnam indie, vinahouse",6hUpxEKFSjS8metuA1yxlf,1,77.0,80.5,2.0,17.95,,,,,,2.0,77.0,80.5,1485.0,14541672.0,26.0,2025-10-31,2025-11-01,,,,,,,,,,,,,
chìm sâu,rpt mck,trung trần,apple,,,,,1,87.0,90.88,8.0,17.7,8.0,87.0,90.88,2025-11-05,2025-11-12,,,,,,,,,,,,,,,,,,,,,
cưa em bốn mùa,nb3 hoài bảo,ct,zingmp3,32.0,2025-10-27,"vinahouse, vietnamese lo-fi, v-pop, lo-fi",1arYzhjZeNFSzHDXL1YjOd,1,77.0,77.0,1.0,17.33,,,,,,,,,,,,,,,,,,,,1.0,77.0,77.0,4000.0,158000.0,2025-11-08,2025-11-08
một mình ở đây,bùi lan hương,,zingmp3,32.0,2025-06-20,"v-pop, vietnam indie",2Voeolkjs3dZxjK04Kpdkh,1,84.0,88.0,5.0,17.02,,,,,,,,,,,,,,,,,,,,5.0,84.0,88.0,2000.0,164000.0,2025-11-02,2025-11-06
buồn thật đấy,sofia,nguyễn thương,zingmp3,,,,,1,78.0,78.0,1.0,16.92,,,,,,,,,,,,,,,,,,,,1.0,78.0,78.0,2000.0,134000.0,2025-11-12,2025-11-12
vực thẳm của bình yên,jack - j97,,zingmp3,53.0,2025-06-26,"v-pop, vinahouse",6O7qAKr3OBNcQVSRMs0USA,1,80.0,89.5,2.0,16.75,,,,,,,,,,,,,,,,,,,,2.0,80.0,89.5,34000.0,2600000.0,2025-11-09,2025-11-11
muộn rồi mà sao còn,sơn tùng m-tp,,spotify,62.0,2021-04-29,"v-pop, vinahouse, vietnamese hip hop",4vfhartd7HDWGJbdVIycEu,1,82.0,89.33,3.0,16.58,,,,,,3.0,82.0,89.33,1656.0,49244172.0,1.0,2025-11-07,2025-11-09,,,,,,,,,,,,,
peace n' love,low g,mỹ anh,zingmp3,51.0,2025-10-21,"vietnamese hip hop, v-pop, vietnam indie",6AJXc3mnynpCegfUcQbwat,1,79.0,79.0,1.0,16.52,,,,,,,,,,,,,,,,,,,,1.0,79.0,79.0,64000.0,,2025-10-31,2025-10-31
chí phèo,đinh tiến đạt mr dee,monocycle,zingmp3,,,,,1,79.0,79.0,1.0,16.52,,,,,,,,,,,,,,,,,,,,1.0,79.0,79.0,,,2025-11-07,2025-11-07
mùa mưa ấy,vũ.,,apple,57.0,2024-09-27,"v-pop, vietnam indie, vietnamese lo-fi",3qllaNK66kKxX123f0eKpj,1,87.0,91.33,6.0,16.45,6.0,87.0,91.33,2025-11-07,2025-11-12,,,,,,,,,,,,,,,,,,,,,
mảnh tình sai đôi,yến nhi,,zingmp3,29.0,2025-10-02,"v-pop, vinahouse",2ik6v5h2sXSiUjfbchPRtb,1,81.0,83.5,2.0,16.35,,,,,,,,,,,,,,,,,,,,2.0,81.0,83.5,4000.0,174000.0,2025-11-08,2025-11-10
em còn nhớ anh không - remastered,hoàng tôn,koo,spotify,,,,,1,82.0,86.5,2.0,15.95,,,,,,2.0,82.0,86.5,210.0,6119864.0,58.0,2025-11-10,2025-11-11,,,,,,,,,,,,,
sad nhân,strong,,zingmp3,,,,,1,82.0,87.0,2.0,15.95,,,,,,,,,,,,,,,,,,,,2.0,82.0,87.0,1000.0,180000.0,2025-10-31,2025-11-01
thả anh ra,quang hùng masterd,hino,zingmp3,62.0,2025-08-16,"v-pop, vinahouse, vietnamese hip hop",01oJRNQrFwJu3jgGVo8K58,1,95.0,97.7,10.0,15.75,,,,,,,,,,,,,,,,,,,,10.0,95.0,97.7,43000.0,2200000.0,2025-11-01,2025-11-12
cơn mưa cuối,justatee,binz,spotify,,,,,1,83.0,85.5,2.0,15.55,,,,,,2.0,83.0,85.5,13.0,355886.0,83.0,2025-11-09,2025-11-10,,,,,,,,,,,,,
ôm lấy trái tim,kairon,,zingmp3,45.0,2025-05-23,v-pop,3o1Dy1cZKTmaEIxRgBlALQ,1,84.0,86.0,2.0,15.15,,,,,,,,,,,,,,,,,,,,2.0,84.0,86.0,27000.0,2200000.0,2025-11-07,2025-11-07
em cưới rồi à,thanh hưng,,zingmp3,47.0,2025-02-25,"v-pop, vinahouse",7oHtN1f2nW0rV3NayfO3rJ,1,89.0,94.6,5.0,15.02,,,,,,,,,,,,,,,,,,,,5.0,89.0,94.6,210000.0,14900000.0,2025-11-02,2025-11-13
text 07,w/n,267,zingmp3,,,,,1,83.0,83.0,1.0,14.92,,,,,,,,,,,,,,,,,,,,1.0,83.0,83.0,,,2025-11-13,2025-11-13
chỉ anh làm em khóc,đàm vĩnh hưng,trần mạnh cường,zingmp3,29.0,2025-10-08,"vietnamese bolero, bolero, v-pop, vinahouse",1cU4xCTzmAI7irO2pqFYEX,1,83.0,83.0,1.0,14.92,,,,,,,,,,,,,,,,,,,,1.0,83.0,83.0,3000.0,288000.0,2025-11-10,2025-11-10
bao tiền một mớ bình yên?,14 casper,bon nghiêm,spotify,59.0,2023-03-03,"v-pop, vietnamese lo-fi, vietnam indie",7kgzRBNkBRArtTPkYjWLYT,1,85.0,86.5,2.0,14.75,,,,,,2.0,85.0,86.5,1346.0,42988482.0,7.0,2025-11-06,2025-11-11,,,,,,,,,,,,,
bông hoa đẹp nhất,quân a.p,,spotify,60.0,2020-09-07,"v-pop, vietnamese lo-fi",4TyQKEifYDWTfTSRwpxlYI,1,85.0,86.0,2.0,14.75,,,,,,2.0,85.0,86.0,711.0,6154974.0,31.0,2025-11-07,2025-11-11,,,,,,,,,,,,,
tình nhân ơi,orange,binz,apple,46.0,2019-01-07,"v-pop, vietnamese hip hop, vietnam indie, vinahouse",7KNVYQdx7arRoeEJi9C9IR,1,93.0,95.0,7.0,14.68,7.0,93.0,95.0,2025-11-05,2025-11-12,,,,,,,,,,,,,,,,,,,,,
từng là,vũ cát tường,,spotify,61.0,2024-03-01,"v-pop, vietnam indie",2xOhv7XudrBDtkID1jwsFE,1,84.0,84.0,1.0,14.52,,,,,,1.0,84.0,84.0,617.0,36412234.0,2.0,2025-11-07,2025-11-07,,,,,,,,,,,,,
dù cho mai về sau,buitruonglinh,,spotify,62.0,2020-11-17,"v-pop, vietnamese lo-fi, vietnam indie, vinahouse",4Iz5EWPCAT8jYNk4IpLoll,1,90.0,94.25,4.0,14.0,,,,,,4.0,90.0,94.25,1678.0,33158072.0,9.0,2025-10-31,2025-11-09,,,,,,,,,,,,,
thanh xuân là anh,2t,"n.diên, shenlongz",zingmp3,51.0,2019-02-23,"vietnamese lo-fi, v-pop, vietnamese hip hop, vietnam indie",0NxqMsJHjk0EO77yNjAGDs,1,87.0,90.0,2.0,13.95,,,,,,,,,,,,,,,,,,,,2.0,87.0,90.0,68000.0,,2025-11-07,2025-11-07
3 1 0 7,w/n,"duongg, nâu",spotify,61.0,2024-06-26,"v-pop, vietnamese lo-fi, vietnamese hip hop, vietnam indie",5xuaCJaNAqRLwV7OO5zPiF,1,86.0,86.0,1.0,13.73,,,,,,1.0,86.0,86.0,1572.0,34403488.0,11.0,2025-11-04,2025-11-04,,,,,,,,,,,,,
thời thế thế thời,nguyễn vĩ,,zingmp3,29.0,2025-02-17,"vinahouse, vietnamese lo-fi, v-pop",16lFf9WIESyzL8W3GP4wCd,1,90.0,94.67,3.0,13.38,,,,,,,,,,,,,,,,,,,,3.0,90.0,94.67,220000.0,14800000.0,2025-11-06,2025-11-12
forget me now,fishy,trí dũng,spotify,59.0,2021-04-11,"v-pop, vietnam indie, vietnamese lo-fi, vietnamese hip hop",12DNdwLD9oZOPADqM10oyE,1,87.0,87.0,1.0,13.32,,,,,,1.0,87.0,87.0,95.0,2382182.0,86.0,2025-11-04,2025-11-04,,,,,,,,,,,,,
nhà tôi có treo một lá cờ,dtap,hà anh tuấn,zingmp3,52.0,2025-08-19,v-pop,2L3R75fV5mZIGDVm3nDKqI,1,95.0,96.2,5.0,12.62,,,,,,,,,,,,,,,,,,,,5.0,95.0,96.2,20000.0,2200000.0,2025-11-07,2025-11-10
missing you,phương ly,,apple,,,,,1,93.0,95.33,3.0,12.18,3.0,93.0,95.33,2025-11-10,2025-11-12,,,,,,,,,,,,,,,,,,,,,
đến đây bên anh,cloud 5,dangrangto,spotify,61.0,2023-09-28,v-pop,55Eo6NDkVhSRBonrT16kXM,1,90.0,90.0,1.0,12.12,,,,,,1.0,90.0,90.0,217.0,6849039.0,53.0,2025-11-05,2025-11-05,,,,,,,,,,,,,
ex's hate me pt.2,amee,,spotify,61.0,2020-06-20,"v-pop, vietnamese hip hop, vietnam indie",5tdz7T4hTxA1ipJMBe24uX,1,94.0,96.67,3.0,11.78,,,,,,3.0,94.0,96.67,490.0,13559060.0,67.0,2025-11-03,2025-11-07,,,,,,,,,,,,,
khi em lớn,orange,hoàng dũng,spotify,59.0,2021-04-20,"v-pop, vietnamese hip hop, vietnam indie, vinahouse",3J06iY9IRWKr1H0zIxrUby,1,93.0,93.0,2.0,11.55,,,,,,2.0,93.0,93.0,1416.0,24984814.0,3.0,2025-11-04,2025-11-11,,,,,,,,,,,,,
cho tôi lang thang,ngọt,đen,spotify,,,,,1,93.0,93.5,2.0,11.55,,,,,,2.0,93.0,93.5,1729.0,23265159.0,18.0,2025-11-10,2025-11-11,,,,,,,,,,,,,
chờ bao lâu,út nhị mino,hào jk,zingmp3,33.0,2025-05-16,"vinahouse, vietnamese bolero, v-pop",2YD5RI5M1uoIJrKavDyopq,1,93.0,96.5,2.0,11.55,,,,,,,,,,,,,,,,,,,,2.0,93.0,96.5,66000.0,3400000.0,2025-11-01,2025-11-11
tạm bợ,miina,"zio.b, rin9, dreamer",zingmp3,,,,,1,92.0,92.0,1.0,11.32,,,,,,,,,,,,,,,,,,,,1.0,92.0,92.0,5000.0,612000.0,2025-11-12,2025-11-12
chill guys ngon zai,anh trai say hi,"bigdaddy, ogenus, b ray, phúc du",zingmp3,55.0,2025-09-22,"v-pop, vietnamese hip hop",7bRV274z4g3Lns0xV8xYzY,1,94.0,94.0,2.0,11.15,,,,,,,,,,,,,,,,,,,,2.0,94.0,94.0,14000.0,754000.0,2025-10-31,2025-11-02
viết tiếp câu chuyện hòa bình,nguyễn văn chung,tùng dương,zingmp3,48.0,2023-12-21,"v-pop, vinahouse, vietnamese bolero",4L0zBncAEvt5RLAI0IbTKs,1,94.0,96.0,2.0,11.15,,,,,,,,,,,,,,,,,,,,2.0,94.0,96.0,30000.0,2000000.0,2025-11-08,2025-11-09
cơ hội cuối (rock version),an vũ,,zingmp3,19.0,2025-09-05,"v-pop, vinahouse, vietnamese lo-fi",6RsgVHzASir5Hz0CpDVZU5,1,93.0,93.0,1.0,10.92,,,,,,,,,,,,,,,,,,,,1.0,93.0,93.0,25000.0,,2025-11-07,2025-11-07
nửa quân bài,trịnh đình quang,,zingmp3,,,,,1,93.0,93.0,1.0,10.92,,,,,,,,,,,,,,,,,,,,1.0,93.0,93.0,9000.0,789000.0,2025-11-12,2025-11-12
tham phú phụ bần,nguyễn vĩ,,zingmp3,41.0,2024-12-25,"vinahouse, vietnamese lo-fi, v-pop",3pKezs83huL6fTGrsVhfek,1,95.0,97.5,2.0,10.75,,,,,,,,,,,,,,,,,,,,2.0,95.0,97.5,168000.0,14600000.0,2025-11-11,2025-11-12
tình yêu bất diệt,hồ việt trung,saka trương tuyền,zingmp3,30.0,2025-04-03,"vietnamese bolero, v-pop, vinahouse, vietnamese lo-fi, bolero",3Ut2FPcM4l3wGEjvpGmulk,1,96.0,96.0,1.0,9.72,,,,,,,,,,,,,,,,,,,,1.0,96.0,96.0,167000.0,8600000.0,2025-11-11,2025-11-11
ngày mai em đi,lê hiếu,"soobin, touliver",spotify,59.0,2017-08-02,"v-pop, vietnam indie, vietnamese bolero, vietnamese hip hop, vinahouse",0ZP4bO2ywAv44HiEzzHaq5,1,96.0,96.0,1.0,9.72,,,,,,1.0,96.0,96.0,1661.0,15857549.0,2.0,2025-11-01,2025-11-01,,,,,,,,,,,,,
an thần,low g,thắng,spotify,61.0,2021-10-21,"vietnamese hip hop, v-pop, vietnam indie",5C3fx9rdM4Bxf1MSOQC4Ym,1,98.0,98.0,1.0,8.93,,,,,,1.0,98.0,98.0,1467.0,44190203.0,1.0,2025-11-04,2025-11-04,,,,,,,,,,,,,
xa em,thanh hưng,,zingmp3,,,,,1,98.0,98.0,1.0,8.93,,,,,,,,,,,,,,,,,,,,1.0,98.0,98.0,24000.0,2400000.0,2025-11-12,2025-11-12
nằm bên anh,minh đinh,hà an huy,spotify,57.0,2025-05-16,"vietnam indie, v-pop, vietnamese hip hop",5LuyL5o2BcFKK4FOJLYsSy,1,98.0,98.0,1.0,8.93,,,,,,1.0,98.0,98.0,158.0,7069509.0,15.0,2025-11-07,2025-11-07,,,,,,,,,,,,,
yêu rồi để đó,đàm vĩnh hưng,,zingmp3,33.0,2025-05-28,"vietnamese bolero, bolero, v-pop, vinahouse",65kpTC4uDN8jbbkEHgAqdk,1,98.0,98.0,1.0,8.93,,,,,,,,,,,,,,,,,,,,1.0,98.0,98.0,81000.0,5800000.0,2025-11-11,2025-11-11
past won't leave my bed,joji,,apple,,,,,1,98.0,98.0,1.0,8.93,1.0,98.0,98.0,2025-11-09,2025-11-09,,,,,,,,,,,,,,,,,,,,,
vỗ tay,em xinh say hi,phương ly,zingmp3,55.0,2025-08-18,v-pop,4NLtxANI9YZgZbrZdOaSZJ,1,99.0,99.0,1.0,8.52,,,,,,,,,,,,,,,,,,,,1.0,99.0,99.0,19000.0,1400000.0,2025-11-10,2025-11-10
ngây ther,kidsai,"vstra, whenitsasunniday",spotify,,,,,1,100.0,100.0,1.0,8.12,,,,,,1.0,100.0,100.0,3.0,85421.0,100.0,2025-11-08,2025-11-08,,,,,,,,,,,,,
hơn bất cứ ai (ai version),châu dương,,zingmp3,22.0,2025-11-06,"vinahouse, v-pop, vietnam indie",3YOUEJQbfkwOnpEVnnMBB8,0,,,0.0,,,,,,,,,,,,,,,,,,,,,,,,,,,
