Date,Rank,Title,Artist,Featured_artists,Source
2025-11-05,1,chẳng phải tình đầu sao đau đến thế,MIN,"Dangrangto, antransax",APPLE_MUSIC
2025-11-05,2,Em,Binz,,APPLE_MUSIC
2025-11-05,3,In Love,Low G,JustaTee,APPLE_MUSIC
2025-11-05,5,ANH LÀ THẰNG TỒI,Phùng Khánh Linh,,APPLE_MUSIC
2025-11-05,6,Quá Muộn,MIN,,APPLE_MUSIC
2025-11-05,7,Không Buông,Hngle,Ari,APPLE_MUSIC
2025-11-05,8,EM ĐAU,Phùng Khánh Linh,Thành Luke,APPLE_MUSIC
2025-11-05,9,Chế Độ Im Lặng,MIN,,APPLE_MUSIC
2025-11-05,10,HIỆN THỰC PHŨ PHÀNG,Phùng Khánh Linh,,APPLE_MUSIC
2025-11-05,11,phải viết bao nhiêu bản tình ca,MIN,,APPLE_MUSIC
2025-11-05,12,CỜ NGƯỜI,Phùng Khánh Linh,,APPLE_MUSIC
2025-11-05,13,Có Em Là Nhà,MIN,,APPLE_MUSIC
2025-11-05,14,ƯỚC ANH TAN NÁT CON TIM,Phùng Khánh Linh,,APPLE_MUSIC
2025-11-05,16,LOSER,MIN,Chillies,APPLE_MUSIC
2025-11-05,17,NGƯỜI ĐẦU TIÊN,Juky San,,APPLE_MUSIC
2025-11-05,18,NGƯỜI NHƯ ANH XỨNG ĐÁNG CÔ ĐƠN,ANH TRAI SAY HI,"Vũ Cát Tường, Karik, Negav, Ngô Kiến Huy, Jey B",APPLE_MUSIC
2025-11-05,19,KHÔNG ĐAU NỮA RỒI,EM XINH SAY HI,"Orange, Châu Bùi, Mỹ Mỹ, Pháp Kiều, 52Hz",APPLE_MUSIC
2025-11-05,20,LINH CẢM,Phùng Khánh Linh,,APPLE_MUSIC
2025-11-05,21,Love Game,Low G,tlinh,APPLE_MUSIC
2025-11-05,22,"(từng là) Boyfriend, Girlfriend",MIN,,APPLE_MUSIC
2025-11-05,23,Không Thể Say,HIEUTHUHAI,,APPLE_MUSIC
2025-11-05,24,Người Đầu Tiên,Juky San,buitruonglinh,APPLE_MUSIC
2025-11-05,25,Vùng An Toàn,B Ray,V#,APPLE_MUSIC
2025-11-05,26,Phép Màu [Đàn Cá Gỗ Original Soundtrack],MAYDAYs,Minh Tốc & Lam,APPLE_MUSIC
2025-11-05,27,Kho Báu,STRONG,Rhymastic,APPLE_MUSIC
2025-11-05,28,TÂM SỰ VỚI ĐÊM MỘT MÌNH,Phùng Khánh Linh,,APPLE_MUSIC
2025-11-05,29,Mất Kết Nối,Dương Domic,,APPLE_MUSIC
2025-11-05,30,Tháng Năm,SOOBIN,,APPLE_MUSIC
2025-11-05,31,Panorama,Richie D. ICY,Obito,APPLE_MUSIC
2025-11-05,32,Đừng Làm Trái Tim Anh Đau,Sơn Tùng M-TP,,APPLE_MUSIC
2025-11-05,33,Điều Em Khó Nói,MIN,,APPLE_MUSIC
2025-11-05,34,Bình Yên,Vũ.,Binz,APPLE_MUSIC
2025-11-05,35,ÁM ẢNH VỀ ANH,Phùng Khánh Linh,,APPLE_MUSIC
2025-11-05,36,Anh Nhớ Ra,Vũ.,TRANG,APPLE_MUSIC
2025-11-05,37,Hà Nội,Obito,"Shiki, VSTRA",APPLE_MUSIC
2025-11-05,38,ĐIỀU EM KHÔNG MUỐN,Phùng Khánh Linh,,APPLE_MUSIC
2025-11-05,39,ĐOẠN KỊCH CÂM,ANH TRAI SAY HI,"CONGB, Negav, B. Ray, CODYNAMVO, Phạm Đình Thái Ngân, Mỹ Mỹ",APPLE_MUSIC
2025-11-05,40,đưa em về nhàa,GREY D,Chillies,APPLE_MUSIC
2025-11-05,41,Nếu Những Tiếc Nuối,Vũ.,,APPLE_MUSIC
2025-11-05,42,DANCING IN THE DARK,SOOBIN,,APPLE_MUSIC
2025-11-05,43,Anh Đã Không Biết Cách Yêu Em,Quang Đăng Trần,,APPLE_MUSIC
2025-11-05,44,Không Thời Gian,Dương Domic,,APPLE_MUSIC
2025-11-05,45,Kho Báu,STRONG,,APPLE_MUSIC
2025-11-05,46,Anh Đã Quen Với Cô Đơn,SOOBIN,,APPLE_MUSIC
2025-11-05,47,PHÓNG ZÌN ZÌN,tlinh,Low G,APPLE_MUSIC
2025-11-05,48,NOLOVENOLIFE,HIEUTHUHAI,,APPLE_MUSIC
2025-11-05,49,Ngày Này Năm Ấy,Viet Anh,,APPLE_MUSIC
2025-11-05,50,HÃY NÓI ANH SAI RỒI,Phùng Khánh Linh,,APPLE_MUSIC
2025-11-05,51,nếu lúc đó,tlinh,2pillz,APPLE_MUSIC
2025-11-05,52,Còn Gì Đẹp Hơn (Mưa Đỏ Original Soundtrack),Nguyễn Hùng,,APPLE_MUSIC
2025-11-05,53,vaicaunoicokhiennguoithaydoi,GREY D,tlinh,APPLE_MUSIC
2025-11-05,54,Thanh Xuân,Da LAB,,APPLE_MUSIC
2025-11-05,55,Lạ Lùng,Vũ.,,APPLE_MUSIC
2025-11-05,56,Yêu 5,Rhymastic,,APPLE_MUSIC
2025-11-05,57,fragile (intro),MIN,,APPLE_MUSIC
2025-11-05,58,GRIEF IS THE PRICE YOU PAY FOR LOVE,Phùng Khánh Linh,,APPLE_MUSIC
2025-11-05,59,Nhiều Hơn,Low G,,APPLE_MUSIC
2025-11-05,60,giá như,SOOBIN,,APPLE_MUSIC
2025-11-05,62,Wrong Times,Puppy,Dangrangto,APPLE_MUSIC
2025-11-05,63,Có Đôi Điều,Shiki,,APPLE_MUSIC
2025-11-05,64,ILYSMBIHTLYG (interlude),MIN,,APPLE_MUSIC
2025-11-05,65,KHÓC BLÓCK,Phùng Khánh Linh,,APPLE_MUSIC
2025-11-05,66,HƠN LÀ BẠN,ANH TRAI SAY HI,"Ngô Kiến Huy, Vũ Cát Tường, Karik, VƯƠNG BÌNH, Sơn.K, MIN",APPLE_MUSIC
2025-11-05,67,Nàng Thơ,Hoàng Dũng,,APPLE_MUSIC
2025-11-05,69,Đoạn Kết Mới,Hoàng Dũng,,APPLE_MUSIC
2025-11-05,70,Bước Qua Mùa Cô Đơn,Vũ.,,APPLE_MUSIC
2025-11-05,72,Thằng Điên,JustaTee,Phương Ly,APPLE_MUSIC
2025-11-05,76,Đánh Đổi,Obito,"Shiki, RPT MCK",APPLE_MUSIC
2025-11-05,77,Giữ Anh Cho Ngày Hôm Qua,Hoàng Dũng,"Rhymastic, LELAREC",APPLE_MUSIC
2025-11-05,78,Những Lời Hứa Bỏ Quên,Vũ.,Dear Jane,APPLE_MUSIC
2025-11-05,79,ĐA NGHI,ANH TRAI SAY HI,"Negav, Hải Nam, CODYNAMVO, Dillan Hoàng Phan",APPLE_MUSIC
2025-11-05,81,The Playah (Special Performance),SOOBIN,,APPLE_MUSIC
2025-11-05,82,Nước Mắt Cá Sấu,HIEUTHUHAI,,APPLE_MUSIC
2025-11-05,83,Feel At Home,B Ray,,APPLE_MUSIC
2025-11-05,84,vết thương,Fishy,,APPLE_MUSIC
2025-11-05,85,NGƯỜI YÊU CHƯA SINH RA,ANH TRAI SAY HI,"OgeNus, BigDaddy, Phúc Du, Hustlang Robber, Dillan Hoàng Phan",APPLE_MUSIC
2025-11-05,86,Vài Lần Đón Đưa,SOOBIN,SpaceSpeakers,APPLE_MUSIC
2025-11-05,87,Chìm Sâu,RPT MCK,Trung Trần,APPLE_MUSIC
2025-11-05,89,Từng Quen,Wren Evans,itsnk,APPLE_MUSIC
2025-11-05,90,Anh Đã Ổn Hơn,RPT MCK,,APPLE_MUSIC
2025-11-05,91,GÃ SĂN CÁ,EM XINH SAY HI,"Lâm Bảo Ngọc, Quỳnh Anh Shyn, MAIQUINN, Saabirose, Quang Hùng MasterD",APPLE_MUSIC
2025-11-05,92,Giờ Thì,buitruonglinh,,APPLE_MUSIC
2025-11-05,93,Chuyện Đôi Ta,Emcee L (Da LAB),Muộii (Starry Night),APPLE_MUSIC
2025-11-05,94,Tình Nhân Ơi,Orange,Binz,APPLE_MUSIC
2025-11-05,95,Chăm Hoa,MONO,,APPLE_MUSIC
2025-11-05,96,Chúng Ta Của Hiện Tại,Sơn Tùng M-TP,,APPLE_MUSIC
2025-11-05,97,Exit Sign,HIEUTHUHAI,marzuz,APPLE_MUSIC
2025-11-05,99,1000 Ánh Mắt,Shiki,Obito,APPLE_MUSIC
2025-11-05,100,CỨ ĐỔ TẠI CƠN MƯA,EM XINH SAY HI,"Phương Ly, Orange, Châu Bùi, 52Hz, Vũ Thảo My",APPLE_MUSIC
2025-11-06,1,chẳng phải tình đầu sao đau đến thế,MIN,"Dangrangto, antransax",APPLE_MUSIC
2025-11-06,2,Em,Binz,,APPLE_MUSIC
2025-11-06,3,In Love,Low G,JustaTee,APPLE_MUSIC
2025-11-06,5,ANH LÀ THẰNG TỒI,Phùng Khánh Linh,,APPLE_MUSIC
2025-11-06,6,Không Buông,Hngle,Ari,APPLE_MUSIC
2025-11-06,7,EM ĐAU,Phùng Khánh Linh,Thành Luke,APPLE_MUSIC
2025-11-06,8,Quá Muộn,MIN,,APPLE_MUSIC
2025-11-06,9,Chế Độ Im Lặng,MIN,,APPLE_MUSIC
2025-11-06,10,HIỆN THỰC PHŨ PHÀNG,Phùng Khánh Linh,,APPLE_MUSIC
2025-11-06,11,Có Em Là Nhà,MIN,,APPLE_MUSIC
2025-11-06,12,CỜ NGƯỜI,Phùng Khánh Linh,,APPLE_MUSIC
2025-11-06,13,phải viết bao nhiêu bản tình ca,MIN,,APPLE_MUSIC
2025-11-06,14,ƯỚC ANH TAN NÁT CON TIM,Phùng Khánh Linh,,APPLE_MUSIC
2025-11-06,16,KHÔNG ĐAU NỮA RỒI,EM XINH SAY HI,"Orange, Châu Bùi, Mỹ Mỹ, Pháp Kiều, 52Hz",APPLE_MUSIC
2025-11-06,17,NGƯỜI ĐẦU TIÊN,Juky San,,APPLE_MUSIC
2025-11-06,18,LOSER,MIN,Chillies,APPLE_MUSIC
2025-11-06,19,NGƯỜI NHƯ ANH XỨNG ĐÁNG CÔ ĐƠN,ANH TRAI SAY HI,"Vũ Cát Tường, Karik, Negav, Ngô Kiến Huy, Jey B",APPLE_MUSIC
2025-11-06,20,Người Đầu Tiên,Juky San,buitruonglinh,APPLE_MUSIC
2025-11-06,21,Không Thể Say,HIEUTHUHAI,,APPLE_MUSIC
2025-11-06,22,LINH CẢM,Phùng Khánh Linh,,APPLE_MUSIC
2025-11-06,23,Love Game,Low G,tlinh,APPLE_MUSIC
2025-11-06,24,Vùng An Toàn,B Ray,V#,APPLE_MUSIC
2025-11-06,25,"(từng là) Boyfriend, Girlfriend",MIN,,APPLE_MUSIC
2025-11-06,26,Phép Màu [Đàn Cá Gỗ Original Soundtrack],MAYDAYs,Minh Tốc & Lam,APPLE_MUSIC
2025-11-06,27,Tháng Năm,SOOBIN,,APPLE_MUSIC
2025-11-06,28,Mất Kết Nối,Dương Domic,,APPLE_MUSIC
2025-11-06,29,Kho Báu,STRONG,Rhymastic,APPLE_MUSIC
2025-11-06,30,Panorama,Richie D. ICY,Obito,APPLE_MUSIC
2025-11-06,31,TÂM SỰ VỚI ĐÊM MỘT MÌNH,Phùng Khánh Linh,,APPLE_MUSIC
2025-11-06,32,Bình Yên,Vũ.,Binz,APPLE_MUSIC
2025-11-06,33,Hà Nội,Obito,"Shiki, VSTRA",APPLE_MUSIC
2025-11-06,34,Đừng Làm Trái Tim Anh Đau,Sơn Tùng M-TP,,APPLE_MUSIC
2025-11-06,35,Anh Nhớ Ra,Vũ.,TRANG,APPLE_MUSIC
2025-11-06,36,ĐOẠN KỊCH CÂM,ANH TRAI SAY HI,"CONGB, Negav, B Ray, CODYNAMVO, Phạm Đình Thái Ngân, Mỹ Mỹ",APPLE_MUSIC
2025-11-06,37,đưa em về nhàa,GREY D,Chillies,APPLE_MUSIC
2025-11-06,38,Điều Em Khó Nói,MIN,,APPLE_MUSIC
2025-11-06,39,ÁM ẢNH VỀ ANH,Phùng Khánh Linh,,APPLE_MUSIC
2025-11-06,40,Nếu Những Tiếc Nuối,Vũ.,,APPLE_MUSIC
2025-11-06,41,ĐIỀU EM KHÔNG MUỐN,Phùng Khánh Linh,,APPLE_MUSIC
2025-11-06,42,Anh Đã Không Biết Cách Yêu Em,Quang Đăng Trần,,APPLE_MUSIC
2025-11-06,43,Anh Đã Quen Với Cô Đơn,SOOBIN,,APPLE_MUSIC
2025-11-06,44,PHÓNG ZÌN ZÌN,tlinh,Low G,APPLE_MUSIC
2025-11-06,45,Kho Báu,STRONG,,APPLE_MUSIC
2025-11-06,46,vaicaunoicokhiennguoithaydoi,GREY D,tlinh,APPLE_MUSIC
2025-11-06,47,Không Thời Gian,Dương Domic,,APPLE_MUSIC
2025-11-06,48,NOLOVENOLIFE,HIEUTHUHAI,,APPLE_MUSIC
2025-11-06,49,Còn Gì Đẹp Hơn (Mưa Đỏ Original Soundtrack),Nguyễn Hùng,,APPLE_MUSIC
2025-11-06,50,Ngày Này Năm Ấy,Viet Anh,,APPLE_MUSIC
2025-11-06,51,nếu lúc đó,tlinh,2pillz,APPLE_MUSIC
2025-11-06,52,DANCING IN THE DARK,SOOBIN,,APPLE_MUSIC
2025-11-06,53,Lạ Lùng,Vũ.,,APPLE_MUSIC
2025-11-06,54,Thanh Xuân,Da LAB,,APPLE_MUSIC
2025-11-06,55,HÃY NÓI ANH SAI RỒI,Phùng Khánh Linh,,APPLE_MUSIC
2025-11-06,56,Yêu 5,Rhymastic,,APPLE_MUSIC
2025-11-06,57,Có Đôi Điều,Shiki,,APPLE_MUSIC
2025-11-06,58,giá như,SOOBIN,,APPLE_MUSIC
2025-11-06,59,GRIEF IS THE PRICE YOU PAY FOR LOVE,Phùng Khánh Linh,,APPLE_MUSIC
2025-11-06,60,Wrong Times,Puppy,Dangrangto,APPLE_MUSIC
2025-11-06,61,fragile (intro),MIN,,APPLE_MUSIC
2025-11-06,62,Nhiều Hơn,Low G,,APPLE_MUSIC
2025-11-06,63,Đoạn Kết Mới,Hoàng Dũng,,APPLE_MUSIC
2025-11-06,64,Nàng Thơ,Hoàng Dũng,,APPLE_MUSIC
2025-11-06,66,Thằng Điên,JustaTee,Phương Ly,APPLE_MUSIC
2025-11-06,67,Bước Qua Mùa Cô Đơn,Vũ.,,APPLE_MUSIC
2025-11-06,68,ILYSMBIHTLYG (interlude),MIN,,APPLE_MUSIC
2025-11-06,69,KHÓC BLÓCK,Phùng Khánh Linh,,APPLE_MUSIC
2025-11-06,72,HƠN LÀ BẠN,ANH TRAI SAY HI,"Ngô Kiến Huy, Vũ Cát Tường, Karik, VƯƠNG BÌNH, Sơn.K, MIN",APPLE_MUSIC
2025-11-06,75,Đánh Đổi,Obito,"Shiki, RPT MCK",APPLE_MUSIC
2025-11-06,76,Những Lời Hứa Bỏ Quên,Vũ.,Dear Jane,APPLE_MUSIC
2025-11-06,78,Giữ Anh Cho Ngày Hôm Qua,Hoàng Dũng,"Rhymastic, LELAREC",APPLE_MUSIC
2025-11-06,79,vết thương,Fishy,,APPLE_MUSIC
2025-11-06,81,The Playah (Special Performance),SOOBIN,,APPLE_MUSIC
2025-11-06,82,Feel At Home,B Ray,,APPLE_MUSIC
2025-11-06,84,Anh Đã Ổn Hơn,RPT MCK,,APPLE_MUSIC
2025-11-06,85,Từng Quen,Wren Evans,itsnk,APPLE_MUSIC
2025-11-06,86,Giờ Thì,buitruonglinh,,APPLE_MUSIC
2025-11-06,87,Chăm Hoa,MONO,,APPLE_MUSIC
2025-11-06,88,Vài Lần Đón Đưa,SOOBIN,SpaceSpeakers,APPLE_MUSIC
2025-11-06,89,Chìm Sâu,RPT MCK,Trung Trần,APPLE_MUSIC
2025-11-06,90,1000 Ánh Mắt,Shiki,Obito,APPLE_MUSIC
2025-11-06,91,CỨ ĐỔ TẠI CƠN MƯA,EM XINH SAY HI,"Phương Ly, Orange, Châu Bùi, 52Hz, Vũ Thảo My",APPLE_MUSIC
2025-11-06,92,ĐA NGHI,ANH TRAI SAY HI,"Negav, Hải Nam, CODYNAMVO, Dillan Hoàng Phan",APPLE_MUSIC
2025-11-06,93,Nước Mắt Cá Sấu,HIEUTHUHAI,,APPLE_MUSIC
2025-11-06,94,Exit Sign,HIEUTHUHAI,marzuz,APPLE_MUSIC
2025-11-06,95,NGƯỜI YÊU CHƯA SINH RA,ANH TRAI SAY HI,"OgeNus, BigDaddy, Phúc Du, Hustlang Robber, Dillan Hoàng Phan",APPLE_MUSIC
2025-11-06,96,GÃ SĂN CÁ,EM XINH SAY HI,"Lâm Bảo Ngọc, Quỳnh Anh Shyn, MAIQUINN, Saabirose, Quang Hùng MasterD",APPLE_MUSIC
2025-11-06,97,Tình Nhân Ơi,Orange,Binz,APPLE_MUSIC
2025-11-06,99,Chuyện Đôi Ta,Emcee L (Da LAB),Muộii (Starry Night),APPLE_MUSIC
2025-11-06,100,Chúng Ta Của Hiện Tại,Sơn Tùng M-TP,,APPLE_MUSIC
2025-11-07,1,chẳng phải tình đầu sao đau đến thế,MIN,"Dangrangto, antransax",APPLE_MUSIC
2025-11-07,2,Em,Binz,,APPLE_MUSIC
2025-11-07,4,In Love,Low G,JustaTee,APPLE_MUSIC
2025-11-07,5,ANH LÀ THẰNG TỒI,Phùng Khánh Linh,,APPLE_MUSIC
2025-11-07,6,Không Buông,Hngle,Ari,APPLE_MUSIC
2025-11-07,7,EM ĐAU,Phùng Khánh Linh,Thành Luke,APPLE_MUSIC
2025-11-07,9,Quá Muộn,MIN,,APPLE_MUSIC
2025-11-07,10,KHÔNG ĐAU NỮA RỒI,EM XINH SAY HI,"52Hz, Orange, Châu Bùi, Mỹ Mỹ, Pháp Kiều",APPLE_MUSIC
2025-11-07,11,Người Đầu Tiên,Juky San,buitruonglinh,APPLE_MUSIC
2025-11-07,12,Chế Độ Im Lặng,MIN,,APPLE_MUSIC
2025-11-07,13,Kho Báu,STRONG,Rhymastic,APPLE_MUSIC
2025-11-07,14,Có Em Là Nhà,MIN,,APPLE_MUSIC
2025-11-07,15,Vùng An Toàn,B Ray,V#,APPLE_MUSIC
2025-11-07,16,HIỆN THỰC PHŨ PHÀNG,Phùng Khánh Linh,,APPLE_MUSIC
2025-11-07,17,Phép Màu [Đàn Cá Gỗ Original Soundtrack],MAYDAYs,Minh Tốc & Lam,APPLE_MUSIC
2025-11-07,18,NGƯỜI NHƯ ANH XỨNG ĐÁNG CÔ ĐƠN,ANH TRAI SAY HI,"Vũ Cát Tường, Karik, Negav, Ngô Kiến Huy, Jey B",APPLE_MUSIC
2025-11-07,19,Love Game,Low G,tlinh,APPLE_MUSIC
2025-11-07,20,ƯỚC ANH TAN NÁT CON TIM,Phùng Khánh Linh,,APPLE_MUSIC
2025-11-07,21,NGƯỜI ĐẦU TIÊN,Juky San,,APPLE_MUSIC
2025-11-07,22,Không Thể Say,HIEUTHUHAI,,APPLE_MUSIC
2025-11-07,23,Bình Yên,Vũ.,Binz,APPLE_MUSIC
2025-11-07,24,CỜ NGƯỜI,Phùng Khánh Linh,,APPLE_MUSIC
2025-11-07,25,Đừng Làm Trái Tim Anh Đau,Sơn Tùng M-TP,,APPLE_MUSIC
2025-11-07,26,Mất Kết Nối,Dương Domic,,APPLE_MUSIC
2025-11-07,27,phải viết bao nhiêu bản tình ca,MIN,,APPLE_MUSIC
2025-11-07,28,Panorama,Richie D. ICY,Obito,APPLE_MUSIC
2025-11-07,29,Tháng Năm,SOOBIN,,APPLE_MUSIC
2025-11-07,30,LOSER,MIN,Chillies,APPLE_MUSIC
2025-11-07,31,Anh Nhớ Ra,Vũ.,TRANG,APPLE_MUSIC
2025-11-07,32,"(từng là) Boyfriend, Girlfriend",MIN,,APPLE_MUSIC
2025-11-07,33,Hà Nội,Obito,"Shiki, VSTRA",APPLE_MUSIC
2025-11-07,34,LINH CẢM,Phùng Khánh Linh,,APPLE_MUSIC
2025-11-07,35,đưa em về nhàa,GREY D,Chillies,APPLE_MUSIC
2025-11-07,36,Nếu Những Tiếc Nuối,Vũ.,,APPLE_MUSIC
2025-11-07,37,ĐOẠN KỊCH CÂM,ANH TRAI SAY HI,"CONGB, Negav, B Ray, CODYNAMVO, Phạm Đình Thái Ngân, Mỹ Mỹ",APPLE_MUSIC
2025-11-07,38,TÂM SỰ VỚI ĐÊM MỘT MÌNH,Phùng Khánh Linh,,APPLE_MUSIC
2025-11-07,39,PHÓNG ZÌN ZÌN,tlinh,Low G,APPLE_MUSIC
2025-11-07,40,Còn Gì Đẹp Hơn (Mưa Đỏ Original Soundtrack),Nguyễn Hùng,,APPLE_MUSIC
2025-11-07,41,giá như,SOOBIN,,APPLE_MUSIC
2025-11-07,42,Anh Đã Không Biết Cách Yêu Em,Quang Đăng Trần,,APPLE_MUSIC
2025-11-07,43,Kho Báu,STRONG,,APPLE_MUSIC
2025-11-07,44,Có Đôi Điều,Shiki,,APPLE_MUSIC
2025-11-07,45,vaicaunoicokhiennguoithaydoi,GREY D,tlinh,APPLE_MUSIC
2025-11-07,46,NOLOVENOLIFE,HIEUTHUHAI,,APPLE_MUSIC
2025-11-07,47,Không Thời Gian,Dương Domic,,APPLE_MUSIC
2025-11-07,48,Ngày Này Năm Ấy,Viet Anh,,APPLE_MUSIC
2025-11-07,49,DANCING IN THE DARK,SOOBIN,,APPLE_MUSIC
2025-11-07,50,Thanh Xuân,Da LAB,,APPLE_MUSIC
2025-11-07,51,Anh Đã Quen Với Cô Đơn,SOOBIN,,APPLE_MUSIC
2025-11-07,52,ÁM ẢNH VỀ ANH,Phùng Khánh Linh,,APPLE_MUSIC
2025-11-07,53,nếu lúc đó,tlinh,2pillz,APPLE_MUSIC
2025-11-07,54,Lạ Lùng,Vũ.,,APPLE_MUSIC
2025-11-07,55,Điều Em Khó Nói,MIN,,APPLE_MUSIC
2025-11-07,56,ĐIỀU EM KHÔNG MUỐN,Phùng Khánh Linh,,APPLE_MUSIC
2025-11-07,57,Yêu 5,Rhymastic,,APPLE_MUSIC
2025-11-07,58,Chăm Hoa,MONO,,APPLE_MUSIC
2025-11-07,63,Wrong Times,Puppy,Dangrangto,APPLE_MUSIC
2025-11-07,64,Nàng Thơ,Hoàng Dũng,,APPLE_MUSIC
2025-11-07,65,Bước Qua Mùa Cô Đơn,Vũ.,,APPLE_MUSIC
2025-11-07,66,HÃY NÓI ANH SAI RỒI,Phùng Khánh Linh,,APPLE_MUSIC
2025-11-07,67,KHÓC BLÓCK,Phùng Khánh Linh,,APPLE_MUSIC
2025-11-07,68,Thằng Điên,JustaTee,Phương Ly,APPLE_MUSIC
2025-11-07,69,Từng Quen,Wren Evans,itsnk,APPLE_MUSIC
2025-11-07,71,1000 Ánh Mắt,Shiki,Obito,APPLE_MUSIC
2025-11-07,72,GRIEF IS THE PRICE YOU PAY FOR LOVE,Phùng Khánh Linh,,APPLE_MUSIC
2025-11-07,73,Đánh Đổi,Obito,"Shiki, RPT MCK",APPLE_MUSIC
2025-11-07,75,Đoạn Kết Mới,Hoàng Dũng,,APPLE_MUSIC
2025-11-07,76,Nhiều Hơn,Low G,,APPLE_MUSIC
2025-11-07,77,Feel At Home,B Ray,,APPLE_MUSIC
2025-11-07,78,Những Lời Hứa Bỏ Quên,Vũ.,Dear Jane,APPLE_MUSIC
2025-11-07,79,HƠN LÀ BẠN,ANH TRAI SAY HI,"Ngô Kiến Huy, Vũ Cát Tường, Karik, VƯƠNG BÌNH, Sơn.K, MIN",APPLE_MUSIC
2025-11-07,81,GÃ SĂN CÁ,EM XINH SAY HI,"Lâm Bảo Ngọc, Quỳnh Anh Shyn, MAIQUINN, Saabirose, Quang Hùng MasterD",APPLE_MUSIC
2025-11-07,84,Giữ Anh Cho Ngày Hôm Qua,Hoàng Dũng,"Rhymastic, LELAREC",APPLE_MUSIC
2025-11-07,85,The Playah (Special Performance),SOOBIN,,APPLE_MUSIC
2025-11-07,86,Nước Mắt Cá Sấu,HIEUTHUHAI,,APPLE_MUSIC
2025-11-07,87,Exit Sign,HIEUTHUHAI,marzuz,APPLE_MUSIC
2025-11-07,88,Chìm Sâu,RPT MCK,Trung Trần,APPLE_MUSIC
2025-11-07,89,CỨ ĐỔ TẠI CƠN MƯA,EM XINH SAY HI,"Phương Ly, Orange, Châu Bùi, 52Hz, Vũ Thảo My",APPLE_MUSIC
2025-11-07,90,vết thương,Fishy,,APPLE_MUSIC
2025-11-07,91,Giờ Thì,buitruonglinh,,APPLE_MUSIC
2025-11-07,92,NGƯỜI YÊU CHƯA SINH RA,ANH TRAI SAY HI,"OgeNus, BigDaddy, Phúc Du, Hustlang Robber, Dillan Hoàng Phan",APPLE_MUSIC
2025-11-07,93,Tình Nhân Ơi,Orange,Binz,APPLE_MUSIC
2025-11-07,94,Anh Đã Ổn Hơn,RPT MCK,,APPLE_MUSIC
2025-11-07,95,Vài Lần Đón Đưa,SOOBIN,SpaceSpeakers,APPLE_MUSIC
2025-11-07,96,Mùa Mưa Ấy,Vũ.,,APPLE_MUSIC
2025-11-07,98,fragile (intro),MIN,,APPLE_MUSIC
2025-11-07,99,Chúng Ta Của Hiện Tại,Sơn Tùng M-TP,,APPLE_MUSIC
2025-11-07,100,ILYSMBIHTLYG (interlude),MIN,,APPLE_MUSIC
2025-11-08,1,chẳng phải tình đầu sao đau đến thế,MIN,"Dangrangto, antransax",APPLE_MUSIC
2025-11-08,2,Em,Binz,,APPLE_MUSIC
2025-11-08,4,In Love,Low G,JustaTee,APPLE_MUSIC
2025-11-08,5,ANH LÀ THẰNG TỒI,Phùng Khánh Linh,,APPLE_MUSIC
2025-11-08,6,Không Buông,Hngle,Ari,APPLE_MUSIC
2025-11-08,7,EM ĐAU,Phùng Khánh Linh,Thành Luke,APPLE_MUSIC
2025-11-08,9,Quá Muộn,MIN,,APPLE_MUSIC
2025-11-08,10,KHÔNG ĐAU NỮA RỒI,EM XINH SAY HI,"Orange, Châu Bùi, Mỹ Mỹ, Pháp Kiều, 52Hz",APPLE_MUSIC
2025-11-08,11,Người Đầu Tiên,Juky San,buitruonglinh,APPLE_MUSIC
2025-11-08,12,Chế Độ Im Lặng,MIN,,APPLE_MUSIC
2025-11-08,13,Kho Báu,STRONG,Rhymastic,APPLE_MUSIC
2025-11-08,14,Vùng An Toàn,B Ray,V#,APPLE_MUSIC
2025-11-08,15,NGƯỜI NHƯ ANH XỨNG ĐÁNG CÔ ĐƠN,ANH TRAI SAY HI,"Vũ Cát Tường, Karik, Negav, Ngô Kiến Huy, Jey B",APPLE_MUSIC
2025-11-08,16,Phép Màu [Đàn Cá Gỗ Original Soundtrack],MAYDAYs,Minh Tốc & Lam,APPLE_MUSIC
2025-11-08,17,NGƯỜI ĐẦU TIÊN,Juky San,,APPLE_MUSIC
2025-11-08,18,Bình Yên,Vũ.,Binz,APPLE_MUSIC
2025-11-08,19,ƯỚC ANH TAN NÁT CON TIM,Phùng Khánh Linh,,APPLE_MUSIC
2025-11-08,20,Có Em Là Nhà,MIN,,APPLE_MUSIC
2025-11-08,21,Không Thể Say,HIEUTHUHAI,,APPLE_MUSIC
2025-11-08,22,HIỆN THỰC PHŨ PHÀNG,Phùng Khánh Linh,,APPLE_MUSIC
2025-11-08,23,Mất Kết Nối,Dương Domic,,APPLE_MUSIC
2025-11-08,24,Đừng Làm Trái Tim Anh Đau,Sơn Tùng M-TP,,APPLE_MUSIC
2025-11-08,25,Love Game,Low G,tlinh,APPLE_MUSIC
2025-11-08,26,CỜ NGƯỜI,Phùng Khánh Linh,,APPLE_MUSIC
2025-11-08,27,Tháng Năm,SOOBIN,,APPLE_MUSIC
2025-11-08,28,phải viết bao nhiêu bản tình ca,MIN,,APPLE_MUSIC
2025-11-08,29,Anh Nhớ Ra,Vũ.,TRANG,APPLE_MUSIC
2025-11-08,30,Panorama,Richie D. ICY,Obito,APPLE_MUSIC
2025-11-08,31,Hà Nội,Obito,"Shiki, VSTRA",APPLE_MUSIC
2025-11-08,32,LOSER,MIN,Chillies,APPLE_MUSIC
2025-11-08,33,Nếu Những Tiếc Nuối,Vũ.,,APPLE_MUSIC
2025-11-08,34,TÂM SỰ VỚI ĐÊM MỘT MÌNH,Phùng Khánh Linh,,APPLE_MUSIC
2025-11-08,35,Anh Đã Không Biết Cách Yêu Em,Quang Đăng Trần,,APPLE_MUSIC
2025-11-08,36,PHÓNG ZÌN ZÌN,tlinh,Low G,APPLE_MUSIC
2025-11-08,37,LINH CẢM,Phùng Khánh Linh,,APPLE_MUSIC
2025-11-08,38,Còn Gì Đẹp Hơn (Mưa Đỏ Original Soundtrack),Nguyễn Hùng,,APPLE_MUSIC
2025-11-08,39,"(từng là) Boyfriend, Girlfriend",MIN,,APPLE_MUSIC
2025-11-08,40,đưa em về nhàa,GREY D,Chillies,APPLE_MUSIC
2025-11-08,41,ĐOẠN KỊCH CÂM,ANH TRAI SAY HI,"CONGB, Negav, B Ray, CODYNAMVO, Phạm Đình Thái Ngân, Mỹ Mỹ",APPLE_MUSIC
2025-11-08,42,giá như,SOOBIN,,APPLE_MUSIC
2025-11-08,43,DANCING IN THE DARK,SOOBIN,,APPLE_MUSIC
2025-11-08,44,Có Đôi Điều,Shiki,,APPLE_MUSIC
2025-11-08,45,vaicaunoicokhiennguoithaydoi,GREY D,tlinh,APPLE_MUSIC
2025-11-08,46,NOLOVENOLIFE,HIEUTHUHAI,,APPLE_MUSIC
2025-11-08,47,Ngày Này Năm Ấy,Viet Anh,,APPLE_MUSIC
2025-11-08,48,Không Thời Gian,Dương Domic,,APPLE_MUSIC
2025-11-08,49,Anh Đã Quen Với Cô Đơn,SOOBIN,,APPLE_MUSIC
2025-11-08,50,Thanh Xuân,Da LAB,,APPLE_MUSIC
2025-11-08,51,Kho Báu,STRONG,,APPLE_MUSIC
2025-11-08,52,nếu lúc đó,tlinh,2pillz,APPLE_MUSIC
2025-11-08,53,Lạ Lùng,Vũ.,,APPLE_MUSIC
2025-11-08,54,ÁM ẢNH VỀ ANH,Phùng Khánh Linh,,APPLE_MUSIC
2025-11-08,55,ĐIỀU EM KHÔNG MUỐN,Phùng Khánh Linh,,APPLE_MUSIC
2025-11-08,56,Yêu 5,Rhymastic,,APPLE_MUSIC
2025-11-08,57,Điều Em Khó Nói,MIN,,APPLE_MUSIC
2025-11-08,58,Thằng Điên,JustaTee,Phương Ly,APPLE_MUSIC
2025-11-08,60,Chăm Hoa,MONO,,APPLE_MUSIC
2025-11-08,62,Từng Quen,Wren Evans,itsnk,APPLE_MUSIC
2025-11-08,63,Wrong Times,Puppy,Dangrangto,APPLE_MUSIC
2025-11-08,64,Đánh Đổi,Obito,"Shiki, RPT MCK",APPLE_MUSIC
2025-11-08,65,Nàng Thơ,Hoàng Dũng,,APPLE_MUSIC
2025-11-08,66,1000 Ánh Mắt,Shiki,Obito,APPLE_MUSIC
2025-11-08,68,Bước Qua Mùa Cô Đơn,Vũ.,,APPLE_MUSIC
2025-11-08,69,HÃY NÓI ANH SAI RỒI,Phùng Khánh Linh,,APPLE_MUSIC
2025-11-08,70,KHÓC BLÓCK,Phùng Khánh Linh,,APPLE_MUSIC
2025-11-08,71,Đoạn Kết Mới,Hoàng Dũng,,APPLE_MUSIC
2025-11-08,74,dự báo thời tiết hôm nay mưa,GREY D,,APPLE_MUSIC
2025-11-08,75,Những Lời Hứa Bỏ Quên,Vũ.,Dear Jane,APPLE_MUSIC
2025-11-08,76,Feel At Home,B Ray,,APPLE_MUSIC
2025-11-08,77,Nhiều Hơn,Low G,,APPLE_MUSIC
2025-11-08,79,GRIEF IS THE PRICE YOU PAY FOR LOVE,Phùng Khánh Linh,,APPLE_MUSIC
2025-11-08,80,Exit Sign,HIEUTHUHAI,marzuz,APPLE_MUSIC
2025-11-08,83,Giữ Anh Cho Ngày Hôm Qua,Hoàng Dũng,"Rhymastic, LELAREC",APPLE_MUSIC
2025-11-08,85,The Playah (Special Performance),SOOBIN,,APPLE_MUSIC
2025-11-08,86,Nước Mắt Cá Sấu,HIEUTHUHAI,,APPLE_MUSIC
2025-11-08,87,GÃ SĂN CÁ,EM XINH SAY HI,"Lâm Bảo Ngọc, Quỳnh Anh Shyn, MAIQUINN, Saabirose, Quang Hùng MasterD",APPLE_MUSIC
2025-11-08,88,Chìm Sâu,RPT MCK,Trung Trần,APPLE_MUSIC
2025-11-08,89,Giờ Thì,buitruonglinh,,APPLE_MUSIC
2025-11-08,90,Vài Lần Đón Đưa,SOOBIN,SpaceSpeakers,APPLE_MUSIC
2025-11-08,91,vết thương,Fishy,,APPLE_MUSIC
2025-11-08,92,HƠN LÀ BẠN,ANH TRAI SAY HI,"Ngô Kiến Huy, Vũ Cát Tường, Karik, VƯƠNG BÌNH, Sơn.K, MIN",APPLE_MUSIC
2025-11-08,93,Mùa Mưa Ấy,Vũ.,,APPLE_MUSIC
2025-11-08,94,Chúng Ta Của Hiện Tại,Sơn Tùng M-TP,,APPLE_MUSIC
2025-11-08,95,Anh Đã Ổn Hơn,RPT MCK,,APPLE_MUSIC
2025-11-08,96,Tình Nhân Ơi,Orange,Binz,APPLE_MUSIC
2025-11-08,97,CỨ ĐỔ TẠI CƠN MƯA,EM XINH SAY HI,"Phương Ly, Orange, Châu Bùi, 52Hz, Vũ Thảo My",APPLE_MUSIC
2025-11-08,98,Love My Friend,Shayda,,APPLE_MUSIC
2025-11-08,100,NGƯỜI YÊU CHƯA SINH RA,ANH TRAI SAY HI,"OgeNus, BigDaddy, Phúc Du, Hustlang Robber, Dillan Hoàng Phan",APPLE_MUSIC
2025-11-09,1,chẳng phải tình đầu sao đau đến thế,MIN,"Dangrangto, antransax",APPLE_MUSIC
2025-11-09,2,Em,Binz,,APPLE_MUSIC
2025-11-09,4,In Love,Low G,JustaTee,APPLE_MUSIC
2025-11-09,5,ANH LÀ THẰNG TỒI,Phùng Khánh Linh,,APPLE_MUSIC
2025-11-09,6,Không Buông,Hngle,Ari,APPLE_MUSIC
2025-11-09,8,EM ĐAU,Phùng Khánh Linh,Thành Luke,APPLE_MUSIC
2025-11-09,9,Quá Muộn,MIN,,APPLE_MUSIC
2025-11-09,10,Kho Báu,STRONG,Rhymastic,APPLE_MUSIC
2025-11-09,11,KHÔNG ĐAU NỮA RỒI,EM XINH SAY HI,"52Hz, Orange, Châu Bùi, Mỹ Mỹ, Pháp Kiều",APPLE_MUSIC
2025-11-09,12,Chế Độ Im Lặng,MIN,,APPLE_MUSIC
2025-11-09,13,Bình Yên,Vũ.,Binz,APPLE_MUSIC
2025-11-09,14,Người Đầu Tiên,Juky San,buitruonglinh,APPLE_MUSIC
2025-11-09,15,Vùng An Toàn,B Ray,V#,APPLE_MUSIC
2025-11-09,16,Phép Màu [Đàn Cá Gỗ Original Soundtrack],MAYDAYs,Minh Tốc & Lam,APPLE_MUSIC
2025-11-09,17,Đừng Làm Trái Tim Anh Đau,Sơn Tùng M-TP,,APPLE_MUSIC
2025-11-09,18,Có Em Là Nhà,MIN,,APPLE_MUSIC
2025-11-09,19,NGƯỜI ĐẦU TIÊN,Juky San,,APPLE_MUSIC
2025-11-09,20,NGƯỜI NHƯ ANH XỨNG ĐÁNG CÔ ĐƠN,ANH TRAI SAY HI,"Vũ Cát Tường, Karik, Negav, Ngô Kiến Huy, Jey B",APPLE_MUSIC
2025-11-09,21,Mất Kết Nối,Dương Domic,,APPLE_MUSIC
2025-11-09,22,Không Thể Say,HIEUTHUHAI,,APPLE_MUSIC
2025-11-09,23,Love Game,Low G,tlinh,APPLE_MUSIC
2025-11-09,24,Tháng Năm,SOOBIN,,APPLE_MUSIC
2025-11-09,25,ƯỚC ANH TAN NÁT CON TIM,Phùng Khánh Linh,,APPLE_MUSIC
2025-11-09,26,HIỆN THỰC PHŨ PHÀNG,Phùng Khánh Linh,,APPLE_MUSIC
2025-11-09,27,phải viết bao nhiêu bản tình ca,MIN,,APPLE_MUSIC
2025-11-09,28,CỜ NGƯỜI,Phùng Khánh Linh,,APPLE_MUSIC
2025-11-09,29,Anh Nhớ Ra,Vũ.,TRANG,APPLE_MUSIC
2025-11-09,30,Panorama,Richie D. ICY,Obito,APPLE_MUSIC
2025-11-09,31,Hà Nội,Obito,"Shiki, VSTRA",APPLE_MUSIC
2025-11-09,32,DANCING IN THE DARK,SOOBIN,,APPLE_MUSIC
2025-11-09,33,LOSER,MIN,Chillies,APPLE_MUSIC
2025-11-09,34,Nếu Những Tiếc Nuối,Vũ.,,APPLE_MUSIC
2025-11-09,35,Còn Gì Đẹp Hơn (Mưa Đỏ Original Soundtrack),Nguyễn Hùng,,APPLE_MUSIC
2025-11-09,36,Anh Đã Không Biết Cách Yêu Em,Quang Đăng Trần,,APPLE_MUSIC
2025-11-09,37,PHÓNG ZÌN ZÌN,tlinh,Low G,APPLE_MUSIC
2025-11-09,38,"(từng là) Boyfriend, Girlfriend",MIN,,APPLE_MUSIC
2025-11-09,39,ĐOẠN KỊCH CÂM,ANH TRAI SAY HI,"CONGB, Negav, B Ray, CODYNAMVO, Phạm Đình Thái Ngân, Mỹ Mỹ",APPLE_MUSIC
2025-11-09,40,giá như,SOOBIN,,APPLE_MUSIC
2025-11-09,41,Có Đôi Điều,Shiki,,APPLE_MUSIC
2025-11-09,42,đưa em về nhàa,GREY D,Chillies,APPLE_MUSIC
2025-11-09,43,TÂM SỰ VỚI ĐÊM MỘT MÌNH,Phùng Khánh Linh,,APPLE_MUSIC
2025-11-09,44,Kho Báu,STRONG,,APPLE_MUSIC
2025-11-09,45,NOLOVENOLIFE,HIEUTHUHAI,,APPLE_MUSIC
2025-11-09,47,LINH CẢM,Phùng Khánh Linh,,APPLE_MUSIC
2025-11-09,48,Thanh Xuân,Da LAB,,APPLE_MUSIC
2025-11-09,49,Anh Đã Quen Với Cô Đơn,SOOBIN,,APPLE_MUSIC
2025-11-09,50,Ngày Này Năm Ấy,Viet Anh,,APPLE_MUSIC
2025-11-09,51,vaicaunoicokhiennguoithaydoi,GREY D,tlinh,APPLE_MUSIC
2025-11-09,52,nếu lúc đó,tlinh,2pillz,APPLE_MUSIC
2025-11-09,53,Không Thời Gian,Dương Domic,,APPLE_MUSIC
2025-11-09,54,Lạ Lùng,Vũ.,,APPLE_MUSIC
2025-11-09,55,Yêu 5,Rhymastic,,APPLE_MUSIC
2025-11-09,56,Điều Em Khó Nói,MIN,,APPLE_MUSIC
2025-11-09,57,ÁM ẢNH VỀ ANH,Phùng Khánh Linh,,APPLE_MUSIC
2025-11-09,58,ĐIỀU EM KHÔNG MUỐN,Phùng Khánh Linh,,APPLE_MUSIC
2025-11-09,60,Từng Quen,Wren Evans,itsnk,APPLE_MUSIC
2025-11-09,61,1000 Ánh Mắt,Shiki,Obito,APPLE_MUSIC
2025-11-09,62,Chăm Hoa,MONO,,APPLE_MUSIC
2025-11-09,64,Nàng Thơ,Hoàng Dũng,,APPLE_MUSIC
2025-11-09,65,dự báo thời tiết hôm nay mưa,GREY D,,APPLE_MUSIC
2025-11-09,66,Đoạn Kết Mới,Hoàng Dũng,,APPLE_MUSIC
2025-11-09,67,Exit Sign,HIEUTHUHAI,marzuz,APPLE_MUSIC
2025-11-09,70,KHÓC BLÓCK,Phùng Khánh Linh,,APPLE_MUSIC
2025-11-09,71,Bước Qua Mùa Cô Đơn,Vũ.,,APPLE_MUSIC
2025-11-09,73,Wrong Times,Puppy,Dangrangto,APPLE_MUSIC
2025-11-09,75,Đánh Đổi,Obito,"Shiki, RPT MCK",APPLE_MUSIC
2025-11-09,76,Thằng Điên,JustaTee,Phương Ly,APPLE_MUSIC
2025-11-09,77,The Playah (Special Performance),SOOBIN,,APPLE_MUSIC
2025-11-09,78,Những Lời Hứa Bỏ Quên,Vũ.,Dear Jane,APPLE_MUSIC
2025-11-09,81,GÃ SĂN CÁ,EM XINH SAY HI,"Lâm Bảo Ngọc, Quỳnh Anh Shyn, MAIQUINN, Saabirose, Quang Hùng MasterD",APPLE_MUSIC
2025-11-09,83,HÃY NÓI ANH SAI RỒI,Phùng Khánh Linh,,APPLE_MUSIC
2025-11-09,84,Giữ Anh Cho Ngày Hôm Qua,Hoàng Dũng,"Rhymastic, LELAREC",APPLE_MUSIC
2025-11-09,85,Feel At Home,B Ray,,APPLE_MUSIC
2025-11-09,86,Nhiều Hơn,Low G,,APPLE_MUSIC
2025-11-09,87,Vài Lần Đón Đưa,SOOBIN,SpaceSpeakers,APPLE_MUSIC
2025-11-09,88,HƠN LÀ BẠN,ANH TRAI SAY HI,"Ngô Kiến Huy, Vũ Cát Tường, Karik, VƯƠNG BÌNH, Sơn.K, MIN",APPLE_MUSIC
2025-11-09,89,vết thương,Fishy,,APPLE_MUSIC
2025-11-09,90,Nước Mắt Cá Sấu,HIEUTHUHAI,,APPLE_MUSIC
2025-11-09,92,Mùa Mưa Ấy,Vũ.,,APPLE_MUSIC
2025-11-09,95,GRIEF IS THE PRICE YOU PAY FOR LOVE,Phùng Khánh Linh,,APPLE_MUSIC
2025-11-09,96,Tình Nhân Ơi,Orange,Binz,APPLE_MUSIC
2025-11-09,97,Chìm Sâu,RPT MCK,Trung Trần,APPLE_MUSIC
2025-11-09,98,Past Won't Leave My Bed,Joji,,APPLE_MUSIC
2025-11-09,99,Giờ Thì,buitruonglinh,,APPLE_MUSIC
2025-11-09,100,NGƯỜI YÊU CHƯA SINH RA,ANH TRAI SAY HI,"OgeNus, BigDaddy, Phúc Du, Hustlang Robber, Dillan Hoàng Phan",APPLE_MUSIC
2025-11-10,1,chẳng phải tình đầu sao đau đến thế,MIN,"Dangrangto, antransax",APPLE_MUSIC
2025-11-10,2,Em,Binz,,APPLE_MUSIC
2025-11-10,4,In Love,Low G,JustaTee,APPLE_MUSIC
2025-11-10,5,ANH LÀ THẰNG TỒI,Phùng Khánh Linh,,APPLE_MUSIC
2025-11-10,6,Không Buông,Hngle,Ari,APPLE_MUSIC
2025-11-10,8,EM ĐAU,Phùng Khánh Linh,Thành Luke,APPLE_MUSIC
2025-11-10,9,Kho Báu,STRONG,Rhymastic,APPLE_MUSIC
2025-11-10,10,KHÔNG ĐAU NỮA RỒI,EM XINH SAY HI,"50Hz, Orange, Châu Bùi, Mỹ Mỹ, Pháp Kiều",APPLE_MUSIC
2025-11-10,11,Quá Muộn,MIN,,APPLE_MUSIC
2025-11-10,12,Chế Độ Im Lặng,MIN,,APPLE_MUSIC
2025-11-10,13,Vùng An Toàn,B Ray,V#,APPLE_MUSIC
2025-11-10,14,NGƯỜI NHƯ ANH XỨNG ĐÁNG CÔ ĐƠN,ANH TRAI SAY HI,"Vũ Cát Tường, Karik, Negav, Ngô Kiến Huy, Jey B",APPLE_MUSIC
2025-11-10,15,Đừng Làm Trái Tim Anh Đau,Sơn Tùng M-TP,,APPLE_MUSIC
2025-11-10,16,Bình Yên,Vũ.,Binz,APPLE_MUSIC
2025-11-10,17,Người Đầu Tiên,Juky San,buitruonglinh,APPLE_MUSIC
2025-11-10,18,Phép Màu [Đàn Cá Gỗ Original Soundtrack],MAYDAYs,Minh Tốc & Lam,APPLE_MUSIC
2025-11-10,19,Có Em Là Nhà,MIN,,APPLE_MUSIC
2025-11-10,20,Không Thể Say,HIEUTHUHAI,,APPLE_MUSIC
2025-11-10,21,Mất Kết Nối,Dương Domic,,APPLE_MUSIC
2025-11-10,22,NGƯỜI ĐẦU TIÊN,Juky San,,APPLE_MUSIC
2025-11-10,23,Love Game,Low G,tlinh,APPLE_MUSIC
2025-11-10,24,Tháng Năm,SOOBIN,,APPLE_MUSIC
2025-11-10,25,Anh Nhớ Ra,Vũ.,TRANG,APPLE_MUSIC
2025-11-10,26,ƯỚC ANH TAN NÁT CON TIM,Phùng Khánh Linh,,APPLE_MUSIC
2025-11-10,27,Panorama,Richie D. ICY,Obito,APPLE_MUSIC
2025-11-10,28,phải viết bao nhiêu bản tình ca,MIN,,APPLE_MUSIC
2025-11-10,29,HIỆN THỰC PHŨ PHÀNG,Phùng Khánh Linh,,APPLE_MUSIC
2025-11-10,30,Hà Nội,Obito,"Shiki, VSTRA",APPLE_MUSIC
2025-11-10,31,ĐOẠN KỊCH CÂM,ANH TRAI SAY HI,"CONGB, Negav, B Ray, CODYNAMVO, Phạm Đình Thái Ngân, Mỹ Mỹ",APPLE_MUSIC
2025-11-10,32,CỜ NGƯỜI,Phùng Khánh Linh,,APPLE_MUSIC
2025-11-10,33,DANCING IN THE DARK,SOOBIN,,APPLE_MUSIC
2025-11-10,34,PHÓNG ZÌN ZÌN,tlinh,Low G,APPLE_MUSIC
2025-11-10,35,giá như,SOOBIN,,APPLE_MUSIC
2025-11-10,36,Nếu Những Tiếc Nuối,Vũ.,,APPLE_MUSIC
2025-11-10,38,Anh Đã Không Biết Cách Yêu Em,Quang Đăng Trần,,APPLE_MUSIC
2025-11-10,39,đưa em về nhàa,GREY D,Chillies,APPLE_MUSIC
2025-11-10,40,NOLOVENOLIFE,HIEUTHUHAI,,APPLE_MUSIC
2025-11-10,41,Có Đôi Điều,Shiki,,APPLE_MUSIC
2025-11-10,42,LOSER,MIN,Chillies,APPLE_MUSIC
2025-11-10,43,"(từng là) Boyfriend, Girlfriend",MIN,,APPLE_MUSIC
2025-11-10,44,vaicaunoicokhiennguoithaydoi,GREY D,tlinh,APPLE_MUSIC
2025-11-10,45,Còn Gì Đẹp Hơn (Mưa Đỏ Original Soundtrack),Nguyễn Hùng,,APPLE_MUSIC
2025-11-10,46,Thanh Xuân,Da LAB,,APPLE_MUSIC
2025-11-10,47,TÂM SỰ VỚI ĐÊM MỘT MÌNH,Phùng Khánh Linh,,APPLE_MUSIC
2025-11-10,48,Kho Báu,STRONG,,APPLE_MUSIC
2025-11-10,49,Ngày Này Năm Ấy,Viet Anh,,APPLE_MUSIC
2025-11-10,50,Anh Đã Quen Với Cô Đơn,SOOBIN,,APPLE_MUSIC
2025-11-10,51,Không Thời Gian,Dương Domic,,APPLE_MUSIC
2025-11-10,52,Lạ Lùng,Vũ.,,APPLE_MUSIC
2025-11-10,53,LINH CẢM,Phùng Khánh Linh,,APPLE_MUSIC
2025-11-10,54,nếu lúc đó,tlinh,2pillz,APPLE_MUSIC
2025-11-10,56,Yêu 5,Rhymastic,,APPLE_MUSIC
2025-11-10,57,Từng Quen,Wren Evans,itsnk,APPLE_MUSIC
2025-11-10,59,Điều Em Khó Nói,MIN,,APPLE_MUSIC
2025-11-10,60,Thằng Điên,JustaTee,Phương Ly,APPLE_MUSIC
2025-11-10,61,Chăm Hoa,MONO,,APPLE_MUSIC
2025-11-10,62,1000 Ánh Mắt,Shiki,Obito,APPLE_MUSIC
2025-11-10,63,ÁM ẢNH VỀ ANH,Phùng Khánh Linh,,APPLE_MUSIC
2025-11-10,65,Nàng Thơ,Hoàng Dũng,,APPLE_MUSIC
2025-11-10,67,Wrong Times,Puppy,Dangrangto,APPLE_MUSIC
2025-11-10,68,ĐIỀU EM KHÔNG MUỐN,Phùng Khánh Linh,,APPLE_MUSIC
2025-11-10,69,Đoạn Kết Mới,Hoàng Dũng,,APPLE_MUSIC
2025-11-10,70,Exit Sign,HIEUTHUHAI,marzuz,APPLE_MUSIC
2025-11-10,71,Bước Qua Mùa Cô Đơn,Vũ.,,APPLE_MUSIC
2025-11-10,72,Những Lời Hứa Bỏ Quên,Vũ.,Dear Jane,APPLE_MUSIC
2025-11-10,74,KHÓC BLÓCK,Phùng Khánh Linh,,APPLE_MUSIC
2025-11-10,76,Đánh Đổi,Obito,"Shiki, RPT MCK",APPLE_MUSIC
2025-11-10,77,HƠN LÀ BẠN,ANH TRAI SAY HI,"Ngô Kiến Huy, Vũ Cát Tường, Karik, VƯƠNG BÌNH, Sơn.K, MIN",APPLE_MUSIC
2025-11-10,79,Giữ Anh Cho Ngày Hôm Qua,Hoàng Dũng,"Rhymastic, LELAREC",APPLE_MUSIC
2025-11-10,83,GÃ SĂN CÁ,EM XINH SAY HI,"Lâm Bảo Ngọc, Quỳnh Anh Shyn, MAIQUINN, Saabirose, Quang Hùng MasterD",APPLE_MUSIC
2025-11-10,84,Feel At Home,B Ray,,APPLE_MUSIC
2025-11-10,85,Nước Mắt Cá Sấu,HIEUTHUHAI,,APPLE_MUSIC
2025-11-10,86,HÃY NÓI ANH SAI RỒI,Phùng Khánh Linh,,APPLE_MUSIC
2025-11-10,87,vết thương,Fishy,,APPLE_MUSIC
2025-11-10,88,Vài Lần Đón Đưa,SOOBIN,SpaceSpeakers,APPLE_MUSIC
2025-11-10,89,The Playah (Special Performance),SOOBIN,,APPLE_MUSIC
2025-11-10,91,Mùa Mưa Ấy,Vũ.,,APPLE_MUSIC
2025-11-10,93,Tình Nhân Ơi,Orange,Binz,APPLE_MUSIC
2025-11-10,94,Giờ Thì,buitruonglinh,,APPLE_MUSIC
2025-11-10,95,Chìm Sâu,RPT MCK,Trung Trần,APPLE_MUSIC
2025-11-10,96,Nhiều Hơn,Low G,,APPLE_MUSIC
2025-11-10,97,NGƯỜI YÊU CHƯA SINH RA,ANH TRAI SAY HI,"OgeNus, BigDaddy, Phúc Du, Hustlang Robber, Dillan Hoàng Phan",APPLE_MUSIC
2025-11-10,99,Missing You,Phương Ly,,APPLE_MUSIC
2025-11-10,100,Anh Đã Ổn Hơn,RPT MCK,,APPLE_MUSIC
2025-11-11,1,chẳng phải tình đầu sao đau đến thế,MIN,"Dangrangto, antransax",APPLE_MUSIC
2025-11-11,3,Em,Binz,,APPLE_MUSIC
2025-11-11,4,In Love,Low G,JustaTee,APPLE_MUSIC
2025-11-11,5,ANH LÀ THẰNG TỒI,Phùng Khánh Linh,,APPLE_MUSIC
2025-11-11,6,Không Buông,Hngle,Ari,APPLE_MUSIC
2025-11-11,7,SỚM MUỘN THÌ,ANH TRAI SAY HI,"Hustlang Robber, Nhâm Phương Nam, Mason nguyen, Jaysonlei, Khoi Vu, LAMOON",APPLE_MUSIC
2025-11-11,9,EM ĐAU,Phùng Khánh Linh,Thành Luke,APPLE_MUSIC
2025-11-11,10,Kho Báu,STRONG,Rhymastic,APPLE_MUSIC
2025-11-11,11,KHÔNG ĐAU NỮA RỒI,EM XINH SAY HI,"52Hz, Orange, Châu Bùi, Mỹ Mỹ, Pháp Kiều",APPLE_MUSIC
2025-11-11,12,Quá Muộn,MIN,,APPLE_MUSIC
2025-11-11,13,Chế Độ Im Lặng,MIN,,APPLE_MUSIC
2025-11-11,14,Mất Kết Nối,Dương Domic,,APPLE_MUSIC
2025-11-11,15,Vùng An Toàn,B Ray,V#,APPLE_MUSIC
2025-11-11,16,Đừng Làm Trái Tim Anh Đau,Sơn Tùng M-TP,,APPLE_MUSIC
2025-11-11,17,Bình Yên,Vũ.,Binz,APPLE_MUSIC
2025-11-11,18,NGƯỜI NHƯ ANH XỨNG ĐÁNG CÔ ĐƠN,ANH TRAI SAY HI,"Vũ Cát Tường, Karik, Negav, Ngô Kiến Huy, Jey B",APPLE_MUSIC
2025-11-11,19,Không Thể Say,HIEUTHUHAI,,APPLE_MUSIC
2025-11-11,20,Phép Màu [Đàn Cá Gỗ Original Soundtrack],MAYDAYs,Minh Tốc & Lam,APPLE_MUSIC
2025-11-11,21,NGƯỜI ĐẦU TIÊN,Juky San,,APPLE_MUSIC
2025-11-11,22,Người Đầu Tiên,Juky San,buitruonglinh,APPLE_MUSIC
2025-11-11,23,Có Em Là Nhà,MIN,,APPLE_MUSIC
2025-11-11,24,Anh Nhớ Ra,Vũ.,TRANG,APPLE_MUSIC
2025-11-11,25,Mục Hạ Vô Nhân,SOOBIN,"Huỳnh Tú, Binz",APPLE_MUSIC
2025-11-11,26,Tháng Năm,SOOBIN,,APPLE_MUSIC
2025-11-11,27,Love Game,Low G,tlinh,APPLE_MUSIC
2025-11-11,28,DANCING IN THE DARK,SOOBIN,,APPLE_MUSIC
2025-11-11,29,đưa em về nhàa,GREY D,Chillies,APPLE_MUSIC
2025-11-11,30,ƯỚC ANH TAN NÁT CON TIM,Phùng Khánh Linh,,APPLE_MUSIC
2025-11-11,31,phải viết bao nhiêu bản tình ca,MIN,,APPLE_MUSIC
2025-11-11,32,Hà Nội,Obito,"Shiki, VSTRA",APPLE_MUSIC
2025-11-11,33,Panorama,Richie D. ICY,Obito,APPLE_MUSIC
2025-11-11,34,HIỆN THỰC PHŨ PHÀNG,Phùng Khánh Linh,,APPLE_MUSIC
2025-11-11,35,PHÓNG ZÌN ZÌN,tlinh,Low G,APPLE_MUSIC
2025-11-11,36,ĐOẠN KỊCH CÂM,ANH TRAI SAY HI,"CONGB, Negav, B Ray, CODYNAMVO, Phạm Đình Thái Ngân, Mỹ Mỹ",APPLE_MUSIC
2025-11-11,37,CỜ NGƯỜI,Phùng Khánh Linh,,APPLE_MUSIC
2025-11-11,39,giá như,SOOBIN,,APPLE_MUSIC
2025-11-11,40,Nếu Những Tiếc Nuối,Vũ.,,APPLE_MUSIC
2025-11-11,41,Có Đôi Điều,Shiki,,APPLE_MUSIC
2025-11-11,42,Anh Đã Không Biết Cách Yêu Em,Quang Đăng Trần,,APPLE_MUSIC
2025-11-11,43,Còn Gì Đẹp Hơn (Mưa Đỏ Original Soundtrack),Nguyễn Hùng,,APPLE_MUSIC
2025-11-11,44,NOLOVENOLIFE,HIEUTHUHAI,,APPLE_MUSIC
2025-11-11,45,vaicaunoicokhiennguoithaydoi,GREY D,tlinh,APPLE_MUSIC
2025-11-11,46,LOSER,MIN,Chillies,APPLE_MUSIC
2025-11-11,47,Kho Báu,STRONG,,APPLE_MUSIC
2025-11-11,48,TÂM SỰ VỚI ĐÊM MỘT MÌNH,Phùng Khánh Linh,,APPLE_MUSIC
2025-11-11,49,nếu lúc đó,tlinh,2pillz,APPLE_MUSIC
2025-11-11,50,"(từng là) Boyfriend, Girlfriend",MIN,,APPLE_MUSIC
2025-11-11,51,Anh Đã Quen Với Cô Đơn,SOOBIN,,APPLE_MUSIC
2025-11-11,52,Ngày Này Năm Ấy,Viet Anh,,APPLE_MUSIC
2025-11-11,53,Thanh Xuân,Da LAB,,APPLE_MUSIC
2025-11-11,54,Không Thời Gian,Dương Domic,,APPLE_MUSIC
2025-11-11,55,Lạ Lùng,Vũ.,,APPLE_MUSIC
2025-11-11,56,Từng Quen,Wren Evans,itsnk,APPLE_MUSIC
2025-11-11,57,LINH CẢM,Phùng Khánh Linh,,APPLE_MUSIC
2025-11-11,59,Yêu 5,Rhymastic,,APPLE_MUSIC
2025-11-11,61,Nàng Thơ,Hoàng Dũng,,APPLE_MUSIC
2025-11-11,62,Điều Em Khó Nói,MIN,,APPLE_MUSIC
2025-11-11,63,Chăm Hoa,MONO,,APPLE_MUSIC
2025-11-11,64,Exit Sign,HIEUTHUHAI,marzuz,APPLE_MUSIC
2025-11-11,66,ÁM ẢNH VỀ ANH,Phùng Khánh Linh,,APPLE_MUSIC
2025-11-11,67,1000 Ánh Mắt,Shiki,Obito,APPLE_MUSIC
2025-11-11,68,Wrong Times,Puppy,Dangrangto,APPLE_MUSIC
2025-11-11,69,ĐIỀU EM KHÔNG MUỐN,Phùng Khánh Linh,,APPLE_MUSIC
2025-11-11,70,Đánh Đổi,Obito,"Shiki, RPT MCK",APPLE_MUSIC
2025-11-11,71,Bước Qua Mùa Cô Đơn,Vũ.,,APPLE_MUSIC
2025-11-11,72,Thằng Điên,JustaTee,Phương Ly,APPLE_MUSIC
2025-11-11,74,Đoạn Kết Mới,Hoàng Dũng,,APPLE_MUSIC
2025-11-11,76,Những Lời Hứa Bỏ Quên,Vũ.,Dear Jane,APPLE_MUSIC
2025-11-11,79,KHÓC BLÓCK,Phùng Khánh Linh,,APPLE_MUSIC
2025-11-11,80,GÃ SĂN CÁ,EM XINH SAY HI,"Lâm Bảo Ngọc, Quỳnh Anh Shyn, MAIQUINN, Saabirose, Quang Hùng MasterD",APPLE_MUSIC
2025-11-11,82,Giữ Anh Cho Ngày Hôm Qua,Hoàng Dũng,"Rhymastic, LELAREC",APPLE_MUSIC
2025-11-11,83,HƠN LÀ BẠN,ANH TRAI SAY HI,"Ngô Kiến Huy, Vũ Cát Tường, Karik, VƯƠNG BÌNH, Sơn.K, MIN",APPLE_MUSIC
2025-11-11,84,vết thương,Fishy,,APPLE_MUSIC
2025-11-11,87,Mùa Mưa Ấy,Vũ.,,APPLE_MUSIC
2025-11-11,88,Nước Mắt Cá Sấu,HIEUTHUHAI,,APPLE_MUSIC
2025-11-11,89,Feel At Home,B Ray,,APPLE_MUSIC
2025-11-11,90,HÃY NÓI ANH SAI RỒI,Phùng Khánh Linh,,APPLE_MUSIC
2025-11-11,92,Pin Dự Phòng,Dương Domic,Lou Hoàng,APPLE_MUSIC
2025-11-11,93,Missing You,Phương Ly,,APPLE_MUSIC
2025-11-11,94,Giờ Thì,buitruonglinh,,APPLE_MUSIC
2025-11-11,95,Chìm Sâu,RPT MCK,Trung Trần,APPLE_MUSIC
2025-11-11,97,Chúng Ta Của Hiện Tại,Sơn Tùng M-TP,,APPLE_MUSIC
2025-11-11,98,The Playah (Special Performance),SOOBIN,,APPLE_MUSIC
2025-11-11,99,Anh Đã Ổn Hơn,RPT MCK,,APPLE_MUSIC
2025-11-11,100,Vài Lần Đón Đưa,SOOBIN,SpaceSpeakers,APPLE_MUSIC
2025-11-12,1,chẳng phải tình đầu sao đau đến thế,MIN,"Dangrangto, antransax",APPLE_MUSIC
2025-11-12,2,Em,Binz,,APPLE_MUSIC
2025-11-12,3,SỚM MUỘN THÌ,ANH TRAI SAY HI,"Hustlang Robber, Nhâm Phương Nam, Mason nguyen, Jaysonlei, Khoi Vu, LAMOON",APPLE_MUSIC
2025-11-12,4,In Love,Low G,JustaTee,APPLE_MUSIC
2025-11-12,5,ANH LÀ THẰNG TỒI,Phùng Khánh Linh,,APPLE_MUSIC
2025-11-12,6,Không Buông,Hngle,Ari,APPLE_MUSIC
2025-11-12,7,EM ĐAU,Phùng Khánh Linh,Thành Luke,APPLE_MUSIC
2025-11-12,8,KHÔNG ĐAU NỮA RỒI,EM XINH SAY HI,"Orange, Châu Bùi, Mỹ Mỹ, Pháp Kiều, 52Hz",APPLE_MUSIC
2025-11-12,9,Kho Báu,STRONG,Rhymastic,APPLE_MUSIC
2025-11-12,10,Mục Hạ Vô Nhân,SOOBIN,"Huỳnh Tú, Binz",APPLE_MUSIC
2025-11-12,11,Mất Kết Nối,Dương Domic,,APPLE_MUSIC
2025-11-12,12,Vùng An Toàn,B Ray,V#,APPLE_MUSIC
2025-11-12,13,Quá Muộn,MIN,,APPLE_MUSIC
2025-11-12,14,NGƯỜI NHƯ ANH XỨNG ĐÁNG CÔ ĐƠN,ANH TRAI SAY HI,"Vũ Cát Tường, Karik, Negav, Ngô Kiến Huy, Jey B",APPLE_MUSIC
2025-11-12,15,Chế Độ Im Lặng,MIN,,APPLE_MUSIC
2025-11-12,16,Bình Yên,Vũ.,Binz,APPLE_MUSIC
2025-11-12,17,Đừng Làm Trái Tim Anh Đau,Sơn Tùng M-TP,,APPLE_MUSIC
2025-11-12,18,Không Thể Say,HIEUTHUHAI,,APPLE_MUSIC
2025-11-12,19,NGƯỜI ĐẦU TIÊN,Juky San,,APPLE_MUSIC
2025-11-12,20,Phép Màu [Đàn Cá Gỗ Original Soundtrack],MAYDAYs,Minh Tốc & Lam,APPLE_MUSIC
2025-11-12,21,Người Đầu Tiên,Juky San,buitruonglinh,APPLE_MUSIC
2025-11-12,22,Anh Nhớ Ra,Vũ.,TRANG,APPLE_MUSIC
2025-11-12,23,Tháng Năm,SOOBIN,,APPLE_MUSIC
2025-11-12,24,Có Em Là Nhà,MIN,,APPLE_MUSIC
2025-11-12,25,DANCING IN THE DARK,SOOBIN,,APPLE_MUSIC
2025-11-12,26,Love Game,Low G,tlinh,APPLE_MUSIC
2025-11-12,27,ƯỚC ANH TAN NÁT CON TIM,Phùng Khánh Linh,,APPLE_MUSIC
2025-11-12,28,Hà Nội,Obito,"Shiki, VSTRA",APPLE_MUSIC
2025-11-12,29,giá như,SOOBIN,,APPLE_MUSIC
2025-11-12,30,PHÓNG ZÌN ZÌN,tlinh,Low G,APPLE_MUSIC
2025-11-12,31,ĐOẠN KỊCH CÂM,ANH TRAI SAY HI,"CONGB, Negav, B Ray, CODYNAMVO, Phạm Đình Thái Ngân, Mỹ Mỹ",APPLE_MUSIC
2025-11-12,32,HIỆN THỰC PHŨ PHÀNG,Phùng Khánh Linh,,APPLE_MUSIC
2025-11-12,33,đưa em về nhàa,GREY D,Chillies,APPLE_MUSIC
2025-11-12,34,phải viết bao nhiêu bản tình ca,MIN,,APPLE_MUSIC
2025-11-12,35,Panorama,Richie D. ICY,Obito,APPLE_MUSIC
2025-11-12,37,Nếu Những Tiếc Nuối,Vũ.,,APPLE_MUSIC
2025-11-12,38,CỜ NGƯỜI,Phùng Khánh Linh,,APPLE_MUSIC
2025-11-12,39,Có Đôi Điều,Shiki,,APPLE_MUSIC
2025-11-12,40,Anh Đã Không Biết Cách Yêu Em,Quang Đăng Trần,,APPLE_MUSIC
2025-11-12,41,NOLOVENOLIFE,HIEUTHUHAI,,APPLE_MUSIC
2025-11-12,42,Còn Gì Đẹp Hơn (Mưa Đỏ Original Soundtrack),Nguyễn Hùng,,APPLE_MUSIC
2025-11-12,43,Không Thời Gian,Dương Domic,,APPLE_MUSIC
2025-11-12,44,vaicaunoicokhiennguoithaydoi,GREY D,tlinh,APPLE_MUSIC
2025-11-12,46,LOSER,MIN,Chillies,APPLE_MUSIC
2025-11-12,47,TÂM SỰ VỚI ĐÊM MỘT MÌNH,Phùng Khánh Linh,,APPLE_MUSIC
2025-11-12,48,Anh Đã Quen Với Cô Đơn,SOOBIN,,APPLE_MUSIC
2025-11-12,49,Lạ Lùng,Vũ.,,APPLE_MUSIC
2025-11-12,50,Thanh Xuân,Da LAB,,APPLE_MUSIC
2025-11-12,51,nếu lúc đó,tlinh,2pillz,APPLE_MUSIC
2025-11-12,52,"(từng là) Boyfriend, Girlfriend",MIN,,APPLE_MUSIC
2025-11-12,53,Ngày Này Năm Ấy,Viet Anh,,APPLE_MUSIC
2025-11-12,54,LINH CẢM,Phùng Khánh Linh,,APPLE_MUSIC
2025-11-12,55,Từng Quen,Wren Evans,itsnk,APPLE_MUSIC
2025-11-12,56,Yêu 5,Rhymastic,,APPLE_MUSIC
2025-11-12,57,Exit Sign,HIEUTHUHAI,marzuz,APPLE_MUSIC
2025-11-12,59,Chăm Hoa,MONO,,APPLE_MUSIC
2025-11-12,61,1000 Ánh Mắt,Shiki,Obito,APPLE_MUSIC
2025-11-12,62,Pin Dự Phòng,Dương Domic,Lou Hoàng,APPLE_MUSIC
2025-11-12,64,Nàng Thơ,Hoàng Dũng,,APPLE_MUSIC
2025-11-12,65,Wrong Times,Puppy,Dangrangto,APPLE_MUSIC
2025-11-12,67,ÁM ẢNH VỀ ANH,Phùng Khánh Linh,,APPLE_MUSIC
2025-11-12,68,ĐIỀU EM KHÔNG MUỐN,Phùng Khánh Linh,,APPLE_MUSIC
2025-11-12,69,Thằng Điên,JustaTee,Phương Ly,APPLE_MUSIC
2025-11-12,70,Đoạn Kết Mới,Hoàng Dũng,,APPLE_MUSIC
2025-11-12,71,Đánh Đổi,Obito,"Shiki, RPT MCK",APPLE_MUSIC
2025-11-12,72,Điều Em Khó Nói,MIN,,APPLE_MUSIC
2025-11-12,74,GÃ SĂN CÁ,EM XINH SAY HI,"Lâm Bảo Ngọc, Quỳnh Anh Shyn, MAIQUINN, Saabirose, Quang Hùng MasterD",APPLE_MUSIC
2025-11-12,75,Bước Qua Mùa Cô Đơn,Vũ.,,APPLE_MUSIC
2025-11-12,76,Những Lời Hứa Bỏ Quên,Vũ.,Dear Jane,APPLE_MUSIC
2025-11-12,78,Giữ Anh Cho Ngày Hôm Qua,Hoàng Dũng,"Rhymastic, LELAREC",APPLE_MUSIC
2025-11-12,79,KHÓC BLÓCK,Phùng Khánh Linh,,APPLE_MUSIC
2025-11-12,80,vết thương,Fishy,,APPLE_MUSIC
2025-11-12,82,Feel At Home,B Ray,,APPLE_MUSIC
2025-11-12,83,Nước Mắt Cá Sấu,HIEUTHUHAI,,APPLE_MUSIC
2025-11-12,84,HƠN LÀ BẠN,ANH TRAI SAY HI,"Ngô Kiến Huy, Vũ Cát Tường, Karik, VƯƠNG BÌNH, Sơn.K, MIN",APPLE_MUSIC
2025-11-12,85,dự báo thời tiết hôm nay mưa,GREY D,,APPLE_MUSIC
2025-11-12,87,Giờ Thì,buitruonglinh,,APPLE_MUSIC
2025-11-12,88,Chìm Sâu,RPT MCK,Trung Trần,APPLE_MUSIC
2025-11-12,89,Mùa Mưa Ấy,Vũ.,,APPLE_MUSIC
2025-11-12,90,HÃY NÓI ANH SAI RỒI,Phùng Khánh Linh,,APPLE_MUSIC
2025-11-12,93,Anh Đã Ổn Hơn,RPT MCK,,APPLE_MUSIC
2025-11-12,94,Missing You,Phương Ly,,APPLE_MUSIC
2025-11-12,95,Vài Lần Đón Đưa,SOOBIN,SpaceSpeakers,APPLE_MUSIC
2025-11-12,96,Tình Nhân Ơi,Orange,Binz,APPLE_MUSIC
2025-11-12,98,The Playah (Special Performance),SOOBIN,,APPLE_MUSIC
2025-11-12,99,NGƯỜI YÊU CHƯA SINH RA,ANH TRAI SAY HI,"Ogenus, BigDaddy, Phúc Du, HUSTLANG Robber, Dillan Hoàng Phan",APPLE_MUSIC
2025-11-12,100,Chuyện Đôi Ta,Emcee L (Da LAB),Muộii (Starry Night),APPLE_MUSIC
2025-11-13,1,chẳng phải tình đầu sao đau đến thế,MIN,"Dangrangto, antransax",APPLE_MUSIC
2025-11-13,2,SỚM MUỘN THÌ,ANH TRAI SAY HI,"Hustlang Robber, Nhâm Phương Nam, Mason nguyen, Jaysonlei, Khoi Vu, LAMOON",APPLE_MUSIC
2025-11-13,3,Em,Binz,,APPLE_MUSIC
2025-11-13,4,In Love,Low G,JustaTee,APPLE_MUSIC
2025-11-13,5,ANH LÀ THẰNG TỒI,Phùng Khánh Linh,,APPLE_MUSIC
2025-11-13,6,Không Buông,Hngle,Ari,APPLE_MUSIC
2025-11-13,7,EM ĐAU,Phùng Khánh Linh,Thành Luke,APPLE_MUSIC
2025-11-13,8,Kho Báu,STRONG,"Rhymastic, Rhymastic",APPLE_MUSIC
2025-11-13,9,KHÔNG ĐAU NỮA RỒI,EM XINH SAY HI,"Orange, Châu Bùi, Mỹ Mỹ, Pháp Kiều, 52Hz",APPLE_MUSIC
2025-11-13,10,Mất Kết Nối,Dương Domic,,APPLE_MUSIC
2025-11-13,11,Mục Hạ Vô Nhân,SOOBIN,"Huỳnh Tú, Binz",APPLE_MUSIC
2025-11-13,12,NGƯỜI NHƯ ANH XỨNG ĐÁNG CÔ ĐƠN,ANH TRAI SAY HI,"Vũ Cát Tường, Karik, Negav, Ngô Kiến Huy, Jey B",APPLE_MUSIC
2025-11-13,13,Chế Độ Im Lặng,MIN,,APPLE_MUSIC
2025-11-13,14,Quá Muộn,MIN,,APPLE_MUSIC
2025-11-13,15,Vùng An Toàn,B Ray,V#,APPLE_MUSIC
2025-11-13,16,Bình Yên,Vũ.,Binz,APPLE_MUSIC
2025-11-13,17,Đừng Làm Trái Tim Anh Đau,Sơn Tùng M-TP,,APPLE_MUSIC
2025-11-13,18,NGƯỜI ĐẦU TIÊN,Juky San,,APPLE_MUSIC
2025-11-13,19,Không Thể Say,HIEUTHUHAI,,APPLE_MUSIC
2025-11-13,20,Phép Màu [Đàn Cá Gỗ Original Soundtrack],MAYDAYs,Minh Tốc & Lam,APPLE_MUSIC
2025-11-13,21,Anh Nhớ Ra,Vũ.,TRANG,APPLE_MUSIC
2025-11-13,22,Người Đầu Tiên,Juky San,buitruonglinh,APPLE_MUSIC
2025-11-13,23,Tháng Năm,SOOBIN,,APPLE_MUSIC
2025-11-13,24,DANCING IN THE DARK,SOOBIN,,APPLE_MUSIC
2025-11-13,25,Love Game,Low G,tlinh,APPLE_MUSIC
2025-11-13,26,Có Em Là Nhà,MIN,,APPLE_MUSIC
2025-11-13,27,Hà Nội,Obito,"Shiki, VSTRA",APPLE_MUSIC
2025-11-13,28,giá như,SOOBIN,,APPLE_MUSIC
2025-11-13,29,ƯỚC ANH TAN NÁT CON TIM,Phùng Khánh Linh,,APPLE_MUSIC
2025-11-13,30,PHÓNG ZÌN ZÌN,tlinh,Low G,APPLE_MUSIC
2025-11-13,31,Nếu Những Tiếc Nuối,Vũ.,,APPLE_MUSIC
2025-11-13,32,phải viết bao nhiêu bản tình ca,MIN,,APPLE_MUSIC
2025-11-13,33,Có Đôi Điều,Shiki,,APPLE_MUSIC
2025-11-13,34,Anh Đã Không Biết Cách Yêu Em,Quang Đăng Trần,,APPLE_MUSIC
2025-11-13,35,ĐOẠN KỊCH CÂM,ANH TRAI SAY HI,"CONGB, Negav, B Ray, CODYNAMVO, Phạm Đình Thái Ngân, Mỹ Mỹ",APPLE_MUSIC
2025-11-13,37,đưa em về nhàa,GREY D,Chillies,APPLE_MUSIC
2025-11-13,38,HIỆN THỰC PHŨ PHÀNG,Phùng Khánh Linh,,APPLE_MUSIC
2025-11-13,39,Còn Gì Đẹp Hơn (Mưa Đỏ Original Soundtrack),Nguyễn Hùng,,APPLE_MUSIC
2025-11-13,40,Panorama,Richie D. ICY,Obito,APPLE_MUSIC
2025-11-13,41,CỜ NGƯỜI,Phùng Khánh Linh,,APPLE_MUSIC
2025-11-13,43,NOLOVENOLIFE,HIEUTHUHAI,,APPLE_MUSIC
2025-11-13,44,Không Thời Gian,Dương Domic,,APPLE_MUSIC
2025-11-13,45,nếu lúc đó,tlinh,2pillz,APPLE_MUSIC
2025-11-13,46,vaicaunoicokhiennguoithaydoi,GREY D,tlinh,APPLE_MUSIC
2025-11-13,47,Thanh Xuân,Da LAB,,APPLE_MUSIC
2025-11-13,48,Anh Đã Quen Với Cô Đơn,SOOBIN,,APPLE_MUSIC
2025-11-13,49,LOSER,MIN,Chillies,APPLE_MUSIC
2025-11-13,50,Ngày Này Năm Ấy,Viet Anh,,APPLE_MUSIC
2025-11-13,51,TÂM SỰ VỚI ĐÊM MỘT MÌNH,Phùng Khánh Linh,,APPLE_MUSIC
2025-11-13,52,"(từng là) Boyfriend, Girlfriend",MIN,,APPLE_MUSIC
2025-11-13,53,Lạ Lùng,Vũ.,,APPLE_MUSIC
2025-11-13,54,Pin Dự Phòng,Dương Domic,Lou Hoàng,APPLE_MUSIC
2025-11-13,55,Yêu 5,Rhymastic,,APPLE_MUSIC
2025-11-13,56,Từng Quen,Wren Evans,itsnk,APPLE_MUSIC
2025-11-13,58,Exit Sign,HIEUTHUHAI,marzuz,APPLE_MUSIC
2025-11-13,60,LINH CẢM,Phùng Khánh Linh,,APPLE_MUSIC
2025-11-13,61,1000 Ánh Mắt,Shiki,Obito,APPLE_MUSIC
2025-11-13,63,Đoạn Kết Mới,Hoàng Dũng,,APPLE_MUSIC
2025-11-13,64,Wrong Times,Puppy,Dangrangto,APPLE_MUSIC
2025-11-13,66,Ước anh nhiều nỗi buồn,Charmy Pham,,APPLE_MUSIC
2025-11-13,67,Chăm Hoa,MONO,,APPLE_MUSIC
2025-11-13,68,Đánh Đổi,Obito,"Shiki, RPT MCK",APPLE_MUSIC
2025-11-13,69,Bước Qua Mùa Cô Đơn,Vũ.,,APPLE_MUSIC
2025-11-13,70,Nàng Thơ,Hoàng Dũng,,APPLE_MUSIC
2025-11-13,71,Thằng Điên,JustaTee,Phương Ly,APPLE_MUSIC
2025-11-13,73,Những Lời Hứa Bỏ Quên,Vũ.,Dear Jane,APPLE_MUSIC
2025-11-13,74,GÃ SĂN CÁ,EM XINH SAY HI,"Lâm Bảo Ngọc, Quỳnh Anh Shyn, MAIQUINN, Saabirose, Quang Hùng MasterD",APPLE_MUSIC
2025-11-13,76,ĐIỀU EM KHÔNG MUỐN,Phùng Khánh Linh,,APPLE_MUSIC
2025-11-13,78,ÁM ẢNH VỀ ANH,Phùng Khánh Linh,,APPLE_MUSIC
2025-11-13,79,Feel At Home,B Ray,,APPLE_MUSIC
2025-11-13,80,Giữ Anh Cho Ngày Hôm Qua,Hoàng Dũng,"Rhymastic, LELAREC",APPLE_MUSIC
2025-11-13,81,Điều Em Khó Nói,MIN,,APPLE_MUSIC
2025-11-13,82,Giờ Thì,buitruonglinh,,APPLE_MUSIC
2025-11-13,83,vết thương,Fishy,,APPLE_MUSIC
2025-11-13,84,Mùa Mưa Ấy,Vũ.,,APPLE_MUSIC
2025-11-13,85,Nước Mắt Cá Sấu,HIEUTHUHAI,,APPLE_MUSIC
2025-11-13,87,KHÓC BLÓCK,Phùng Khánh Linh,,APPLE_MUSIC
2025-11-13,88,HƠN LÀ BẠN,ANH TRAI SAY HI,"Ngô Kiến Huy, Vũ Cát Tường, Karik, VƯƠNG BÌNH, Sơn.K, MIN",APPLE_MUSIC
2025-11-13,89,Tình Nhân Ơi,Orange,Binz,APPLE_MUSIC
2025-11-13,91,Chìm Sâu,RPT MCK,Trung Trần,APPLE_MUSIC
2025-11-13,92,Missing You,Phương Ly,,APPLE_MUSIC
2025-11-13,93,Vài Lần Đón Đưa,SOOBIN,SpaceSpeakers,APPLE_MUSIC
2025-11-13,94,NGƯỜI YÊU CHƯA SINH RA,ANH TRAI SAY HI,"Ogenus, BigDaddy, Phúc Du, HUSTLANG Robber, Dillan Hoàng Phan",APPLE_MUSIC
2025-11-13,97,HÃY NÓI ANH SAI RỒI,Phùng Khánh Linh,,APPLE_MUSIC
2025-11-13,98,dự báo thời tiết hôm nay mưa,GREY D,,APPLE_MUSIC
2025-11-13,99,Chuyện Đôi Ta),Emcee L Da LAB,Muộii (Starry Night,APPLE_MUSIC
2025-11-13,100,The Playah (Special Performance),SOOBIN,,APPLE_MUSIC
2025-11-14,1,chẳng phải tình đầu sao đau đến thế,MIN,"Dangrangto, antransax",APPLE_MUSIC
2025-11-14,2,SỚM MUỘN THÌ,ANH TRAI SAY HI,"Hustlang Robber, Nhâm Phương Nam, Mason nguyen, Jaysonlei, Khoi Vu, LAMOON",APPLE_MUSIC
2025-11-14,3,Em,Binz,,APPLE_MUSIC
2025-11-14,4,In Love,Low G,JustaTee,APPLE_MUSIC
2025-11-14,5,Không Buông,Hngle,Ari,APPLE_MUSIC
2025-11-14,6,ANH LÀ THẰNG TỒI,Phùng Khánh Linh,,APPLE_MUSIC
2025-11-14,7,Mục Hạ Vô Nhân,SOOBIN,"Huỳnh Tú, Binz",APPLE_MUSIC
2025-11-14,8,Chế Độ Im Lặng,MIN,,APPLE_MUSIC
2025-11-14,9,Quá Muộn,MIN,,APPLE_MUSIC
2025-11-14,10,KHÔNG ĐAU NỮA RỒI,EM XINH SAY HI,"Orange, Châu Bùi, Mỹ Mỹ, Pháp Kiều, 52Hz",APPLE_MUSIC
2025-11-14,11,EM ĐAU,Phùng Khánh Linh,Thành Luke,APPLE_MUSIC
2025-11-14,12,Người Đầu Tiên,Juky San,buitruonglinh,APPLE_MUSIC
2025-11-14,13,NGƯỜI NHƯ ANH XỨNG ĐÁNG CÔ ĐƠN,ANH TRAI SAY HI,"Vũ Cát Tường, Karik, Negav, Ngô Kiến Huy, Jey B",APPLE_MUSIC
2025-11-14,14,Kho Báu,STRONG,"Rhymastic, Rhymastic",APPLE_MUSIC
2025-11-14,15,Mất Kết Nối,Dương Domic,,APPLE_MUSIC
2025-11-14,16,NGƯỜI ĐẦU TIÊN,Juky San,,APPLE_MUSIC
2025-11-14,17,Vùng An Toàn,B Ray,V#,APPLE_MUSIC
2025-11-14,18,Có Em Là Nhà,MIN,,APPLE_MUSIC
2025-11-14,19,Không Thể Say,HIEUTHUHAI,,APPLE_MUSIC
2025-11-14,20,ĐOẠN KỊCH CÂM,ANH TRAI SAY HI,"CONGB, Negav, B Ray, CODYNAMVO, Phạm Đình Thái Ngân, Mỹ Mỹ",APPLE_MUSIC
2025-11-14,21,DANCING IN THE DARK,SOOBIN,,APPLE_MUSIC
2025-11-14,22,Phép Màu [Đàn Cá Gỗ Original Soundtrack],MAYDAYs,Minh Tốc & Lam,APPLE_MUSIC
2025-11-14,23,Anh Nhớ Ra,Vũ.,TRANG,APPLE_MUSIC
2025-11-14,24,Đừng Làm Trái Tim Anh Đau,Sơn Tùng M-TP,,APPLE_MUSIC
2025-11-14,25,Bình Yên,Vũ.,Binz,APPLE_MUSIC
2025-11-14,26,Tháng Năm,SOOBIN,,APPLE_MUSIC
2025-11-14,28,giá như,SOOBIN,,APPLE_MUSIC
2025-11-14,29,Hà Nội,Obito,"Shiki, VSTRA",APPLE_MUSIC
2025-11-14,30,phải viết bao nhiêu bản tình ca,MIN,,APPLE_MUSIC
2025-11-14,31,HIỆN THỰC PHŨ PHÀNG,Phùng Khánh Linh,,APPLE_MUSIC
2025-11-14,32,Love Game,Low G,tlinh,APPLE_MUSIC
2025-11-14,33,ƯỚC ANH TAN NÁT CON TIM,Phùng Khánh Linh,,APPLE_MUSIC
2025-11-14,34,Anh Đã Không Biết Cách Yêu Em,Quang Đăng Trần,,APPLE_MUSIC
2025-11-14,35,Nếu Những Tiếc Nuối,Vũ.,,APPLE_MUSIC
2025-11-14,36,PHÓNG ZÌN ZÌN,tlinh,Low G,APPLE_MUSIC
2025-11-14,37,Không Thời Gian,Dương Domic,,APPLE_MUSIC
2025-11-14,38,đưa em về nhàa,GREY D,Chillies,APPLE_MUSIC
2025-11-14,39,Có Đôi Điều,Shiki,,APPLE_MUSIC
2025-11-14,40,NOLOVENOLIFE,HIEUTHUHAI,,APPLE_MUSIC
2025-11-14,41,CỜ NGƯỜI,Phùng Khánh Linh,,APPLE_MUSIC
2025-11-14,42,Panorama,Richie D. ICY,Obito,APPLE_MUSIC
2025-11-14,43,nếu lúc đó,tlinh,2pillz,APPLE_MUSIC
2025-11-14,44,Thanh Xuân,Da LAB,,APPLE_MUSIC
2025-11-14,46,LOSER,MIN,Chillies,APPLE_MUSIC
2025-11-14,47,Pin Dự Phòng,Dương Domic,Lou Hoàng,APPLE_MUSIC
2025-11-14,48,Còn Gì Đẹp Hơn (Mưa Đỏ Original Soundtrack),Nguyễn Hùng,,APPLE_MUSIC
2025-11-14,49,Ngày Này Năm Ấy,Viet Anh,,APPLE_MUSIC
2025-11-14,50,Lạ Lùng,Vũ.,,APPLE_MUSIC
2025-11-14,51,vaicaunoicokhiennguoithaydoi,GREY D,tlinh,APPLE_MUSIC
2025-11-14,52,Anh Đã Quen Với Cô Đơn,SOOBIN,,APPLE_MUSIC
2025-11-14,53,"(từng là) Boyfriend, Girlfriend",MIN,,APPLE_MUSIC
2025-11-14,54,TÂM SỰ VỚI ĐÊM MỘT MÌNH,Phùng Khánh Linh,,APPLE_MUSIC
2025-11-14,55,Yêu 5,Rhymastic,,APPLE_MUSIC
2025-11-14,56,Ước anh nhiều nỗi buồn,Charmy Pham,,APPLE_MUSIC
2025-11-14,58,Nàng Thơ,Hoàng Dũng,,APPLE_MUSIC
2025-11-14,59,Wrong Times,Puppy,Dangrangto,APPLE_MUSIC
2025-11-14,60,LINH CẢM,Phùng Khánh Linh,,APPLE_MUSIC
2025-11-14,61,Bước Qua Mùa Cô Đơn,Vũ.,,APPLE_MUSIC
2025-11-14,62,Đoạn Kết Mới,Hoàng Dũng,,APPLE_MUSIC
2025-11-14,64,HƠN LÀ BẠN,ANH TRAI SAY HI,"Ngô Kiến Huy, Vũ Cát Tường, Karik, VƯƠNG BÌNH, Sơn.K, MIN",APPLE_MUSIC
2025-11-14,67,Thằng Điên,JustaTee,Phương Ly,APPLE_MUSIC
2025-11-14,68,Những Lời Hứa Bỏ Quên,Vũ.,Dear Jane,APPLE_MUSIC
2025-11-14,69,Đánh Đổi,Obito,"Shiki, RPT MCK",APPLE_MUSIC
2025-11-14,70,Từng Quen,Wren Evans,itsnk,APPLE_MUSIC
2025-11-14,72,Giữ Anh Cho Ngày Hôm Qua,Hoàng Dũng,"Rhymastic, LELAREC",APPLE_MUSIC
2025-11-14,73,1000 Ánh Mắt,Shiki,Obito,APPLE_MUSIC
2025-11-14,74,GÃ SĂN CÁ,EM XINH SAY HI,"Lâm Bảo Ngọc, Quỳnh Anh Shyn, MAIQUINN, Saabirose, Quang Hùng MasterD",APPLE_MUSIC
2025-11-14,76,Giờ Thì,buitruonglinh,,APPLE_MUSIC
2025-11-14,77,vết thương,Fishy,,APPLE_MUSIC
2025-11-14,79,ĐIỀU EM KHÔNG MUỐN,Phùng Khánh Linh,,APPLE_MUSIC
2025-11-14,80,ÁM ẢNH VỀ ANH,Phùng Khánh Linh,,APPLE_MUSIC
2025-11-14,81,Chăm Hoa,MONO,,APPLE_MUSIC
2025-11-14,82,Điều Em Khó Nói,MIN,,APPLE_MUSIC
2025-11-14,83,Exit Sign,HIEUTHUHAI,marzuz,APPLE_MUSIC
2025-11-14,84,Feel At Home,B Ray,,APPLE_MUSIC
2025-11-14,85,Past Won't Leave My Bed,Joji,,APPLE_MUSIC
2025-11-14,87,Mùa Mưa Ấy,Vũ.,,APPLE_MUSIC
2025-11-14,88,dự báo thời tiết hôm nay mưa,GREY D,,APPLE_MUSIC
2025-11-14,89,Nước Mắt Cá Sấu,HIEUTHUHAI,,APPLE_MUSIC
2025-11-14,90,Vài Lần Đón Đưa,SOOBIN,SpaceSpeakers,APPLE_MUSIC
2025-11-14,91,Chằn Tinh,LYHAN,,APPLE_MUSIC
2025-11-14,92,Chìm Sâu,RPT MCK,Trung Trần,APPLE_MUSIC
2025-11-14,93,Tình Nhân Ơi,Orange,Binz,APPLE_MUSIC
2025-11-14,94,NGƯỜI YÊU CHƯA SINH RA,ANH TRAI SAY HI,"Ogenus, BigDaddy, Phúc Du, HUSTLANG Robber, Dillan Hoàng Phan",APPLE_MUSIC
2025-11-14,95,Anh Đã Ổn Hơn,RPT MCK,,APPLE_MUSIC
2025-11-14,96,Missing You,Phương Ly,,APPLE_MUSIC
2025-11-14,97,Chuyện Đôi Ta),Emcee L Da LAB,Muộii (Starry Night,APPLE_MUSIC
2025-11-14,98,Ngày Đầu Tiên,Đức Phúc,,APPLE_MUSIC
2025-11-14,99,để tôi ôm em bằng giai điệu này,Kai Đinh,"GREY D, MIN",APPLE_MUSIC
2025-11-15,1,chẳng phải tình đầu sao đau đến thế,MIN,"Dangrangto, antransax",APPLE_MUSIC
2025-11-15,2,SỚM MUỘN THÌ,ANH TRAI SAY HI,"Hustlang Robber, Nhâm Phương Nam, Mason nguyen, Jaysonlei, Khoi Vu, LAMOON",APPLE_MUSIC
2025-11-15,3,Em,Binz,,APPLE_MUSIC
2025-11-15,4,In Love,Low G,JustaTee,APPLE_MUSIC
2025-11-15,5,Không Buông,Hngle,Ari,APPLE_MUSIC
2025-11-15,6,ANH LÀ THẰNG TỒI,Phùng Khánh Linh,,APPLE_MUSIC
2025-11-15,7,Chế Độ Im Lặng,MIN,,APPLE_MUSIC
2025-11-15,8,Mục Hạ Vô Nhân,SOOBIN,"Huỳnh Tú, Binz",APPLE_MUSIC
2025-11-15,9,Quá Muộn,MIN,,APPLE_MUSIC
2025-11-15,10,Người Đầu Tiên,Juky San,buitruonglinh,APPLE_MUSIC
2025-11-15,11,EM ĐAU,Phùng Khánh Linh,Thành Luke,APPLE_MUSIC
2025-11-15,12,KHÔNG ĐAU NỮA RỒI,EM XINH SAY HI,"Orange, Châu Bùi, Mỹ Mỹ, Pháp Kiều, 52Hz",APPLE_MUSIC
2025-11-15,13,Có Em Là Nhà,MIN,,APPLE_MUSIC
2025-11-15,14,NGƯỜI NHƯ ANH XỨNG ĐÁNG CÔ ĐƠN,ANH TRAI SAY HI,"Vũ Cát Tường, Karik, Negav, Ngô Kiến Huy, Jey B",APPLE_MUSIC
2025-11-15,15,Mất Kết Nối,Dương Domic,,APPLE_MUSIC
2025-11-15,16,NGƯỜI ĐẦU TIÊN,Juky San,,APPLE_MUSIC
2025-11-15,17,ĐOẠN KỊCH CÂM,ANH TRAI SAY HI,"CONGB, Negav, B Ray, CODYNAMVO, Phạm Đình Thái Ngân, Mỹ Mỹ",APPLE_MUSIC
2025-11-15,18,DANCING IN THE DARK,SOOBIN,,APPLE_MUSIC
2025-11-15,19,Vùng An Toàn,B Ray,V#,APPLE_MUSIC
2025-11-15,20,Anh Nhớ Ra,Vũ.,TRANG,APPLE_MUSIC
2025-11-15,21,Không Thể Say,HIEUTHUHAI,,APPLE_MUSIC
2025-11-15,22,Phép Màu [Đàn Cá Gỗ Original Soundtrack],MAYDAYs,Minh Tốc & Lam,APPLE_MUSIC
2025-11-15,23,Kho Báu,STRONG,"Rhymastic, Rhymastic",APPLE_MUSIC
2025-11-15,24,Tháng Năm,SOOBIN,,APPLE_MUSIC
2025-11-15,25,Đừng Làm Trái Tim Anh Đau,Sơn Tùng M-TP,,APPLE_MUSIC
2025-11-15,26,Bình Yên,Vũ.,Binz,APPLE_MUSIC
2025-11-15,28,phải viết bao nhiêu bản tình ca,MIN,,APPLE_MUSIC
2025-11-15,29,Hà Nội,Obito,"Shiki, VSTRA",APPLE_MUSIC
2025-11-15,30,HIỆN THỰC PHŨ PHÀNG,Phùng Khánh Linh,,APPLE_MUSIC
2025-11-15,31,giá như,SOOBIN,,APPLE_MUSIC
2025-11-15,32,Anh Đã Không Biết Cách Yêu Em,Quang Đăng Trần,,APPLE_MUSIC
2025-11-15,33,Nếu Những Tiếc Nuối,Vũ.,,APPLE_MUSIC
2025-11-15,34,Love Game,Low G,tlinh,APPLE_MUSIC
2025-11-15,35,ƯỚC ANH TAN NÁT CON TIM,Phùng Khánh Linh,,APPLE_MUSIC
2025-11-15,36,đưa em về nhàa,GREY D,Chillies,APPLE_MUSIC
2025-11-15,37,Không Thời Gian,Dương Domic,,APPLE_MUSIC
2025-11-15,38,PHÓNG ZÌN ZÌN,tlinh,Low G,APPLE_MUSIC
2025-11-15,39,LOSER,MIN,Chillies,APPLE_MUSIC
2025-11-15,40,NOLOVENOLIFE,HIEUTHUHAI,,APPLE_MUSIC
2025-11-15,41,CỜ NGƯỜI,Phùng Khánh Linh,,APPLE_MUSIC
2025-11-15,42,Thanh Xuân,Da LAB,,APPLE_MUSIC
2025-11-15,43,Pin Dự Phòng,Dương Domic,Lou Hoàng,APPLE_MUSIC
2025-11-15,44,Có Đôi Điều,Shiki,,APPLE_MUSIC
2025-11-15,45,vaicaunoicokhiennguoithaydoi,GREY D,tlinh,APPLE_MUSIC
2025-11-15,46,Còn Gì Đẹp Hơn (Mưa Đỏ Original Soundtrack),Nguyễn Hùng,,APPLE_MUSIC
2025-11-15,48,Anh Đã Quen Với Cô Đơn,SOOBIN,,APPLE_MUSIC
2025-11-15,49,Panorama,Richie D. ICY,Obito,APPLE_MUSIC
2025-11-15,50,nếu lúc đó,tlinh,2pillz,APPLE_MUSIC
2025-11-15,51,Lạ Lùng,Vũ.,,APPLE_MUSIC
2025-11-15,52,Ngày Này Năm Ấy,Viet Anh,,APPLE_MUSIC
2025-11-15,53,TÂM SỰ VỚI ĐÊM MỘT MÌNH,Phùng Khánh Linh,,APPLE_MUSIC
2025-11-15,54,"(từng là) Boyfriend, Girlfriend",MIN,,APPLE_MUSIC
2025-11-15,55,Ước anh nhiều nỗi buồn,Charmy Pham,,APPLE_MUSIC
2025-11-15,58,Nàng Thơ,Hoàng Dũng,,APPLE_MUSIC
2025-11-15,59,Yêu 5,Rhymastic,,APPLE_MUSIC
2025-11-15,60,Bước Qua Mùa Cô Đơn,Vũ.,,APPLE_MUSIC
2025-11-15,61,HƠN LÀ BẠN,ANH TRAI SAY HI,"Ngô Kiến Huy, Vũ Cát Tường, Karik, VƯƠNG BÌNH, Sơn.K, MIN",APPLE_MUSIC
2025-11-15,62,Đoạn Kết Mới,Hoàng Dũng,,APPLE_MUSIC
2025-11-15,63,Wrong Times,Puppy,Dangrangto,APPLE_MUSIC
2025-11-15,66,LINH CẢM,Phùng Khánh Linh,,APPLE_MUSIC
2025-11-15,67,Thằng Điên,JustaTee,Phương Ly,APPLE_MUSIC
2025-11-15,68,Giữ Anh Cho Ngày Hôm Qua,Hoàng Dũng,"Rhymastic, LELAREC",APPLE_MUSIC
2025-11-15,69,Những Lời Hứa Bỏ Quên,Vũ.,Dear Jane,APPLE_MUSIC
2025-11-15,70,Feel At Home,B Ray,,APPLE_MUSIC
2025-11-15,71,Past Won't Leave My Bed,Joji,,APPLE_MUSIC
2025-11-15,72,Đánh Đổi,Obito,"Shiki, RPT MCK",APPLE_MUSIC
2025-11-15,73,Từng Quen,Wren Evans,itsnk,APPLE_MUSIC
2025-11-15,74,Giờ Thì,buitruonglinh,,APPLE_MUSIC
2025-11-15,76,vết thương,Fishy,,APPLE_MUSIC
2025-11-15,78,1000 Ánh Mắt,Shiki,Obito,APPLE_MUSIC
2025-11-15,80,Mùa Mưa Ấy,Vũ.,,APPLE_MUSIC
2025-11-15,81,Chăm Hoa,MONO,,APPLE_MUSIC
2025-11-15,82,ÁM ẢNH VỀ ANH,Phùng Khánh Linh,,APPLE_MUSIC
2025-11-15,83,ĐIỀU EM KHÔNG MUỐN,Phùng Khánh Linh,,APPLE_MUSIC
2025-11-15,84,GÃ SĂN CÁ,EM XINH SAY HI,"Lâm Bảo Ngọc, Quỳnh Anh Shyn, MAIQUINN, Saabirose, Quang Hùng MasterD",APPLE_MUSIC
2025-11-15,85,Điều Em Khó Nói,MIN,,APPLE_MUSIC
2025-11-15,86,Exit Sign,HIEUTHUHAI,marzuz,APPLE_MUSIC
2025-11-15,88,Nước Mắt Cá Sấu,HIEUTHUHAI,,APPLE_MUSIC
2025-11-15,89,Vài Lần Đón Đưa,SOOBIN,SpaceSpeakers,APPLE_MUSIC
2025-11-15,90,Chằn Tinh,LYHAN,,APPLE_MUSIC
2025-11-15,91,Chìm Sâu,RPT MCK,Trung Trần,APPLE_MUSIC
2025-11-15,93,Anh Đã Ổn Hơn,RPT MCK,,APPLE_MUSIC
2025-11-15,94,Tình Nhân Ơi,Orange,Binz,APPLE_MUSIC
2025-11-15,95,NGƯỜI YÊU CHƯA SINH RA,ANH TRAI SAY HI,"Ogenus, BigDaddy, Phúc Du, HUSTLANG Robber, Dillan Hoàng Phan",APPLE_MUSIC
2025-11-15,96,Chuyện Đôi Ta),Emcee L Da LAB,Muộii (Starry Night,APPLE_MUSIC
2025-11-15,97,Gác Lại Âu Lo,Da LAB,Miu Lê,APPLE_MUSIC
2025-11-15,98,The Playah (Special Performance),SOOBIN,,APPLE_MUSIC
2025-11-15,99,Missing You,Phương Ly,,APPLE_MUSIC
2025-11-15,100,để tôi ôm em bằng giai điệu này,Kai Đinh,"GREY D, MIN",APPLE_MUSIC
2025-12-11,1,chẳng phải tình đầu sao đau đến thế,MIN,"Dangrangto, antransax",APPLE_MUSIC
2025-12-11,3,CHỜ ANH VỀ,ANH TRAI SAY HI,"B Ray, AMEE",APPLE_MUSIC
2025-12-11,4,SỚM MUỘN THÌ,ANH TRAI SAY HI,"Hustlang Robber, Nhâm Phương Nam, Mason nguyen, Jaysonlei, Khoi Vu, LAMOON",APPLE_MUSIC
2025-12-11,5,hello em có khỏe không,Dfoxie37,myhoa & Tuann,APPLE_MUSIC
2025-12-11,6,In Love,Low G,JustaTee,APPLE_MUSIC
2025-12-11,7,Không Buông,Hngle,Ari,APPLE_MUSIC
2025-12-11,8,Chế Độ Im Lặng,MIN,,APPLE_MUSIC
2025-12-11,9,ANH LÀ THẰNG TỒI,Phùng Khánh Linh,,APPLE_MUSIC
2025-12-11,10,Em,Binz,,APPLE_MUSIC
2025-12-11,11,Pin Dự Phòng,Dương Domic,Lou Hoàng,APPLE_MUSIC
2025-12-11,12,Mất Kết Nối,Dương Domic,,APPLE_MUSIC
2025-12-11,13,Good Goodbye,HWASA,,APPLE_MUSIC
2025-12-11,15,Không Thể Say,HIEUTHUHAI,,APPLE_MUSIC
2025-12-11,17,DANCING IN THE DARK,SOOBIN,,APPLE_MUSIC
2025-12-11,18,Người Đầu Tiên,Juky San,buitruonglinh,APPLE_MUSIC
2025-12-11,19,Vùng An Toàn,B Ray,V#,APPLE_MUSIC
2025-12-11,21,Tháng Năm,SOOBIN,,APPLE_MUSIC
2025-12-11,22,Không Thời Gian,Dương Domic,,APPLE_MUSIC
2025-12-11,23,Phép Màu [Đàn Cá Gỗ Original Soundtrack],MAYDAYs,Minh Tốc & Lam,APPLE_MUSIC
2025-12-11,24,Hà Nội,Obito,"Shiki, VSTRA",APPLE_MUSIC
2025-12-11,25,NGƯỜI NHƯ ANH XỨNG ĐÁNG CÔ ĐƠN,ANH TRAI SAY HI,"Vũ Cát Tường, Karik, Negav, Ngô Kiến Huy, Jey B",APPLE_MUSIC
2025-12-11,27,KHÔNG ĐAU NỮA RỒI,EM XINH SAY HI,"Orange, Châu Bùi, Mỹ Mỹ, Pháp Kiều, 52Hz",APPLE_MUSIC
2025-12-11,28,NOT CUTE ANYMORE,ILLIT,,APPLE_MUSIC
2025-12-11,29,Anh Đã Quen Với Cô Đơn,SOOBIN,,APPLE_MUSIC
2025-12-11,30,Em Muốn Được Bay,VSTRA,Tyronee,APPLE_MUSIC
2025-12-11,31,giá như,SOOBIN,,APPLE_MUSIC
2025-12-11,32,Anh Nhớ Ra,Vũ.,TRANG,APPLE_MUSIC
2025-12-11,33,Đừng Làm Trái Tim Anh Đau,Sơn Tùng M-TP,,APPLE_MUSIC
2025-12-11,34,NOLOVENOLIFE,HIEUTHUHAI,,APPLE_MUSIC
2025-12-11,35,Có Em Là Nhà,MIN,,APPLE_MUSIC
2025-12-11,36,Kho Báu,STRONG,"Rhymastic, Rhymastic",APPLE_MUSIC
2025-12-11,37,Có Đôi Điều,Shiki,,APPLE_MUSIC
2025-12-11,38,Bình Yên,Vũ.,Binz,APPLE_MUSIC
2025-12-11,39,đưa em về nhàa,GREY D,Chillies,APPLE_MUSIC
2025-12-11,40,Nếu Những Tiếc Nuối,Vũ.,,APPLE_MUSIC
2025-12-11,41,Exit Sign,HIEUTHUHAI,marzuz,APPLE_MUSIC
2025-12-11,42,PHÓNG ZÌN ZÌN,tlinh,Low G,APPLE_MUSIC
2025-12-11,43,nếu lúc đó,tlinh,2pillz,APPLE_MUSIC
2025-12-11,44,Thanh Xuân,Da LAB,,APPLE_MUSIC
2025-12-11,45,NGƯỜI ĐẦU TIÊN,Juky San,,APPLE_MUSIC
2025-12-11,46,Lạ Lùng,Vũ.,,APPLE_MUSIC
2025-12-11,47,Anh Đã Không Biết Cách Yêu Em,Quang Đăng Trần,,APPLE_MUSIC
2025-12-11,51,Wrong Times,Puppy,Dangrangto,APPLE_MUSIC
2025-12-11,52,vaicaunoicokhiennguoithaydoi,GREY D,tlinh,APPLE_MUSIC
2025-12-11,53,Đánh Đổi,Obito,"Shiki, RPT MCK",APPLE_MUSIC
2025-12-11,55,Quá Muộn,MIN,,APPLE_MUSIC
2025-12-11,57,Còn Gì Đẹp Hơn (Mưa Đỏ Original Soundtrack),Nguyễn Hùng,,APPLE_MUSIC
2025-12-11,58,Yêu 5,Rhymastic,,APPLE_MUSIC
2025-12-11,59,Panorama,Richie D. ICY,Obito,APPLE_MUSIC
2025-12-11,60,Mục Hạ Vô Nhân,SOOBIN,"Huỳnh Tú, Binz",APPLE_MUSIC
2025-12-11,61,NỠ LÒNG ĐỒNG Ý,ANH TRAI SAY HI,"B Ray, Karik, CODYNAMVO, Gill, Ryn Lee",APPLE_MUSIC
2025-12-11,62,Giờ Thì,buitruonglinh,,APPLE_MUSIC
2025-12-11,63,Nàng Thơ,Hoàng Dũng,,APPLE_MUSIC
2025-12-11,64,EM ĐAU,Phùng Khánh Linh,Thành Luke,APPLE_MUSIC
2025-12-11,65,Vườn Hồng,Văn Mai Hương,"Chi Pu, Hà Trần",APPLE_MUSIC
2025-12-11,66,Love Game,Low G,tlinh,APPLE_MUSIC
2025-12-11,67,Giữ Anh Cho Ngày Hôm Qua,Hoàng Dũng,"Rhymastic, LELAREC",APPLE_MUSIC
2025-12-11,68,Nước Mắt Cá Sấu,HIEUTHUHAI,,APPLE_MUSIC
2025-12-11,69,Feel At Home,B Ray,,APPLE_MUSIC
2025-12-11,70,ĐOẠN KỊCH CÂM,ANH TRAI SAY HI,"CONGB, Negav, B Ray, CODYNAMVO, Phạm Đình Thái Ngân, Mỹ Mỹ",APPLE_MUSIC
2025-12-11,71,Đoạn Kết Mới,Hoàng Dũng,,APPLE_MUSIC
2025-12-11,72,Khóc Đấy,Thắng,,APPLE_MUSIC
2025-12-11,73,All I Want for Christmas Is You,Mariah Carey,,APPLE_MUSIC
2025-12-11,74,1000 Ánh Mắt,Shiki,Obito,APPLE_MUSIC
2025-12-11,75,Bước Qua Mùa Cô Đơn,Vũ.,,APPLE_MUSIC
2025-12-11,76,Thằng Điên,JustaTee,Phương Ly,APPLE_MUSIC
2025-12-11,78,dự báo thời tiết hôm nay mưa,GREY D,,APPLE_MUSIC
2025-12-11,79,Những Lời Hứa Bỏ Quên,Vũ.,Dear Jane,APPLE_MUSIC
2025-12-11,80,Ngày Này Năm Ấy,Viet Anh,,APPLE_MUSIC
2025-12-11,81,Từng Quen,Wren Evans,itsnk,APPLE_MUSIC
2025-12-11,82,ƯỚC ANH TAN NÁT CON TIM,Phùng Khánh Linh,,APPLE_MUSIC
2025-12-11,83,toxic till the end,ROSÉ,,APPLE_MUSIC
2025-12-11,84,Chìm Sâu,RPT MCK,Trung Trần,APPLE_MUSIC
2025-12-11,86,phải viết bao nhiêu bản tình ca,MIN,,APPLE_MUSIC
2025-12-11,87,Anh Đã Ổn Hơn,RPT MCK,,APPLE_MUSIC
2025-12-11,88,Chúng Ta Của Hiện Tại,Sơn Tùng M-TP,,APPLE_MUSIC
2025-12-11,90,Sài Gòn ơi,Obito,Shiki,APPLE_MUSIC
2025-12-11,91,Chăm Hoa,MONO,,APPLE_MUSIC
2025-12-11,93,Zoo,Shakira,,APPLE_MUSIC
2025-12-11,94,0 AI NGHĨ,Wxrdie,,APPLE_MUSIC
2025-12-11,95,The Playah (Special Performance),SOOBIN,,APPLE_MUSIC
2025-12-11,96,Vài Lần Đón Đưa,SOOBIN,SpaceSpeakers,APPLE_MUSIC
2025-12-11,97,"(từng là) Boyfriend, Girlfriend",MIN,,APPLE_MUSIC
2025-12-11,98,Nếu Ngày Ấy,SOOBIN,,APPLE_MUSIC
2025-12-11,99,Chỉ Một Đêm Nữa Thôi,RPT MCK,tlinh,APPLE_MUSIC
2025-12-11,100,Gác Lại Âu Lo,Da LAB,Miu Lê,APPLE_MUSIC
2025-12-12,1,chẳng phải tình đầu sao đau đến thế,MIN,"Dangrangto, antransax",APPLE_MUSIC
2025-12-12,2,CHỜ ANH VỀ,ANH TRAI SAY HI,"B Ray, AMEE",APPLE_MUSIC
2025-12-12,4,SỚM MUỘN THÌ,ANH TRAI SAY HI,"Hustlang Robber, Nhâm Phương Nam, Mason nguyen, Jaysonlei, Khoi Vu, LAMOON",APPLE_MUSIC
2025-12-12,5,hello em có khỏe không,Dfoxie37,myhoa & Tuann,APPLE_MUSIC
2025-12-12,6,In Love,Low G,JustaTee,APPLE_MUSIC
2025-12-12,7,Không Buông,Hngle,Ari,APPLE_MUSIC
2025-12-12,8,Pin Dự Phòng,Dương Domic,Lou Hoàng,APPLE_MUSIC
2025-12-12,9,ANH LÀ THẰNG TỒI,Phùng Khánh Linh,,APPLE_MUSIC
2025-12-12,10,Chế Độ Im Lặng,MIN,,APPLE_MUSIC
2025-12-12,11,Em,Binz,,APPLE_MUSIC
2025-12-12,12,Mất Kết Nối,Dương Domic,,APPLE_MUSIC
2025-12-12,13,Không Thể Say,HIEUTHUHAI,,APPLE_MUSIC
2025-12-12,14,Vùng An Toàn,B Ray,V#,APPLE_MUSIC
2025-12-12,16,Good Goodbye,HWASA,,APPLE_MUSIC
2025-12-12,17,DANCING IN THE DARK,SOOBIN,,APPLE_MUSIC
2025-12-12,18,Người Đầu Tiên,Juky San,buitruonglinh,APPLE_MUSIC
2025-12-12,21,Phép Màu [Đàn Cá Gỗ Original Soundtrack],MAYDAYs,Minh Tốc & Lam,APPLE_MUSIC
2025-12-12,22,Hà Nội,Obito,"Shiki, VSTRA",APPLE_MUSIC
2025-12-12,23,Không Thời Gian,Dương Domic,,APPLE_MUSIC
2025-12-12,24,Tháng Năm,SOOBIN,,APPLE_MUSIC
2025-12-12,25,KHÔNG ĐAU NỮA RỒI,EM XINH SAY HI,"Orange, Châu Bùi, Mỹ Mỹ, Pháp Kiều, 52Hz",APPLE_MUSIC
2025-12-12,26,NGƯỜI NHƯ ANH XỨNG ĐÁNG CÔ ĐƠN,ANH TRAI SAY HI,"Vũ Cát Tường, Karik, Negav, Ngô Kiến Huy, Jey B",APPLE_MUSIC
2025-12-12,28,NOT CUTE ANYMORE,ILLIT,,APPLE_MUSIC
2025-12-12,29,Anh Nhớ Ra,Vũ.,TRANG,APPLE_MUSIC
2025-12-12,30,Anh Đã Quen Với Cô Đơn,SOOBIN,,APPLE_MUSIC
2025-12-12,31,Đừng Làm Trái Tim Anh Đau,Sơn Tùng M-TP,,APPLE_MUSIC
2025-12-12,32,giá như,SOOBIN,,APPLE_MUSIC
2025-12-12,33,NOLOVENOLIFE,HIEUTHUHAI,,APPLE_MUSIC
2025-12-12,34,Kho Báu,STRONG,"Rhymastic, Rhymastic",APPLE_MUSIC
2025-12-12,35,Em Muốn Được Bay,VSTRA,Tyronee,APPLE_MUSIC
2025-12-12,36,Vườn Hồng,Văn Mai Hương,"Chi Pu, Hà Trần",APPLE_MUSIC
2025-12-12,37,đưa em về nhàa,GREY D,Chillies,APPLE_MUSIC
2025-12-12,38,Có Đôi Điều,Shiki,,APPLE_MUSIC
2025-12-12,39,Có Em Là Nhà,MIN,,APPLE_MUSIC
2025-12-12,40,Bình Yên,Vũ.,Binz,APPLE_MUSIC
2025-12-12,41,Nếu Những Tiếc Nuối,Vũ.,,APPLE_MUSIC
2025-12-12,42,nếu lúc đó,tlinh,2pillz,APPLE_MUSIC
2025-12-12,43,PHÓNG ZÌN ZÌN,tlinh,Low G,APPLE_MUSIC
2025-12-12,44,Thanh Xuân,Da LAB,,APPLE_MUSIC
2025-12-12,45,Exit Sign,HIEUTHUHAI,marzuz,APPLE_MUSIC
2025-12-12,46,Anh Đã Không Biết Cách Yêu Em,Quang Đăng Trần,,APPLE_MUSIC
2025-12-12,47,NGƯỜI ĐẦU TIÊN,Juky San,,APPLE_MUSIC
2025-12-12,48,vaicaunoicokhiennguoithaydoi,GREY D,tlinh,APPLE_MUSIC
2025-12-12,49,Lạ Lùng,Vũ.,,APPLE_MUSIC
2025-12-12,52,Đánh Đổi,Obito,"Shiki, RPT MCK",APPLE_MUSIC
2025-12-12,53,Wrong Times,Puppy,Dangrangto,APPLE_MUSIC
2025-12-12,55,Còn Gì Đẹp Hơn (Mưa Đỏ Original Soundtrack),Nguyễn Hùng,,APPLE_MUSIC
2025-12-12,56,Giờ Thì,buitruonglinh,,APPLE_MUSIC
2025-12-12,58,Love Game,Low G,tlinh,APPLE_MUSIC
2025-12-12,59,Feel At Home,B Ray,,APPLE_MUSIC
2025-12-12,60,Ướt Lòng,Văn Mai Hương,,APPLE_MUSIC
2025-12-12,61,Yêu 5,Rhymastic,,APPLE_MUSIC
2025-12-12,62,NỠ LÒNG ĐỒNG Ý,ANH TRAI SAY HI,"B Ray, Karik, CODYNAMVO, Gill, Ryn Lee",APPLE_MUSIC
2025-12-12,63,Quá Muộn,MIN,,APPLE_MUSIC
2025-12-12,64,Nàng Thơ,Hoàng Dũng,,APPLE_MUSIC
2025-12-12,65,Panorama,Richie D. ICY,Obito,APPLE_MUSIC
2025-12-12,67,Nước Mắt Cá Sấu,HIEUTHUHAI,,APPLE_MUSIC
2025-12-12,68,All I Want for Christmas Is You,Mariah Carey,,APPLE_MUSIC
2025-12-12,69,Bảo Bối,Văn Mai Hương,,APPLE_MUSIC
2025-12-12,70,Giữ Anh Cho Ngày Hôm Qua,Hoàng Dũng,"Rhymastic, LELAREC",APPLE_MUSIC
2025-12-12,71,Nhạc Tình,Văn Mai Hương,HURRYKNG,APPLE_MUSIC
2025-12-12,72,Khóc Đấy,Thắng,,APPLE_MUSIC
2025-12-12,73,EM ĐAU,Phùng Khánh Linh,Thành Luke,APPLE_MUSIC
2025-12-12,74,Đoạn Kết Mới,Hoàng Dũng,,APPLE_MUSIC
2025-12-12,75,Mục Hạ Vô Nhân,SOOBIN,"Huỳnh Tú, Binz",APPLE_MUSIC
2025-12-12,76,Bước Qua Mùa Cô Đơn,Vũ.,,APPLE_MUSIC
2025-12-12,77,Ngày Này Năm Ấy,Viet Anh,,APPLE_MUSIC
2025-12-12,78,Vùng Xám,Văn Mai Hương,GREY D,APPLE_MUSIC
2025-12-12,79,Những Lời Hứa Bỏ Quên,Vũ.,Dear Jane,APPLE_MUSIC
2025-12-12,80,ĐOẠN KỊCH CÂM,ANH TRAI SAY HI,"CONGB, Negav, B Ray, CODYNAMVO, Phạm Đình Thái Ngân, Mỹ Mỹ",APPLE_MUSIC
2025-12-12,81,Từng Quen,Wren Evans,itsnk,APPLE_MUSIC
2025-12-12,82,Thằng Điên,JustaTee,Phương Ly,APPLE_MUSIC
2025-12-12,83,1000 Ánh Mắt,Shiki,Obito,APPLE_MUSIC
2025-12-12,85,toxic till the end,ROSÉ,,APPLE_MUSIC
2025-12-12,86,Chìm Sâu,RPT MCK,Trung Trần,APPLE_MUSIC
2025-12-12,87,Sài Gòn ơi,Obito,Shiki,APPLE_MUSIC
2025-12-12,88,dự báo thời tiết hôm nay mưa,GREY D,,APPLE_MUSIC
2025-12-12,89,Anh Đã Ổn Hơn,RPT MCK,,APPLE_MUSIC
2025-12-12,90,Chăm Hoa,MONO,,APPLE_MUSIC
2025-12-12,92,ƯỚC ANH TAN NÁT CON TIM,Phùng Khánh Linh,,APPLE_MUSIC
2025-12-12,93,Chúng Ta Của Hiện Tại,Sơn Tùng M-TP,,APPLE_MUSIC
2025-12-12,94,The Playah (Special Performance),SOOBIN,,APPLE_MUSIC
2025-12-12,95,MỘNG YU,AMEE,RPT MCK,APPLE_MUSIC
2025-12-12,97,Gác Lại Âu Lo,Da LAB,Miu Lê,APPLE_MUSIC
2025-12-12,98,Chỉ Một Đêm Nữa Thôi,RPT MCK,tlinh,APPLE_MUSIC
2025-12-12,99,phải viết bao nhiêu bản tình ca,MIN,,APPLE_MUSIC
2025-12-12,100,0 AI NGHĨ,Wxrdie,,APPLE_MUSIC
2025-12-13,1,CHỜ ANH VỀ,ANH TRAI SAY HI,"B Ray, AMEE",APPLE_MUSIC
2025-12-13,2,chẳng phải tình đầu sao đau đến thế,MIN,"Dangrangto, antransax",APPLE_MUSIC
2025-12-13,4,SỚM MUỘN THÌ,ANH TRAI SAY HI,"Hustlang Robber, Nhâm Phương Nam, Mason nguyen, Jaysonlei, Khoi Vu, LAMOON",APPLE_MUSIC
2025-12-13,5,In Love,Low G,JustaTee,APPLE_MUSIC
2025-12-13,6,hello em có khỏe không,Dfoxie37,myhoa & Tuann,APPLE_MUSIC
2025-12-13,7,Không Buông,Hngle,Ari,APPLE_MUSIC
2025-12-13,8,Chế Độ Im Lặng,MIN,,APPLE_MUSIC
2025-12-13,9,Pin Dự Phòng,Dương Domic,Lou Hoàng,APPLE_MUSIC
2025-12-13,10,Mất Kết Nối,Dương Domic,,APPLE_MUSIC
2025-12-13,11,Em,Binz,,APPLE_MUSIC
2025-12-13,12,ANH LÀ THẰNG TỒI,Phùng Khánh Linh,,APPLE_MUSIC
2025-12-13,13,Không Thể Say,HIEUTHUHAI,,APPLE_MUSIC
2025-12-13,14,Vùng An Toàn,B Ray,V#,APPLE_MUSIC
2025-12-13,16,DANCING IN THE DARK,SOOBIN,,APPLE_MUSIC
2025-12-13,17,Người Đầu Tiên,Juky San,buitruonglinh,APPLE_MUSIC
2025-12-13,19,Good Goodbye,HWASA,,APPLE_MUSIC
2025-12-13,21,Phép Màu [Đàn Cá Gỗ Original Soundtrack],MAYDAYs,Minh Tốc & Lam,APPLE_MUSIC
2025-12-13,22,Không Thời Gian,Dương Domic,,APPLE_MUSIC
2025-12-13,23,Hà Nội,Obito,"Shiki, VSTRA",APPLE_MUSIC
2025-12-13,24,KHÔNG ĐAU NỮA RỒI,EM XINH SAY HI,"Orange, Châu Bùi, Mỹ Mỹ, Pháp Kiều, 52Hz",APPLE_MUSIC
2025-12-13,25,Tháng Năm,SOOBIN,,APPLE_MUSIC
2025-12-13,26,NGƯỜI NHƯ ANH XỨNG ĐÁNG CÔ ĐƠN,ANH TRAI SAY HI,"Vũ Cát Tường, Karik, Negav, Ngô Kiến Huy, Jey B",APPLE_MUSIC
2025-12-13,28,NOT CUTE ANYMORE,ILLIT,,APPLE_MUSIC
2025-12-13,29,Anh Nhớ Ra,Vũ.,TRANG,APPLE_MUSIC
2025-12-13,30,Đừng Làm Trái Tim Anh Đau,Sơn Tùng M-TP,,APPLE_MUSIC
2025-12-13,31,giá như,SOOBIN,,APPLE_MUSIC
2025-12-13,32,Kho Báu,STRONG,"Rhymastic, Rhymastic",APPLE_MUSIC
2025-12-13,33,Vườn Hồng,Văn Mai Hương,"Chi Pu, Hà Trần",APPLE_MUSIC
2025-12-13,34,Anh Đã Quen Với Cô Đơn,SOOBIN,,APPLE_MUSIC
2025-12-13,35,NOLOVENOLIFE,HIEUTHUHAI,,APPLE_MUSIC
2025-12-13,36,Em Muốn Được Bay,VSTRA,Tyronee,APPLE_MUSIC
2025-12-13,37,Bình Yên,Vũ.,Binz,APPLE_MUSIC
2025-12-13,38,đưa em về nhàa,GREY D,Chillies,APPLE_MUSIC
2025-12-13,39,Nếu Những Tiếc Nuối,Vũ.,,APPLE_MUSIC
2025-12-13,40,Có Đôi Điều,Shiki,,APPLE_MUSIC
2025-12-13,41,Có Em Là Nhà,MIN,,APPLE_MUSIC
2025-12-13,42,Thanh Xuân,Da LAB,,APPLE_MUSIC
2025-12-13,43,nếu lúc đó,tlinh,2pillz,APPLE_MUSIC
2025-12-13,44,Exit Sign,HIEUTHUHAI,marzuz,APPLE_MUSIC
2025-12-13,45,PHÓNG ZÌN ZÌN,tlinh,Low G,APPLE_MUSIC
2025-12-13,46,vaicaunoicokhiennguoithaydoi,GREY D,tlinh,APPLE_MUSIC
2025-12-13,47,NGƯỜI ĐẦU TIÊN,Juky San,,APPLE_MUSIC
2025-12-13,48,Lạ Lùng,Vũ.,,APPLE_MUSIC
2025-12-13,49,Anh Đã Không Biết Cách Yêu Em,Quang Đăng Trần,,APPLE_MUSIC
2025-12-13,50,Còn Gì Đẹp Hơn (Mưa Đỏ Original Soundtrack),Nguyễn Hùng,,APPLE_MUSIC
2025-12-13,51,Ướt Lòng,Văn Mai Hương,,APPLE_MUSIC
2025-12-13,52,Đánh Đổi,Obito,"Shiki, RPT MCK",APPLE_MUSIC
2025-12-13,56,Wrong Times,Puppy,Dangrangto,APPLE_MUSIC
2025-12-13,57,Yêu 5,Rhymastic,,APPLE_MUSIC
2025-12-13,59,Vùng Xám,Văn Mai Hương,GREY D,APPLE_MUSIC
2025-12-13,60,Giờ Thì,buitruonglinh,,APPLE_MUSIC
2025-12-13,61,Nhạc Tình,Văn Mai Hương,HURRYKNG,APPLE_MUSIC
2025-12-13,62,Feel At Home,B Ray,,APPLE_MUSIC
2025-12-13,63,Panorama,Richie D. ICY,Obito,APPLE_MUSIC
2025-12-13,64,All I Want for Christmas Is You,Mariah Carey,,APPLE_MUSIC
2025-12-13,65,Nàng Thơ,Hoàng Dũng,,APPLE_MUSIC
2025-12-13,66,Bảo Bối,Văn Mai Hương,,APPLE_MUSIC
2025-12-13,68,Love Game,Low G,tlinh,APPLE_MUSIC
2025-12-13,69,Quá Muộn,MIN,,APPLE_MUSIC
2025-12-13,70,NỠ LÒNG ĐỒNG Ý,ANH TRAI SAY HI,"B Ray, Karik, CODYNAMVO, Gill, Ryn Lee",APPLE_MUSIC
2025-12-13,71,Giữ Anh Cho Ngày Hôm Qua,Hoàng Dũng,"Rhymastic, LELAREC",APPLE_MUSIC
2025-12-13,72,Bước Qua Mùa Cô Đơn,Vũ.,,APPLE_MUSIC
2025-12-13,73,Thằng Điên,JustaTee,Phương Ly,APPLE_MUSIC
2025-12-13,74,Từng Quen,Wren Evans,itsnk,APPLE_MUSIC
2025-12-13,75,dự báo thời tiết hôm nay mưa,GREY D,,APPLE_MUSIC
2025-12-13,76,Nước Mắt Cá Sấu,HIEUTHUHAI,,APPLE_MUSIC
2025-12-13,77,Ngày Này Năm Ấy,Viet Anh,,APPLE_MUSIC
2025-12-13,78,Khép Màn,Văn Mai Hương,,APPLE_MUSIC
2025-12-13,79,1000 Ánh Mắt,Shiki,Obito,APPLE_MUSIC
2025-12-13,80,Những Lời Hứa Bỏ Quên,Vũ.,Dear Jane,APPLE_MUSIC
2025-12-13,81,Đoạn Kết Mới,Hoàng Dũng,,APPLE_MUSIC
2025-12-13,82,Chìm Sâu,RPT MCK,Trung Trần,APPLE_MUSIC
2025-12-13,83,EM ĐAU,Phùng Khánh Linh,Thành Luke,APPLE_MUSIC
2025-12-13,84,ĐOẠN KỊCH CÂM,ANH TRAI SAY HI,"CONGB, Negav, B Ray, CODYNAMVO, Phạm Đình Thái Ngân, Mỹ Mỹ",APPLE_MUSIC
2025-12-13,85,Khóc Đấy,Thắng,,APPLE_MUSIC
2025-12-13,87,Chăm Hoa,MONO,,APPLE_MUSIC
2025-12-13,88,Mục Hạ Vô Nhân,SOOBIN,"Huỳnh Tú, Binz",APPLE_MUSIC
2025-12-13,89,Anh Đã Ổn Hơn,RPT MCK,,APPLE_MUSIC
2025-12-13,90,Sài Gòn ơi,Obito,Shiki,APPLE_MUSIC
2025-12-13,91,Chúng Ta Của Hiện Tại,Sơn Tùng M-TP,,APPLE_MUSIC
2025-12-13,92,toxic till the end,ROSÉ,,APPLE_MUSIC
2025-12-13,93,để tôi ôm em bằng giai điệu này,Kai Đinh,"GREY D, MIN",APPLE_MUSIC
2025-12-13,96,MỘNG YU,AMEE,RPT MCK,APPLE_MUSIC
2025-12-13,97,Gác Lại Âu Lo,Da LAB,Miu Lê,APPLE_MUSIC
2025-12-13,98,The Playah (Special Performance),SOOBIN,,APPLE_MUSIC
2025-12-13,99,Mỹ Vị,Văn Mai Hương,,APPLE_MUSIC
2025-12-13,100,0 AI NGHĨ,Wxrdie,,APPLE_MUSIC
2025-12-17,1,chẳng phải tình đầu sao đau đến thế,MIN,"Dangrangto, antransax",APPLE_MUSIC
2025-12-17,2,CHỜ ANH VỀ,ANH TRAI SAY HI,"B Ray, AMEE",APPLE_MUSIC
2025-12-17,3,SỚM MUỘN THÌ,ANH TRAI SAY HI,"Hustlang Robber, Nhâm Phương Nam, Mason nguyen, Jaysonlei, Khoi Vu, LAMOON",APPLE_MUSIC
2025-12-17,5,In Love,Low G,JustaTee,APPLE_MUSIC
2025-12-17,6,hello em có khỏe không,Dfoxie37,myhoa & Tuann,APPLE_MUSIC
2025-12-17,7,Không Buông,Hngle,Ari,APPLE_MUSIC
2025-12-17,8,Pin Dự Phòng,Dương Domic,Lou Hoàng,APPLE_MUSIC
2025-12-17,9,Chế Độ Im Lặng,MIN,,APPLE_MUSIC
2025-12-17,10,Em,Binz,,APPLE_MUSIC
2025-12-17,11,Mất Kết Nối,Dương Domic,,APPLE_MUSIC
2025-12-17,12,Vùng An Toàn,B Ray,V#,APPLE_MUSIC
2025-12-17,13,Không Thể Say,HIEUTHUHAI,,APPLE_MUSIC
2025-12-17,14,ANH LÀ THẰNG TỒI,Phùng Khánh Linh,,APPLE_MUSIC
2025-12-17,15,Người Đầu Tiên,Juky San,buitruonglinh,APPLE_MUSIC
2025-12-17,17,DANCING IN THE DARK,SOOBIN,,APPLE_MUSIC
2025-12-17,18,NGƯỜI NHƯ ANH XỨNG ĐÁNG CÔ ĐƠN,ANH TRAI SAY HI,"Vũ Cát Tường, Karik, Negav, Ngô Kiến Huy, Jey B",APPLE_MUSIC
2025-12-17,20,Hà Nội,Obito,"Shiki, VSTRA",APPLE_MUSIC
2025-12-17,21,Không Thời Gian,Dương Domic,,APPLE_MUSIC
2025-12-17,23,KHÔNG ĐAU NỮA RỒI,EM XINH SAY HI,"Orange, Châu Bùi, Mỹ Mỹ, Pháp Kiều, 52Hz",APPLE_MUSIC
2025-12-17,24,Tháng Năm,SOOBIN,,APPLE_MUSIC
2025-12-17,25,Phép Màu [Đàn Cá Gỗ Original Soundtrack],MAYDAYs,Minh Tốc & Lam,APPLE_MUSIC
2025-12-17,26,Good Goodbye,HWASA,,APPLE_MUSIC
2025-12-17,27,NOT CUTE ANYMORE,ILLIT,,APPLE_MUSIC
2025-12-17,28,NOLOVENOLIFE,HIEUTHUHAI,,APPLE_MUSIC
2025-12-17,30,giá như,SOOBIN,,APPLE_MUSIC
2025-12-17,31,Anh Nhớ Ra,Vũ.,TRANG,APPLE_MUSIC
2025-12-17,32,Vườn Hồng,Văn Mai Hương,"Chi Pu, Hà Trần",APPLE_MUSIC
2025-12-17,33,Có Em Là Nhà,MIN,,APPLE_MUSIC
2025-12-17,34,Đừng Làm Trái Tim Anh Đau,Sơn Tùng M-TP,,APPLE_MUSIC
2025-12-17,35,Có Đôi Điều,Shiki,,APPLE_MUSIC
2025-12-17,36,Anh Đã Quen Với Cô Đơn,SOOBIN,,APPLE_MUSIC
2025-12-17,37,Kho Báu,STRONG,"Rhymastic, Rhymastic",APPLE_MUSIC
2025-12-17,38,Bình Yên,Vũ.,Binz,APPLE_MUSIC
2025-12-17,39,đưa em về nhàa,GREY D,Chillies,APPLE_MUSIC
2025-12-17,40,PHÓNG ZÌN ZÌN,tlinh,Low G,APPLE_MUSIC
2025-12-17,41,nếu lúc đó,tlinh,2pillz,APPLE_MUSIC
2025-12-17,42,Nếu Những Tiếc Nuối,Vũ.,,APPLE_MUSIC
2025-12-17,43,vaicaunoicokhiennguoithaydoi,GREY D,tlinh,APPLE_MUSIC
2025-12-17,44,Exit Sign,HIEUTHUHAI,marzuz,APPLE_MUSIC
2025-12-17,45,NGƯỜI ĐẦU TIÊN,Juky San,,APPLE_MUSIC
2025-12-17,46,Thanh Xuân,Da LAB,,APPLE_MUSIC
2025-12-17,47,Ướt Lòng,Văn Mai Hương,,APPLE_MUSIC
2025-12-17,48,Anh Đã Không Biết Cách Yêu Em,Quang Đăng Trần,,APPLE_MUSIC
2025-12-17,49,Đánh Đổi,Obito,"Shiki, RPT MCK",APPLE_MUSIC
2025-12-17,50,Giờ Thì,buitruonglinh,,APPLE_MUSIC
2025-12-17,51,Lạ Lùng,Vũ.,,APPLE_MUSIC
2025-12-17,53,ĐOẠN KỊCH CÂM,ANH TRAI SAY HI,"CONGB, Negav, B Ray, CODYNAMVO, Phạm Đình Thái Ngân, Mỹ Mỹ",APPLE_MUSIC
2025-12-17,55,Yêu 5,Rhymastic,,APPLE_MUSIC
2025-12-17,56,Feel At Home,B Ray,,APPLE_MUSIC
2025-12-17,57,Vùng Xám,Văn Mai Hương,GREY D,APPLE_MUSIC
2025-12-17,58,Quá Muộn,MIN,,APPLE_MUSIC
2025-12-17,59,Còn Gì Đẹp Hơn (Mưa Đỏ Original Soundtrack),Nguyễn Hùng,,APPLE_MUSIC
2025-12-17,60,Wrong Times,Puppy,Dangrangto,APPLE_MUSIC
2025-12-17,61,Bảo Bối,Văn Mai Hương,,APPLE_MUSIC
2025-12-17,62,Em Muốn Được Bay,VSTRA,Tyronee,APPLE_MUSIC
2025-12-17,63,Nước Mắt Cá Sấu,HIEUTHUHAI,,APPLE_MUSIC
2025-12-17,64,Love Game,Low G,tlinh,APPLE_MUSIC
2025-12-17,65,Panorama,Richie D. ICY,Obito,APPLE_MUSIC
2025-12-17,67,Khép Màn,Văn Mai Hương,,APPLE_MUSIC
2025-12-17,70,1000 Ánh Mắt,Shiki,Obito,APPLE_MUSIC
2025-12-17,71,dự báo thời tiết hôm nay mưa,GREY D,,APPLE_MUSIC
2025-12-17,72,Nàng Thơ,Hoàng Dũng,,APPLE_MUSIC
2025-12-17,73,Nhạc Tình,Văn Mai Hương,HURRYKNG,APPLE_MUSIC
2025-12-17,74,All I Want for Christmas Is You,Mariah Carey,,APPLE_MUSIC
2025-12-17,75,NỠ LÒNG ĐỒNG Ý,ANH TRAI SAY HI,"B Ray, Karik, CODYNAMVO, Gill, Ryn Lee",APPLE_MUSIC
2025-12-17,76,Giữ Anh Cho Ngày Hôm Qua,Hoàng Dũng,"Rhymastic, LELAREC",APPLE_MUSIC
2025-12-17,77,Chìm Sâu,RPT MCK,Trung Trần,APPLE_MUSIC
2025-12-17,78,Bước Qua Mùa Cô Đơn,Vũ.,,APPLE_MUSIC
2025-12-17,79,Từng Quen,Wren Evans,itsnk,APPLE_MUSIC
2025-12-17,80,Thằng Điên,JustaTee,Phương Ly,APPLE_MUSIC
2025-12-17,81,Đoạn Kết Mới,Hoàng Dũng,,APPLE_MUSIC
2025-12-17,82,Những Lời Hứa Bỏ Quên,Vũ.,Dear Jane,APPLE_MUSIC
2025-12-17,83,để tôi ôm em bằng giai điệu này,Kai Đinh,"GREY D, MIN",APPLE_MUSIC
2025-12-17,84,Ngày Này Năm Ấy,Viet Anh,,APPLE_MUSIC
2025-12-17,85,Chăm Hoa,MONO,,APPLE_MUSIC
2025-12-17,86,Sài Gòn ơi,Obito,Shiki,APPLE_MUSIC
2025-12-17,87,Gác Lại Âu Lo,Da LAB,Miu Lê,APPLE_MUSIC
2025-12-17,89,Mục Hạ Vô Nhân,SOOBIN,"Huỳnh Tú, Binz",APPLE_MUSIC
2025-12-17,90,EM ĐAU,Phùng Khánh Linh,Thành Luke,APPLE_MUSIC
2025-12-17,91,0 AI NGHĨ,Wxrdie,,APPLE_MUSIC
2025-12-17,92,Missing You,Phương Ly,,APPLE_MUSIC
2025-12-17,93,Anh Đã Ổn Hơn,RPT MCK,,APPLE_MUSIC
2025-12-17,94,Chỉ Một Đêm Nữa Thôi,RPT MCK,tlinh,APPLE_MUSIC
2025-12-17,95,toxic till the end,ROSÉ,,APPLE_MUSIC
2025-12-17,96,MỘNG YU,AMEE,RPT MCK,APPLE_MUSIC
2025-12-17,97,Băng Qua Cầu Giấy,Wxrdie,RPT JasonDilla,APPLE_MUSIC
2025-12-17,98,Khóc Đấy,Thắng,,APPLE_MUSIC
2025-12-17,99,Waiting For You,MONO,Onionn,APPLE_MUSIC
2025-12-17,100,phải viết bao nhiêu bản tình ca,MIN,,APPLE_MUSIC
2025-12-18,1,chẳng phải tình đầu sao đau đến thế,MIN,"Dangrangto, antransax",APPLE_MUSIC
2025-12-18,2,CHỜ ANH VỀ,ANH TRAI SAY HI,"B Ray, AMEE",APPLE_MUSIC
2025-12-18,4,SỚM MUỘN THÌ,ANH TRAI SAY HI,"Hustlang Robber, Nhâm Phương Nam, Mason nguyen, Jaysonlei, Khoi Vu, LAMOON",APPLE_MUSIC
2025-12-18,5,In Love,Low G,JustaTee,APPLE_MUSIC
2025-12-18,6,hello em có khỏe không,Dfoxie37,myhoa & Tuann,APPLE_MUSIC
2025-12-18,7,Không Buông,Hngle,Ari,APPLE_MUSIC
2025-12-18,8,Pin Dự Phòng,Dương Domic,Lou Hoàng,APPLE_MUSIC
2025-12-18,9,Chế Độ Im Lặng,MIN,,APPLE_MUSIC
2025-12-18,10,Em,Binz,,APPLE_MUSIC
2025-12-18,11,Không Thể Say,HIEUTHUHAI,,APPLE_MUSIC
2025-12-18,12,Vùng An Toàn,B Ray,V#,APPLE_MUSIC
2025-12-18,13,Mất Kết Nối,Dương Domic,,APPLE_MUSIC
2025-12-18,14,ANH LÀ THẰNG TỒI,Phùng Khánh Linh,,APPLE_MUSIC
2025-12-18,15,Người Đầu Tiên,Juky San,buitruonglinh,APPLE_MUSIC
2025-12-18,16,DANCING IN THE DARK,SOOBIN,,APPLE_MUSIC
2025-12-18,19,Không Thời Gian,Dương Domic,,APPLE_MUSIC
2025-12-18,20,NGƯỜI NHƯ ANH XỨNG ĐÁNG CÔ ĐƠN,ANH TRAI SAY HI,"Vũ Cát Tường, Karik, Negav, Ngô Kiến Huy, Jey B",APPLE_MUSIC
2025-12-18,21,Hà Nội,Obito,"Shiki, VSTRA",APPLE_MUSIC
2025-12-18,23,Tháng Năm,SOOBIN,,APPLE_MUSIC
2025-12-18,24,KHÔNG ĐAU NỮA RỒI,EM XINH SAY HI,"Orange, Châu Bùi, Mỹ Mỹ, Pháp Kiều, 52Hz",APPLE_MUSIC
2025-12-18,25,Good Goodbye,HWASA,,APPLE_MUSIC
2025-12-18,27,Phép Màu [Đàn Cá Gỗ Original Soundtrack],MAYDAYs,Minh Tốc & Lam,APPLE_MUSIC
2025-12-18,28,NOT CUTE ANYMORE,ILLIT,,APPLE_MUSIC
2025-12-18,29,Đừng Làm Trái Tim Anh Đau,Sơn Tùng M-TP,,APPLE_MUSIC
2025-12-18,30,Anh Nhớ Ra,Vũ.,TRANG,APPLE_MUSIC
2025-12-18,31,Có Em Là Nhà,MIN,,APPLE_MUSIC
2025-12-18,32,NOLOVENOLIFE,HIEUTHUHAI,,APPLE_MUSIC
2025-12-18,33,giá như,SOOBIN,,APPLE_MUSIC
2025-12-18,34,đưa em về nhàa,GREY D,Chillies,APPLE_MUSIC
2025-12-18,35,Vườn Hồng,Văn Mai Hương,"Chi Pu, Hà Trần",APPLE_MUSIC
2025-12-18,36,Anh Đã Quen Với Cô Đơn,SOOBIN,,APPLE_MUSIC
2025-12-18,37,Kho Báu,STRONG,"Rhymastic, Rhymastic",APPLE_MUSIC
2025-12-18,38,Có Đôi Điều,Shiki,,APPLE_MUSIC
2025-12-18,39,Bình Yên,Vũ.,Binz,APPLE_MUSIC
2025-12-18,40,PHÓNG ZÌN ZÌN,tlinh,Low G,APPLE_MUSIC
2025-12-18,41,nếu lúc đó,tlinh,2pillz,APPLE_MUSIC
2025-12-18,42,Nếu Những Tiếc Nuối,Vũ.,,APPLE_MUSIC
2025-12-18,43,vaicaunoicokhiennguoithaydoi,GREY D,tlinh,APPLE_MUSIC
2025-12-18,44,Exit Sign,HIEUTHUHAI,marzuz,APPLE_MUSIC
2025-12-18,45,Thanh Xuân,Da LAB,,APPLE_MUSIC
2025-12-18,46,Giờ Thì,buitruonglinh,,APPLE_MUSIC
2025-12-18,47,NGƯỜI ĐẦU TIÊN,Juky San,,APPLE_MUSIC
2025-12-18,48,Đánh Đổi,Obito,"Shiki, RPT MCK",APPLE_MUSIC
2025-12-18,50,Anh Đã Không Biết Cách Yêu Em,Quang Đăng Trần,,APPLE_MUSIC
2025-12-18,51,Ướt Lòng,Văn Mai Hương,,APPLE_MUSIC
2025-12-18,52,Lạ Lùng,Vũ.,,APPLE_MUSIC
2025-12-18,53,ĐOẠN KỊCH CÂM,ANH TRAI SAY HI,"CONGB, Negav, B Ray, CODYNAMVO, Phạm Đình Thái Ngân, Mỹ Mỹ",APPLE_MUSIC
2025-12-18,55,Bảo Bối,Văn Mai Hương,,APPLE_MUSIC
2025-12-18,56,Khép Màn,Văn Mai Hương,,APPLE_MUSIC
2025-12-18,58,Yêu 5,Rhymastic,,APPLE_MUSIC
2025-12-18,59,Vùng Xám,Văn Mai Hương,GREY D,APPLE_MUSIC
2025-12-18,60,Panorama,Richie D. ICY,Obito,APPLE_MUSIC
2025-12-18,61,Quá Muộn,MIN,,APPLE_MUSIC
2025-12-18,63,Còn Gì Đẹp Hơn (Mưa Đỏ Original Soundtrack),Nguyễn Hùng,,APPLE_MUSIC
2025-12-18,64,Love Game,Low G,tlinh,APPLE_MUSIC
2025-12-18,66,Wrong Times,Puppy,Dangrangto,APPLE_MUSIC
2025-12-18,67,Em Muốn Được Bay,VSTRA,Tyronee,APPLE_MUSIC
2025-12-18,68,Feel At Home,B Ray,,APPLE_MUSIC
2025-12-18,69,Từng Quen,Wren Evans,itsnk,APPLE_MUSIC
2025-12-18,70,Nước Mắt Cá Sấu,HIEUTHUHAI,,APPLE_MUSIC
2025-12-18,71,All I Want for Christmas Is You,Mariah Carey,,APPLE_MUSIC
2025-12-18,72,Ngày Này Năm Ấy,Viet Anh,,APPLE_MUSIC
2025-12-18,73,1000 Ánh Mắt,Shiki,Obito,APPLE_MUSIC
2025-12-18,74,Thằng Điên,JustaTee,Phương Ly,APPLE_MUSIC
2025-12-18,75,NỠ LÒNG ĐỒNG Ý,ANH TRAI SAY HI,"B Ray, Karik, CODYNAMVO, Gill, Ryn Lee",APPLE_MUSIC
2025-12-18,76,Nhạc Tình,Văn Mai Hương,HURRYKNG,APPLE_MUSIC
2025-12-18,77,Nàng Thơ,Hoàng Dũng,,APPLE_MUSIC
2025-12-18,78,Giữ Anh Cho Ngày Hôm Qua,Hoàng Dũng,"Rhymastic, LELAREC",APPLE_MUSIC
2025-12-18,79,Đoạn Kết Mới,Hoàng Dũng,,APPLE_MUSIC
2025-12-18,80,Chìm Sâu,RPT MCK,Trung Trần,APPLE_MUSIC
2025-12-18,81,Mục Hạ Vô Nhân,SOOBIN,"Huỳnh Tú, Binz",APPLE_MUSIC
2025-12-18,82,Chăm Hoa,MONO,,APPLE_MUSIC
2025-12-18,83,Bước Qua Mùa Cô Đơn,Vũ.,,APPLE_MUSIC
2025-12-18,84,Những Lời Hứa Bỏ Quên,Vũ.,Dear Jane,APPLE_MUSIC
2025-12-18,86,để tôi ôm em bằng giai điệu này,Kai Đinh,"GREY D, MIN",APPLE_MUSIC
2025-12-18,87,Missing You,Phương Ly,,APPLE_MUSIC
2025-12-18,88,Sài Gòn ơi,Obito,Shiki,APPLE_MUSIC
2025-12-18,89,EM ĐAU,Phùng Khánh Linh,Thành Luke,APPLE_MUSIC
2025-12-18,90,0 AI NGHĨ,Wxrdie,,APPLE_MUSIC
2025-12-18,91,Anh Đã Ổn Hơn,RPT MCK,,APPLE_MUSIC
2025-12-18,92,dự báo thời tiết hôm nay mưa,GREY D,,APPLE_MUSIC
2025-12-18,93,MỘNG YU,AMEE,RPT MCK,APPLE_MUSIC
2025-12-18,94,Gác Lại Âu Lo,Da LAB,Miu Lê,APPLE_MUSIC
2025-12-18,95,Chỉ Một Đêm Nữa Thôi,RPT MCK,tlinh,APPLE_MUSIC
2025-12-18,96,Chúng Ta Của Hiện Tại,Sơn Tùng M-TP,,APPLE_MUSIC
2025-12-18,97,toxic till the end,ROSÉ,,APPLE_MUSIC
2025-12-18,98,Khóc Đấy,Thắng,,APPLE_MUSIC
2025-12-18,100,phải viết bao nhiêu bản tình ca,MIN,,APPLE_MUSIC
2025-12-19,1,chẳng phải tình đầu sao đau đến thế,MIN,"Dangrangto, antransax",APPLE_MUSIC
2025-12-19,2,CHỜ ANH VỀ,ANH TRAI SAY HI,"B Ray, AMEE",APPLE_MUSIC
2025-12-19,4,In Love,Low G,JustaTee,APPLE_MUSIC
2025-12-19,5,SỚM MUỘN THÌ,ANH TRAI SAY HI,"Hustlang Robber, Nhâm Phương Nam, Mason nguyen, Jaysonlei, Khoi Vu, LAMOON",APPLE_MUSIC
2025-12-19,6,hello em có khỏe không,Dfoxie37,myhoa & Tuann,APPLE_MUSIC
2025-12-19,7,Không Buông,Hngle,Ari,APPLE_MUSIC
2025-12-19,8,Chế Độ Im Lặng,MIN,,APPLE_MUSIC
2025-12-19,9,Pin Dự Phòng,Dương Domic,Lou Hoàng,APPLE_MUSIC
2025-12-19,10,Không Thể Say,HIEUTHUHAI,,APPLE_MUSIC
2025-12-19,11,Vùng An Toàn,B Ray,V#,APPLE_MUSIC
2025-12-19,12,Mất Kết Nối,Dương Domic,,APPLE_MUSIC
2025-12-19,13,Em,Binz,,APPLE_MUSIC
2025-12-19,14,DANCING IN THE DARK,SOOBIN,,APPLE_MUSIC
2025-12-19,15,Người Đầu Tiên,Juky San,buitruonglinh,APPLE_MUSIC
2025-12-19,16,ANH LÀ THẰNG TỒI,Phùng Khánh Linh,,APPLE_MUSIC
2025-12-19,17,NGƯỜI NHƯ ANH XỨNG ĐÁNG CÔ ĐƠN,ANH TRAI SAY HI,"Vũ Cát Tường, Karik, Negav, Ngô Kiến Huy, Jey B",APPLE_MUSIC
2025-12-19,18,Không Thời Gian,Dương Domic,,APPLE_MUSIC
2025-12-19,20,Hà Nội,Obito,"Shiki, VSTRA",APPLE_MUSIC
2025-12-19,23,KHÔNG ĐAU NỮA RỒI,EM XINH SAY HI,"Orange, Châu Bùi, Mỹ Mỹ, Pháp Kiều, 52Hz",APPLE_MUSIC
2025-12-19,24,Tháng Năm,SOOBIN,,APPLE_MUSIC
2025-12-19,25,Phép Màu [Đàn Cá Gỗ Original Soundtrack],MAYDAYs,Minh Tốc & Lam,APPLE_MUSIC
2025-12-19,26,NOLOVENOLIFE,HIEUTHUHAI,,APPLE_MUSIC
2025-12-19,27,giá như,SOOBIN,,APPLE_MUSIC
2025-12-19,29,Anh Nhớ Ra,Vũ.,TRANG,APPLE_MUSIC
2025-12-19,30,Đừng Làm Trái Tim Anh Đau,Sơn Tùng M-TP,,APPLE_MUSIC
2025-12-19,31,NOT CUTE ANYMORE,ILLIT,,APPLE_MUSIC
2025-12-19,32,Good Goodbye,HWASA,,APPLE_MUSIC
2025-12-19,33,Kho Báu,STRONG,"Rhymastic, Rhymastic",APPLE_MUSIC
2025-12-19,34,Anh Đã Quen Với Cô Đơn,SOOBIN,,APPLE_MUSIC
2025-12-19,35,đưa em về nhàa,GREY D,Chillies,APPLE_MUSIC
2025-12-19,36,Vườn Hồng,Văn Mai Hương,"Chi Pu, Hà Trần",APPLE_MUSIC
2025-12-19,37,PHÓNG ZÌN ZÌN,tlinh,Low G,APPLE_MUSIC
2025-12-19,38,Có Em Là Nhà,MIN,,APPLE_MUSIC
2025-12-19,39,nếu lúc đó,tlinh,2pillz,APPLE_MUSIC
2025-12-19,40,Có Đôi Điều,Shiki,,APPLE_MUSIC
2025-12-19,41,Bình Yên,Vũ.,Binz,APPLE_MUSIC
2025-12-19,42,Nếu Những Tiếc Nuối,Vũ.,,APPLE_MUSIC
2025-12-19,43,vaicaunoicokhiennguoithaydoi,GREY D,tlinh,APPLE_MUSIC
2025-12-19,44,Thanh Xuân,Da LAB,,APPLE_MUSIC
2025-12-19,45,Exit Sign,HIEUTHUHAI,marzuz,APPLE_MUSIC
2025-12-19,46,Giờ Thì,buitruonglinh,,APPLE_MUSIC
2025-12-19,47,Đánh Đổi,Obito,"Shiki, RPT MCK",APPLE_MUSIC
2025-12-19,49,Ướt Lòng,Văn Mai Hương,,APPLE_MUSIC
2025-12-19,50,NGƯỜI ĐẦU TIÊN,Juky San,,APPLE_MUSIC
2025-12-19,51,Bảo Bối,Văn Mai Hương,,APPLE_MUSIC
2025-12-19,52,Khép Màn,Văn Mai Hương,,APPLE_MUSIC
2025-12-19,53,Lạ Lùng,Vũ.,,APPLE_MUSIC
2025-12-19,55,Anh Đã Không Biết Cách Yêu Em,Quang Đăng Trần,,APPLE_MUSIC
2025-12-19,56,ĐOẠN KỊCH CÂM,ANH TRAI SAY HI,"CONGB, Negav, B Ray, CODYNAMVO, Phạm Đình Thái Ngân, Mỹ Mỹ",APPLE_MUSIC
2025-12-19,57,Còn Gì Đẹp Hơn (Mưa Đỏ Original Soundtrack),Nguyễn Hùng,,APPLE_MUSIC
2025-12-19,58,Em Muốn Được Bay,VSTRA,Tyronee,APPLE_MUSIC
2025-12-19,59,Wrong Times,Puppy,Dangrangto,APPLE_MUSIC
2025-12-19,60,Love Game,Low G,tlinh,APPLE_MUSIC
2025-12-19,61,Yêu 5,Rhymastic,,APPLE_MUSIC
2025-12-19,62,Panorama,Richie D. ICY,Obito,APPLE_MUSIC
2025-12-19,63,Quá Muộn,MIN,,APPLE_MUSIC
2025-12-19,64,All I Want for Christmas Is You,Mariah Carey,,APPLE_MUSIC
2025-12-19,66,Quá Khứ Kia Của Anh,WOKEUP,"Andree Right Hand, RHYDER, COOLKID, BAN",APPLE_MUSIC
2025-12-19,68,Vùng Xám,Văn Mai Hương,GREY D,APPLE_MUSIC
2025-12-19,70,Feel At Home,B Ray,,APPLE_MUSIC
2025-12-19,71,Từng Quen,Wren Evans,itsnk,APPLE_MUSIC
2025-12-19,72,Nước Mắt Cá Sấu,HIEUTHUHAI,,APPLE_MUSIC
2025-12-19,73,1000 Ánh Mắt,Shiki,Obito,APPLE_MUSIC
2025-12-19,74,Nhạc Tình,Văn Mai Hương,HURRYKNG,APPLE_MUSIC
2025-12-19,75,Nàng Thơ,Hoàng Dũng,,APPLE_MUSIC
2025-12-19,76,Chăm Hoa,MONO,,APPLE_MUSIC
2025-12-19,77,Giữ Anh Cho Ngày Hôm Qua,Hoàng Dũng,"Rhymastic, LELAREC",APPLE_MUSIC
2025-12-19,78,Thằng Điên,JustaTee,Phương Ly,APPLE_MUSIC
2025-12-19,79,Ngày Này Năm Ấy,Viet Anh,,APPLE_MUSIC
2025-12-19,80,dự báo thời tiết hôm nay mưa,GREY D,,APPLE_MUSIC
2025-12-19,81,Bước Qua Mùa Cô Đơn,Vũ.,,APPLE_MUSIC
2025-12-19,82,Chìm Sâu,RPT MCK,Trung Trần,APPLE_MUSIC
2025-12-19,84,Đoạn Kết Mới,Hoàng Dũng,,APPLE_MUSIC
2025-12-19,85,Mục Hạ Vô Nhân,SOOBIN,"Huỳnh Tú, Binz",APPLE_MUSIC
2025-12-19,86,Anh Đã Ổn Hơn,RPT MCK,,APPLE_MUSIC
2025-12-19,87,0 AI NGHĨ,Wxrdie,,APPLE_MUSIC
2025-12-19,88,EM ĐAU,Phùng Khánh Linh,Thành Luke,APPLE_MUSIC
2025-12-19,89,để tôi ôm em bằng giai điệu này,Kai Đinh,"GREY D, MIN",APPLE_MUSIC
2025-12-19,90,Missing You,Phương Ly,,APPLE_MUSIC
2025-12-19,91,Sài Gòn ơi,Obito,Shiki,APPLE_MUSIC
2025-12-19,92,Những Lời Hứa Bỏ Quên,Vũ.,Dear Jane,APPLE_MUSIC
2025-12-19,93,Bút Chì Bạc,Thắng,,APPLE_MUSIC
2025-12-19,94,Chúng Ta Của Hiện Tại,Sơn Tùng M-TP,,APPLE_MUSIC
2025-12-19,95,Chỉ Một Đêm Nữa Thôi,RPT MCK,tlinh,APPLE_MUSIC
2025-12-19,96,toxic till the end,ROSÉ,,APPLE_MUSIC
2025-12-19,97,Gác Lại Âu Lo,Da LAB,Miu Lê,APPLE_MUSIC
2025-12-19,98,MỘNG YU,AMEE,RPT MCK,APPLE_MUSIC
2025-12-19,99,AI YÊU ANH NHẤT,ANH TRAI SAY HI,"B Ray, Negav, VƯƠNG BÌNH, Gill",APPLE_MUSIC
2025-12-19,100,HERMOSA,ANH TRAI SAY HI,"Sơn.K, buitruonglinh, Tez, Mason Nguyen, CONGB",APPLE_MUSIC
2025-12-20,1,chẳng phải tình đầu sao đau đến thế,MIN,"Dangrangto, antransax",APPLE_MUSIC
2025-12-20,2,CHỜ ANH VỀ,ANH TRAI SAY HI,"B Ray, AMEE",APPLE_MUSIC
2025-12-20,4,In Love,Low G,JustaTee,APPLE_MUSIC
2025-12-20,5,SỚM MUỘN THÌ,ANH TRAI SAY HI,"Hustlang Robber, Nhâm Phương Nam, Mason nguyen, Jaysonlei, Khoi Vu, LAMOON",APPLE_MUSIC
2025-12-20,6,hello em có khỏe không,Dfoxie37,myhoa & Tuann,APPLE_MUSIC
2025-12-20,7,Không Buông,Hngle,Ari,APPLE_MUSIC
2025-12-20,8,Không Thể Say,HIEUTHUHAI,,APPLE_MUSIC
2025-12-20,9,Vùng An Toàn,B Ray,V#,APPLE_MUSIC
2025-12-20,10,Chế Độ Im Lặng,MIN,,APPLE_MUSIC
2025-12-20,11,Mất Kết Nối,Dương Domic,,APPLE_MUSIC
2025-12-20,12,Pin Dự Phòng,Dương Domic,Lou Hoàng,APPLE_MUSIC
2025-12-20,13,DANCING IN THE DARK,SOOBIN,,APPLE_MUSIC
2025-12-20,14,Người Đầu Tiên,Juky San,buitruonglinh,APPLE_MUSIC
2025-12-20,15,Hà Nội,Obito,"Shiki, VSTRA",APPLE_MUSIC
2025-12-20,16,NGƯỜI NHƯ ANH XỨNG ĐÁNG CÔ ĐƠN,ANH TRAI SAY HI,"Vũ Cát Tường, Karik, Negav, Ngô Kiến Huy, Jey B",APPLE_MUSIC
2025-12-20,17,Không Thời Gian,Dương Domic,,APPLE_MUSIC
2025-12-20,19,Phép Màu [Đàn Cá Gỗ Original Soundtrack],MAYDAYs,Minh Tốc & Lam,APPLE_MUSIC
2025-12-20,20,KHÔNG ĐAU NỮA RỒI,EM XINH SAY HI,"Orange, Châu Bùi, Mỹ Mỹ, Pháp Kiều, 52Hz",APPLE_MUSIC
2025-12-20,21,Em,Binz,,APPLE_MUSIC
2025-12-20,22,ANH LÀ THẰNG TỒI,Phùng Khánh Linh,,APPLE_MUSIC
2025-12-20,23,Tháng Năm,SOOBIN,,APPLE_MUSIC
2025-12-20,26,NOLOVENOLIFE,HIEUTHUHAI,,APPLE_MUSIC
2025-12-20,27,Anh Nhớ Ra,Vũ.,TRANG,APPLE_MUSIC
2025-12-20,28,Đừng Làm Trái Tim Anh Đau,Sơn Tùng M-TP,,APPLE_MUSIC
2025-12-20,29,giá như,SOOBIN,,APPLE_MUSIC
2025-12-20,30,NOT CUTE ANYMORE,ILLIT,,APPLE_MUSIC
2025-12-20,31,Anh Đã Quen Với Cô Đơn,SOOBIN,,APPLE_MUSIC
2025-12-20,32,Kho Báu,STRONG,"Rhymastic, Rhymastic",APPLE_MUSIC
2025-12-20,34,Bình Yên,Vũ.,Binz,APPLE_MUSIC
2025-12-20,35,đưa em về nhàa,GREY D,Chillies,APPLE_MUSIC
2025-12-20,36,Có Đôi Điều,Shiki,,APPLE_MUSIC
2025-12-20,37,PHÓNG ZÌN ZÌN,tlinh,Low G,APPLE_MUSIC
2025-12-20,38,nếu lúc đó,tlinh,2pillz,APPLE_MUSIC
2025-12-20,39,Vườn Hồng,Văn Mai Hương,"Chi Pu, Hà Trần",APPLE_MUSIC
2025-12-20,40,Good Goodbye,HWASA,,APPLE_MUSIC
2025-12-20,41,Thanh Xuân,Da LAB,,APPLE_MUSIC
2025-12-20,42,Nếu Những Tiếc Nuối,Vũ.,,APPLE_MUSIC
2025-12-20,43,Bảo Bối,Văn Mai Hương,,APPLE_MUSIC
2025-12-20,44,Khép Màn,Văn Mai Hương,,APPLE_MUSIC
2025-12-20,45,vaicaunoicokhiennguoithaydoi,GREY D,tlinh,APPLE_MUSIC
2025-12-20,46,Đánh Đổi,Obito,"Shiki, RPT MCK",APPLE_MUSIC
2025-12-20,47,All I Want for Christmas Is You,Mariah Carey,,APPLE_MUSIC
2025-12-20,48,Ướt Lòng,Văn Mai Hương,,APPLE_MUSIC
2025-12-20,49,Exit Sign,HIEUTHUHAI,marzuz,APPLE_MUSIC
2025-12-20,50,NGƯỜI ĐẦU TIÊN,Juky San,,APPLE_MUSIC
2025-12-20,51,Có Em Là Nhà,MIN,,APPLE_MUSIC
2025-12-20,52,Anh Đã Không Biết Cách Yêu Em,Quang Đăng Trần,,APPLE_MUSIC
2025-12-20,53,Giờ Thì,buitruonglinh,,APPLE_MUSIC
2025-12-20,54,Lạ Lùng,Vũ.,,APPLE_MUSIC
2025-12-20,55,Quá Khứ Kia Của Anh,WOKEUP,"Andree Right Hand, RHYDER, COOLKID, BAN",APPLE_MUSIC
2025-12-20,56,Em Muốn Được Bay,VSTRA,Tyronee,APPLE_MUSIC
2025-12-20,57,Vùng Xám,Văn Mai Hương,GREY D,APPLE_MUSIC
2025-12-20,60,Yêu 5,Rhymastic,,APPLE_MUSIC
2025-12-20,61,Còn Gì Đẹp Hơn (Mưa Đỏ Original Soundtrack),Nguyễn Hùng,,APPLE_MUSIC
2025-12-20,62,Panorama,Richie D. ICY,Obito,APPLE_MUSIC
2025-12-20,63,Từng Quen,Wren Evans,itsnk,APPLE_MUSIC
2025-12-20,64,ĐOẠN KỊCH CÂM,ANH TRAI SAY HI,"CONGB, Negav, B Ray, CODYNAMVO, Phạm Đình Thái Ngân, Mỹ Mỹ",APPLE_MUSIC
2025-12-20,65,Nhạc Tình,Văn Mai Hương,HURRYKNG,APPLE_MUSIC
2025-12-20,66,Wrong Times,Puppy,Dangrangto,APPLE_MUSIC
2025-12-20,67,Feel At Home,B Ray,,APPLE_MUSIC
2025-12-20,69,Love Game,Low G,tlinh,APPLE_MUSIC
2025-12-20,70,dự báo thời tiết hôm nay mưa,GREY D,,APPLE_MUSIC
2025-12-20,71,Giữ Anh Cho Ngày Hôm Qua,Hoàng Dũng,"Rhymastic, LELAREC",APPLE_MUSIC
2025-12-20,72,Nước Mắt Cá Sấu,HIEUTHUHAI,,APPLE_MUSIC
2025-12-20,73,Nàng Thơ,Hoàng Dũng,,APPLE_MUSIC
2025-12-20,74,Quá Muộn,MIN,,APPLE_MUSIC
2025-12-20,75,Ngày Này Năm Ấy,Viet Anh,,APPLE_MUSIC
2025-12-20,78,Thằng Điên,JustaTee,Phương Ly,APPLE_MUSIC
2025-12-20,79,Bước Qua Mùa Cô Đơn,Vũ.,,APPLE_MUSIC
2025-12-20,80,Tình Yêu Giữa Mùa Đông,Phan Mạnh Quỳnh,,APPLE_MUSIC
2025-12-20,81,1000 Ánh Mắt,Shiki,Obito,APPLE_MUSIC
2025-12-20,82,Đoạn Kết Mới,Hoàng Dũng,,APPLE_MUSIC
2025-12-20,83,Bút Chì Bạc,Thắng,,APPLE_MUSIC
2025-12-20,84,Chăm Hoa,MONO,,APPLE_MUSIC
2025-12-20,85,Chìm Sâu,RPT MCK,Trung Trần,APPLE_MUSIC
2025-12-20,86,Sài Gòn ơi,Obito,Shiki,APPLE_MUSIC
2025-12-20,88,Những Lời Hứa Bỏ Quên,Vũ.,Dear Jane,APPLE_MUSIC
2025-12-20,89,0 AI NGHĨ,Wxrdie,,APPLE_MUSIC
2025-12-20,90,Gác Lại Âu Lo,Da LAB,Miu Lê,APPLE_MUSIC
2025-12-20,91,để tôi ôm em bằng giai điệu này,Kai Đinh,"GREY D, MIN",APPLE_MUSIC
2025-12-20,92,Missing You,Phương Ly,,APPLE_MUSIC
2025-12-20,93,Chỉ Một Đêm Nữa Thôi,RPT MCK,tlinh,APPLE_MUSIC
2025-12-20,94,Chúng Ta Của Hiện Tại,Sơn Tùng M-TP,,APPLE_MUSIC
2025-12-20,95,AI YÊU ANH NHẤT,ANH TRAI SAY HI,"B Ray, Negav, VƯƠNG BÌNH, Gill",APPLE_MUSIC
2025-12-20,96,Waiting For You,MONO,Onionn,APPLE_MUSIC
2025-12-20,97,HERMOSA,ANH TRAI SAY HI,"Sơn.K, buitruonglinh, Tez, Mason Nguyen, CONGB",APPLE_MUSIC
2025-12-20,98,Băng Qua Cầu Giấy,Wxrdie,RPT JasonDilla,APPLE_MUSIC
2025-12-20,99,MỘNG YU,AMEE,RPT MCK,APPLE_MUSIC
2025-12-20,100,Mục Hạ Vô Nhân,SOOBIN,"Huỳnh Tú, Binz",APPLE_MUSIC
2025-12-24,1,chẳng phải tình đầu sao đau đến thế,MIN,"Dangrangto, antransax",APPLE_MUSIC
2025-12-24,2,CHỜ ANH VỀ,ANH TRAI SAY HI,"B Ray, AMEE",APPLE_MUSIC
2025-12-24,3,In Love,Low G,JustaTee,APPLE_MUSIC
2025-12-24,5,SỚM MUỘN THÌ,ANH TRAI SAY HI,"Hustlang Robber, Nhâm Phương Nam, Mason nguyen, Jaysonlei, Khoi Vu, LAMOON",APPLE_MUSIC
2025-12-24,6,hello em có khỏe không,Dfoxie37,myhoa & Tuann,APPLE_MUSIC
2025-12-24,7,Không Buông,Hngle,Ari,APPLE_MUSIC
2025-12-24,8,Hôn Vào Đây Đi,VSTRA,"Tyronee, Hairan & antransax",APPLE_MUSIC
2025-12-24,9,All I Want for Christmas Is You,Mariah Carey,,APPLE_MUSIC
2025-12-24,10,Không Thể Say,HIEUTHUHAI,,APPLE_MUSIC
2025-12-24,11,Vùng An Toàn,B Ray,V#,APPLE_MUSIC
2025-12-24,12,DANCING IN THE DARK,SOOBIN,,APPLE_MUSIC
2025-12-24,13,Mất Kết Nối,Dương Domic,,APPLE_MUSIC
2025-12-24,14,Chế Độ Im Lặng,MIN,,APPLE_MUSIC
2025-12-24,15,Em Muốn Được Bay,VSTRA,Tyronee,APPLE_MUSIC
2025-12-24,16,Hà Nội,Obito,"Shiki, VSTRA",APPLE_MUSIC
2025-12-24,17,Ghét Em Đi Làm ơn,VSTRA,Tyronee,APPLE_MUSIC
2025-12-24,19,Phép Màu [Đàn Cá Gỗ Original Soundtrack],MAYDAYs,Minh Tốc & Lam,APPLE_MUSIC
2025-12-24,20,NGƯỜI NHƯ ANH XỨNG ĐÁNG CÔ ĐƠN,ANH TRAI SAY HI,"Vũ Cát Tường, Karik, Negav, Ngô Kiến Huy, Jey B",APPLE_MUSIC
2025-12-24,21,Không Thể Quên,VSTRA,Tyronee,APPLE_MUSIC
2025-12-24,22,Tháng Năm,SOOBIN,,APPLE_MUSIC
2025-12-24,23,Không Thời Gian,Dương Domic,,APPLE_MUSIC
2025-12-24,24,Người Đầu Tiên,Juky San,buitruonglinh,APPLE_MUSIC
2025-12-24,25,Em Vẫn Cần Anh,VSTRA,Tyronee,APPLE_MUSIC
2025-12-24,26,Pin Dự Phòng,Dương Domic,Lou Hoàng,APPLE_MUSIC
2025-12-24,27,giá như,SOOBIN,,APPLE_MUSIC
2025-12-24,28,KHÔNG ĐAU NỮA RỒI,EM XINH SAY HI,"Orange, Châu Bùi, Mỹ Mỹ, Pháp Kiều, 52Hz",APPLE_MUSIC
2025-12-24,30,Falling For U,VSTRA,Tyronee,APPLE_MUSIC
2025-12-24,31,NOLOVENOLIFE,HIEUTHUHAI,,APPLE_MUSIC
2025-12-24,32,Em,Binz,,APPLE_MUSIC
2025-12-24,33,Anh Nhớ Ra,Vũ.,TRANG,APPLE_MUSIC
2025-12-24,34,Rượu Tây Khói Trắng,VSTRA,"TGSN, Tage",APPLE_MUSIC
2025-12-24,35,ANH LÀ THẰNG TỒI,Phùng Khánh Linh,,APPLE_MUSIC
2025-12-24,36,Đừng Làm Trái Tim Anh Đau,Sơn Tùng M-TP,,APPLE_MUSIC
2025-12-24,38,Đừng,VSTRA,Tyronee,APPLE_MUSIC
2025-12-24,39,Jingle Bell Rock,Bobby Helms,,APPLE_MUSIC
2025-12-24,40,Anh Đã Quen Với Cô Đơn,SOOBIN,,APPLE_MUSIC
2025-12-24,41,PHÓNG ZÌN ZÌN,tlinh,Low G,APPLE_MUSIC
2025-12-24,42,Luôn Hằng Yêu Anh,VSTRA,Tyronee,APPLE_MUSIC
2025-12-24,43,Bình Yên,Vũ.,Binz,APPLE_MUSIC
2025-12-24,44,NOT CUTE ANYMORE,ILLIT,,APPLE_MUSIC
2025-12-24,45,Có Đôi Điều,Shiki,,APPLE_MUSIC
2025-12-24,46,Kho Báu,STRONG,"Rhymastic, Rhymastic",APPLE_MUSIC
2025-12-24,47,Yêu Ơi,VSTRA,Tyronee,APPLE_MUSIC
2025-12-24,49,Tự Hát,VSTRA,Tyronee,APPLE_MUSIC
2025-12-24,50,nếu lúc đó,tlinh,2pillz,APPLE_MUSIC
2025-12-24,51,Trip Y Hệt,VSTRA,TGSN,APPLE_MUSIC
2025-12-24,52,Nếu Những Tiếc Nuối,Vũ.,,APPLE_MUSIC
2025-12-24,53,đưa em về nhàa,GREY D,Chillies,APPLE_MUSIC
2025-12-24,55,Exit Sign,HIEUTHUHAI,marzuz,APPLE_MUSIC
2025-12-24,56,Thanh Xuân,Da LAB,,APPLE_MUSIC
2025-12-24,57,Ai Ngoài Anh,VSTRA,Tyronee,APPLE_MUSIC
2025-12-24,58,Good Goodbye,HWASA,,APPLE_MUSIC
2025-12-24,59,vaicaunoicokhiennguoithaydoi,GREY D,tlinh,APPLE_MUSIC
2025-12-24,60,Đánh Đổi,Obito,"Shiki, RPT MCK",APPLE_MUSIC
2025-12-24,61,Vườn Hồng,Văn Mai Hương,"Chi Pu, Hà Trần",APPLE_MUSIC
2025-12-24,62,Khép Màn,Văn Mai Hương,,APPLE_MUSIC
2025-12-24,63,Từng Quen,Wren Evans,itsnk,APPLE_MUSIC
2025-12-24,64,Lạ Lùng,Vũ.,,APPLE_MUSIC
2025-12-24,65,Anh Đã Không Biết Cách Yêu Em,Quang Đăng Trần,,APPLE_MUSIC
2025-12-24,66,NGƯỜI ĐẦU TIÊN,Juky San,,APPLE_MUSIC
2025-12-24,67,Underneath the Tree,Kelly Clarkson,,APPLE_MUSIC
2025-12-24,68,Giờ Thì,buitruonglinh,,APPLE_MUSIC
2025-12-24,69,Còn Gì Đẹp Hơn (Mưa Đỏ Original Soundtrack),Nguyễn Hùng,,APPLE_MUSIC
2025-12-24,70,Bảo Bối,Văn Mai Hương,,APPLE_MUSIC
2025-12-24,71,Quá Khứ Kia Của Anh,WOKEUP,"Andree Right Hand, RHYDER, COOLKID, BAN",APPLE_MUSIC
2025-12-24,72,Tình Yêu Giữa Mùa Đông,Phan Mạnh Quỳnh,,APPLE_MUSIC
2025-12-24,74,Yêu 5,Rhymastic,,APPLE_MUSIC
2025-12-24,75,Wrong Times,Puppy,Dangrangto,APPLE_MUSIC
2025-12-24,76,Thằng Điên,JustaTee,Phương Ly,APPLE_MUSIC
2025-12-24,77,Ngày Này Năm Ấy,Viet Anh,,APPLE_MUSIC
2025-12-24,80,Em (Interlude),VSTRA,Tyronee,APPLE_MUSIC
2025-12-24,81,Panorama,Richie D. ICY,Obito,APPLE_MUSIC
2025-12-24,82,dự báo thời tiết hôm nay mưa,GREY D,,APPLE_MUSIC
2025-12-24,83,Nàng Thơ,Hoàng Dũng,,APPLE_MUSIC
2025-12-24,84,Vùng Xám,Văn Mai Hương,GREY D,APPLE_MUSIC
2025-12-24,85,Nước Mắt Cá Sấu,HIEUTHUHAI,,APPLE_MUSIC
2025-12-24,86,1000 Ánh Mắt,Shiki,Obito,APPLE_MUSIC
2025-12-24,87,Feel At Home,B Ray,,APPLE_MUSIC
2025-12-24,88,Nhan Sax,Bùi Lan Hương,Rhymastic,APPLE_MUSIC
2025-12-24,90,Love Game,Low G,tlinh,APPLE_MUSIC
2025-12-24,91,Let It Snow! Let It Snow! Let It Snow!,Dean Martin,,APPLE_MUSIC
2025-12-24,92,Bước Qua Mùa Cô Đơn,Vũ.,,APPLE_MUSIC
2025-12-24,94,Giữ Anh Cho Ngày Hôm Qua,Hoàng Dũng,"Rhymastic, LELAREC",APPLE_MUSIC
2025-12-24,95,Có Em Là Nhà,MIN,,APPLE_MUSIC
2025-12-24,96,Ướt Lòng,Văn Mai Hương,,APPLE_MUSIC
2025-12-24,97,ĐOẠN KỊCH CÂM,ANH TRAI SAY HI,"CONGB, Negav, B Ray, CODYNAMVO, Phạm Đình Thái Ngân, Mỹ Mỹ",APPLE_MUSIC
2025-12-24,99,Hẹn Lần Sau,MAYDAYs,,APPLE_MUSIC
2025-12-24,100,Chìm Sâu,RPT MCK,Trung Trần,APPLE_MUSIC
