artist_id,artist_name,total_followers,popularity,genres,spotify_url,image_url
4wZ6awunqaaVLl5j0WpDFu,"ANH TRAI ""SAY HI""",1273127,70,"v-pop, vietnamese hip hop",https://open.spotify.com/artist/4wZ6awunqaaVLl5j0WpDFu,https://i.scdn.co/image/ab6761610000e5eb6f1640bbb255a2921955ec7f
5dfZ5uSmzR7VQK0udbAVpf,Sơn Tùng M-TP,7610913,67,"v-pop, vinahouse, vietnamese hip hop",https://open.spotify.com/artist/5dfZ5uSmzR7VQK0udbAVpf,https://i.scdn.co/image/ab6761610000e5eb5a79a6ca8c60e4ec1440be53
7Cp2hGcriAaDUAWpXnSEwm,buitruonglinh,913414,67,"v-pop, vietnamese lo-fi, vietnam indie, vinahouse",https://open.spotify.com/artist/7Cp2hGcriAaDUAWpXnSEwm,https://i.scdn.co/image/ab6761610000e5eb9adfc46417bb7d546b4ab3dd
5HZtdKfC4xU0wvhEyYDWiY,HIEUTHUHAI,2587476,66,"v-pop, vietnamese hip hop, vietnamese lo-fi, vietnam indie, vinahouse",https://open.spotify.com/artist/5HZtdKfC4xU0wvhEyYDWiY,https://i.scdn.co/image/ab6761610000e5eb21942907035a43a2d118c55c
5xY6E5PMZNtz9jDvxTRiGI,Dangrangto,498014,66,"vietnamese hip hop, v-pop",https://open.spotify.com/artist/5xY6E5PMZNtz9jDvxTRiGI,https://i.scdn.co/image/ab6761610000e5eb5b09f4c3eeb52b57f76dccbc
6CGGvCBHWqQ4HXtn5aLhbh,SOOBIN,1295395,66,"v-pop, vietnamese hip hop, vietnam indie, vinahouse",https://open.spotify.com/artist/6CGGvCBHWqQ4HXtn5aLhbh,https://i.scdn.co/image/ab6761610000e5eb30db194110c51d9e7fd3c7e7
6TITnFVRcl0AcZ4syE7Toe,Low G,1860011,65,"vietnamese hip hop, v-pop, vietnam indie",https://open.spotify.com/artist/6TITnFVRcl0AcZ4syE7Toe,https://i.scdn.co/image/ab6761610000e5eb372c097eb7bbf1cbf8f9ed4d
3diftVOq7aEIebXKkC34oR,tlinh,1808641,65,"v-pop, vietnamese hip hop, vietnam indie, vinahouse",https://open.spotify.com/artist/3diftVOq7aEIebXKkC34oR,https://i.scdn.co/image/ab6761610000e5eb230e62752ca87da1d85d0445
1WvNgEoB66jmHodcj15Zi9,B Ray,1311337,65,"vietnamese hip hop, v-pop, vinahouse, vietnam indie",https://open.spotify.com/artist/1WvNgEoB66jmHodcj15Zi9,https://i.scdn.co/image/ab6761610000e5eb69b0142434aee6cd70a581bc
57g2v7gJZepcwsuwssIfZs,Vũ.,2734210,65,"v-pop, vietnam indie, vietnamese lo-fi",https://open.spotify.com/artist/57g2v7gJZepcwsuwssIfZs,https://i.scdn.co/image/ab6761610000e5eb2d7150aa7e90e9a85610ab3d
4KPyQxL1zqEiBcTwW6c9HE,Dương Domic,751013,64,"v-pop, vietnamese hip hop",https://open.spotify.com/artist/4KPyQxL1zqEiBcTwW6c9HE,https://i.scdn.co/image/ab6761610000e5eb352d5672d70464e67c3ae963
1Jmkhzve9TuXHUUWGmpANw,Wxrdie,739027,63,"vietnamese hip hop, v-pop",https://open.spotify.com/artist/1Jmkhzve9TuXHUUWGmpANw,https://i.scdn.co/image/ab6761610000e5ebf7ac790a43867c10ef8a7d29
1I5CkmtLVWLUygTT3cLr5X,"EM XINH ""SAY HI""",241187,63,v-pop,https://open.spotify.com/artist/1I5CkmtLVWLUygTT3cLr5X,https://i.scdn.co/image/ab6761610000e5eb6f627123ba2c74ec534c85f7
1W2pigH6UYwuTuFbwoSfVZ,RHYDER,762860,63,"v-pop, vietnamese hip hop",https://open.spotify.com/artist/1W2pigH6UYwuTuFbwoSfVZ,https://i.scdn.co/image/ab6761610000e5eb3a413ecb08d6a5b0a496d3c0
0IdAjS2LRieBR3gzoazdAw,MIN,1116732,63,"v-pop, vietnamese hip hop, vietnam indie, vinahouse",https://open.spotify.com/artist/0IdAjS2LRieBR3gzoazdAw,https://i.scdn.co/image/ab6761610000e5eb7a2969bce359f6c1a39b26a8
3rjcQ5VIWCN4q7UFetzdeO,JustaTee,1262417,63,"v-pop, vietnamese hip hop, vietnam indie",https://open.spotify.com/artist/3rjcQ5VIWCN4q7UFetzdeO,https://i.scdn.co/image/ab6761610000e5eb32ef88cff38b5ff46fa0004a
4fg8aMZ23d2bxKz7r2vt9v,Negav,401955,63,"v-pop, vietnamese hip hop, vietnam indie",https://open.spotify.com/artist/4fg8aMZ23d2bxKz7r2vt9v,https://i.scdn.co/image/ab6761610000e5eb425c4e3964f7fd024842ec76
0ZbgKh0FgPYeFP38nVaEGp,Obito,1313066,63,"v-pop, vietnamese hip hop, vietnam indie",https://open.spotify.com/artist/0ZbgKh0FgPYeFP38nVaEGp,https://i.scdn.co/image/ab6761610000e5eba385bd3e0f67945f277792c2
2nSO7JYDbJrYbJmP39qUzj,Binz,1267399,62,"vietnamese hip hop, v-pop, vietnam indie, vinahouse",https://open.spotify.com/artist/2nSO7JYDbJrYbJmP39qUzj,https://i.scdn.co/image/ab6761610000e5ebc1e37930853ff1686dcdd567
3hRnvEdu1iPyB6EzMBbuZq,Shiki,126732,62,"vietnamese hip hop, v-pop, vietnam indie",https://open.spotify.com/artist/3hRnvEdu1iPyB6EzMBbuZq,https://i.scdn.co/image/ab6761610000e5eb71581ba96c0dfa03f23beeb9
7yquVKfxBuNFJbG9cy2R8A,Vũ Cát Tường,945170,62,"v-pop, vietnam indie",https://open.spotify.com/artist/7yquVKfxBuNFJbG9cy2R8A,https://i.scdn.co/image/ab6761610000e5ebb6f728660d5609ec077de870
6zUWZmyi5MLOEynQ5wCI5f,Da LAB,1230645,62,"v-pop, vietnamese hip hop, vietnam indie, vietnamese lo-fi, vinahouse",https://open.spotify.com/artist/6zUWZmyi5MLOEynQ5wCI5f,https://i.scdn.co/image/ab6761610000e5eb62c092ca08054a8ce883ef7e
1zSv9qZANOWB4HRE8sxeTL,RPT MCK,1305929,61,"vietnamese hip hop, v-pop, vietnam indie",https://open.spotify.com/artist/1zSv9qZANOWB4HRE8sxeTL,https://i.scdn.co/image/ab6761610000e5ebb97791c136d7354ad7792555
0dBcEvEklr1jx4uZuhFX5e,Ronboogz,454964,61,"v-pop, vietnamese hip hop, vietnam indie",https://open.spotify.com/artist/0dBcEvEklr1jx4uZuhFX5e,https://i.scdn.co/image/ab6761610000e5eb8de0c8ed480aabd579520b48
1LEtM3AleYg1xabW6CRkpi,Đen,4556561,61,"v-pop, vietnamese hip hop, vietnam indie, vietnamese lo-fi",https://open.spotify.com/artist/1LEtM3AleYg1xabW6CRkpi,https://i.scdn.co/image/ab6761610000e5eb91d2d39877c13427a2651af5
2aQnC3DbZB9GbauvhAw7ve,AMEE,1695813,61,"v-pop, vietnamese hip hop, vietnam indie",https://open.spotify.com/artist/2aQnC3DbZB9GbauvhAw7ve,https://i.scdn.co/image/ab6761610000e5ebfd70279a04a9b3796e7dcd4d
51wGpVg4Z3lv1IjuZAQjXn,Juky San,165065,60,"v-pop, vietnamese hip hop, vietnam indie",https://open.spotify.com/artist/51wGpVg4Z3lv1IjuZAQjXn,https://i.scdn.co/image/ab6761610000e5eb6b2868cd823c288fb1b686b3
0slOzRzTQb1RBBVJbvRITP,Quang Hùng MasterD,580317,60,"v-pop, vinahouse, vietnamese hip hop",https://open.spotify.com/artist/0slOzRzTQb1RBBVJbvRITP,https://i.scdn.co/image/ab6761610000e5eb114e6e6e87d44db768bc8cea
6OzE2OdvV2tGAxSBsBuZ74,Hoàng Dũng,739209,60,"v-pop, vietnam indie, vietnamese lo-fi, vietnamese hip hop",https://open.spotify.com/artist/6OzE2OdvV2tGAxSBsBuZ74,https://i.scdn.co/image/ab6761610000e5eb737a9da0ddb330f242cf16d5
5lAfakPZgxFKgiJD6xAF1G,Orange,739040,60,"v-pop, vietnamese hip hop, vietnam indie, vinahouse",https://open.spotify.com/artist/5lAfakPZgxFKgiJD6xAF1G,https://i.scdn.co/image/ab6761610000e5eb4fd642b5cb18ea447c5a6110
6d0dLenjy5CnR5ZMn2agiV,GREY D,478059,60,"v-pop, vietnam indie, vietnamese hip hop",https://open.spotify.com/artist/6d0dLenjy5CnR5ZMn2agiV,https://i.scdn.co/image/ab6761610000e5ebdaf8a5b12685e3f3deb33a29
0V2DfUrZvBuUReS1LFo5ZI,Ngọt,1066727,59,"vietnam indie, v-pop, vietnamese lo-fi, vietnamese hip hop",https://open.spotify.com/artist/0V2DfUrZvBuUReS1LFo5ZI,https://i.scdn.co/image/ab6761610000e5eb66e0a040a53996e8bf19f9b5
1y28JlO6rDMUB5rkcA4RAh,52Hz,326028,59,"v-pop, vietnam indie, vietnamese hip hop",https://open.spotify.com/artist/1y28JlO6rDMUB5rkcA4RAh,https://i.scdn.co/image/ab6761610000e5eb72856734dbbdac3027b447e3
6NF9Oa4ThQWCj6mogFSrVD,W/N,1797397,59,"v-pop, vietnamese lo-fi, vietnamese hip hop, vietnam indie",https://open.spotify.com/artist/6NF9Oa4ThQWCj6mogFSrVD,https://i.scdn.co/image/ab6761610000e5eb316c0f0bc6cf3a29c203ab1e
2xvW7dgL1640K8exTcRMS4,Chillies,981747,59,"v-pop, vietnam indie, vietnamese hip hop",https://open.spotify.com/artist/2xvW7dgL1640K8exTcRMS4,https://i.scdn.co/image/ab6761610000e5ebdc19b29cb3109805bc4f6910
5Kh0ta0UY4uJ4g2CIdq9V9,Phương Ly,707642,59,"v-pop, vietnamese hip hop, vietnam indie, vinahouse",https://open.spotify.com/artist/5Kh0ta0UY4uJ4g2CIdq9V9,https://i.scdn.co/image/ab6761610000e5ebd44b24dd66374b59c07e319e
2Bwp23pD4UVsSkchHDZw4F,Karik,537364,59,"v-pop, vietnamese hip hop, vietnam indie",https://open.spotify.com/artist/2Bwp23pD4UVsSkchHDZw4F,https://i.scdn.co/image/ab6761610000e5eb2ef6756afdf74f9b7e3a1861
351mBX7BjjI2plbfozIzqb,VƯƠNG BÌNH,14057,58,"v-pop, vietnam indie",https://open.spotify.com/artist/351mBX7BjjI2plbfozIzqb,https://i.scdn.co/image/ab6761610000e5eb455fdb7eec39ae5de6b47639
0gGd4WhPXBSgDX6fdOHcOw,Rhymastic,775145,58,"v-pop, vietnamese hip hop, vietnam indie, vinahouse",https://open.spotify.com/artist/0gGd4WhPXBSgDX6fdOHcOw,https://i.scdn.co/image/ab6761610000e5eb925504351e48c2dbdcad135f
3y6Lfjkrdn5TgkbgDxbpvM,marzuz,39829,58,"v-pop, vietnam indie, vietnamese hip hop",https://open.spotify.com/artist/3y6Lfjkrdn5TgkbgDxbpvM,https://i.scdn.co/image/ab6761610000e5ebbcf522c762631180c74a355d
3Tehj7YghQc7zH0I1faGc6,BigDaddy,381159,58,"v-pop, vietnamese hip hop, vietnam indie, vinahouse",https://open.spotify.com/artist/3Tehj7YghQc7zH0I1faGc6,https://i.scdn.co/image/ab6761610000e5ebd11431a2d0efb06cf912d920
2aMo0CYbTieTisS0BlWc59,VSTRA,402460,58,"v-pop, vietnamese lo-fi, vietnamese hip hop, vietnam indie",https://open.spotify.com/artist/2aMo0CYbTieTisS0BlWc59,https://i.scdn.co/image/ab6761610000e5eb9612bebdf75dcc412722b8ea
4dH6uW4FU977FDuTcCHGUf,RIO,38892,58,"v-pop, vietnam indie, vietnamese hip hop",https://open.spotify.com/artist/4dH6uW4FU977FDuTcCHGUf,https://i.scdn.co/image/ab6761610000e5eb2a6d1ecedd4314fe14a06968
75Ki5hBCOpDtKGoFyTvLxP,Lou Hoàng,581738,58,"v-pop, vinahouse",https://open.spotify.com/artist/75Ki5hBCOpDtKGoFyTvLxP,https://i.scdn.co/image/ab6761610000e5eb1ecb294a0e1b2749d648f555
13c4ijEkXNvEFoxGxwp5Su,Pháp Kiều,315386,58,"v-pop, vietnamese hip hop",https://open.spotify.com/artist/13c4ijEkXNvEFoxGxwp5Su,https://i.scdn.co/image/ab6761610000e5eb26a712a3489480dbfa0853ae
23Gbd21nBxC1kCtcG2Cd0C,Phùng Khánh Linh,121153,57,"v-pop, vietnam indie",https://open.spotify.com/artist/23Gbd21nBxC1kCtcG2Cd0C,https://i.scdn.co/image/ab6761610000e5eb3d72fd994882153be8113e7d
1L1VfizWn4DkFt602yD80U,ERIK,1149066,57,"v-pop, vinahouse, vietnam indie",https://open.spotify.com/artist/1L1VfizWn4DkFt602yD80U,https://i.scdn.co/image/ab6761610000e5eb916407e907705dc1ab9010c3
1cPpd989kghzlZqfpP4KwL,RAP VIỆT,2108299,57,"vietnamese hip hop, v-pop",https://open.spotify.com/artist/1cPpd989kghzlZqfpP4KwL,https://i.scdn.co/image/ab6761610000e5eb9d2bdcb58736ac5fbd385d11
71Cy7nzbfpuGJAS5FGxm93,Khoi Vu,63966,56,"v-pop, vietnamese lo-fi, vietnamese hip hop, vietnam indie",https://open.spotify.com/artist/71Cy7nzbfpuGJAS5FGxm93,https://i.scdn.co/image/ab6761610000e5eb6b6b3f17f2b401fa482c3f31
2NRcG7E1j2sSi8vnUzCcpi,Quân A.P,903106,56,"v-pop, vietnamese lo-fi",https://open.spotify.com/artist/2NRcG7E1j2sSi8vnUzCcpi,https://i.scdn.co/image/ab6761610000e5ebdcf9d96bc4ce9e0b4bd68fba
5FWPIKz9czXWaiNtw45KQs,Đức Phúc,1438997,56,"v-pop, vietnam indie, vinahouse",https://open.spotify.com/artist/5FWPIKz9czXWaiNtw45KQs,https://i.scdn.co/image/ab6761610000e5ebe4b06740e275331ee84c5a26
21trGUfOb8qkRjI4EyF1qm,Mỹ Mỹ,43694,56,v-pop,https://open.spotify.com/artist/21trGUfOb8qkRjI4EyF1qm,https://i.scdn.co/image/ab6761610000e5ebfc6f6ca391a4cfde17764f65
5kT9ftAJylK1roRMcdcsw2,LAMOON,45286,56,v-pop,https://open.spotify.com/artist/5kT9ftAJylK1roRMcdcsw2,https://i.scdn.co/image/ab6761610000e5eb013ad909746cfa5472f1e053
7at0gkjCnhOBrxwQlJPJ4s,Ngô Kiến Huy,184891,56,v-pop,https://open.spotify.com/artist/7at0gkjCnhOBrxwQlJPJ4s,https://i.scdn.co/image/ab6761610000e5eb5b9601a22bd6c59d0feed416
4R3mugkUqCALXgkwSptTbg,Đạt G,631661,56,"v-pop, vietnamese hip hop, vietnam indie, vinahouse",https://open.spotify.com/artist/4R3mugkUqCALXgkwSptTbg,https://i.scdn.co/image/ab6761610000e5eb566c6bf623bf12f1a4979a05
30eFAXoU2kTjJPf2cq80B8,WEAN,512847,56,"v-pop, vietnamese hip hop, vietnam indie",https://open.spotify.com/artist/30eFAXoU2kTjJPf2cq80B8,https://i.scdn.co/image/ab6761610000e5eb040ce9d8a0ff0e237249a644
3HD3V1nGFPwepBO7064Ij0,PC,172785,55,"vietnamese hip hop, vietnamese lo-fi, v-pop, vietnam indie",https://open.spotify.com/artist/3HD3V1nGFPwepBO7064Ij0,https://i.scdn.co/image/ab6761610000e5eba89c4b57cc76f6d0fa7af15f
2xK6qcvfXuFFbU0NL95aeo,Thịnh Suy,787143,55,"v-pop, vietnam indie, vietnamese lo-fi",https://open.spotify.com/artist/2xK6qcvfXuFFbU0NL95aeo,https://i.scdn.co/image/ab6761610000e5eb30f9ed21d498b489f97a3dc6
35HU1GT1q797EwZsP8uduO,Mr.Siro,1283617,55,v-pop,https://open.spotify.com/artist/35HU1GT1q797EwZsP8uduO,https://i.scdn.co/image/ab6761610000e5eb4371fb198b011bb666a3bfde
1OIYKbmhG0RxPXvVPNj3NN,Madihu,295953,55,"v-pop, vietnam indie, vietnamese hip hop",https://open.spotify.com/artist/1OIYKbmhG0RxPXvVPNj3NN,https://i.scdn.co/image/ab6761610000e5eb3bcc23d31e8962897b7d3e2c
1oD9fKbb7qQ2nhn9JJC24F,Thắng,319724,55,"vietnam indie, v-pop, vietnamese hip hop",https://open.spotify.com/artist/1oD9fKbb7qQ2nhn9JJC24F,https://i.scdn.co/image/ab6761610000e5eb43adea396c358455ecc0e73f
04xz9bIBYTIqEpmRvQkfvu,Tyronee,16358,55,"v-pop, vietnam indie, vietnamese hip hop",https://open.spotify.com/artist/04xz9bIBYTIqEpmRvQkfvu,https://i.scdn.co/image/ab6761610000e5eb6162b401151ff8da80ac577a
3JkGKNawown8MgcJsDw1WT,Duongg,70186,55,"vietnamese lo-fi, v-pop, vietnam indie",https://open.spotify.com/artist/3JkGKNawown8MgcJsDw1WT,https://i.scdn.co/image/ab6761610000e5eb5f79cd0c11cd708d94bbdecc
7kBsX15IDun9YxuVmKCMYJ,Hngle,13531,55,v-pop,https://open.spotify.com/artist/7kBsX15IDun9YxuVmKCMYJ,https://i.scdn.co/image/ab6761610000e5eb705993fcf7f2724042850e8b
5M3ffmRiOX9Q8Y4jNeR5wu,Wren Evans,639928,55,"v-pop, vietnam indie, vietnamese hip hop, vinahouse",https://open.spotify.com/artist/5M3ffmRiOX9Q8Y4jNeR5wu,https://i.scdn.co/image/ab6761610000e5eb170428492febf4a71ef1e08e
1pKPrziZw7C4GvOlBIXqP5,CAPTAIN BOY,314216,55,"v-pop, vietnamese hip hop",https://open.spotify.com/artist/1pKPrziZw7C4GvOlBIXqP5,https://i.scdn.co/image/ab6761610000e5eb07acd610dcd9331a409abe41
3KJopZ2uUclqEtLxQg0FNn,Jack - J97,683956,55,"v-pop, vinahouse, vietnamese lo-fi",https://open.spotify.com/artist/3KJopZ2uUclqEtLxQg0FNn,https://i.scdn.co/image/ab6761610000e5eb590faf0dfd50885b67186aab
6xRZoWlE9twEkMC5NW4Z9f,Hoàng Tôn,297035,55,"v-pop, vietnamese hip hop, vinahouse, vietnam indie",https://open.spotify.com/artist/6xRZoWlE9twEkMC5NW4Z9f,https://i.scdn.co/image/ab6761610000e5ebedbcd6617c30e3c85939c8c1
2rVYwIYNEsMxtt8j5yemHb,T.R.I,276105,55,"v-pop, vietnamese lo-fi, vietnam indie, vietnamese hip hop",https://open.spotify.com/artist/2rVYwIYNEsMxtt8j5yemHb,https://i.scdn.co/image/ab6761610000e5eb5227b3b41e9e28c80ff488d8
6EybZ5zwPNEtEngfrEMevN,JSOL,310054,55,"v-pop, vietnamese hip hop, vietnamese lo-fi",https://open.spotify.com/artist/6EybZ5zwPNEtEngfrEMevN,https://i.scdn.co/image/ab6761610000e5eb715ebe01233a751b87f5f65b
4bPYvyUn1mWwUwIW57oST2,Emcee L (Da LAB),222175,55,"v-pop, vietnamese lo-fi, vietnam indie, vietnamese hip hop",https://open.spotify.com/artist/4bPYvyUn1mWwUwIW57oST2,https://i.scdn.co/image/ab6761610000e5eb92dc4a2cbffbddb59f825fe0
3oD2yI1g6aT3KawHD8ZYaU,TeuYungBoy,62240,55,"vietnamese hip hop, v-pop",https://open.spotify.com/artist/3oD2yI1g6aT3KawHD8ZYaU,https://i.scdn.co/image/ab6761610000e5ebf0d96b347abec2c6872333d4
4grjJqg7iwQ8RKHs8d9Snh,Andree Right Hand,447894,55,"vietnamese hip hop, v-pop, vinahouse",https://open.spotify.com/artist/4grjJqg7iwQ8RKHs8d9Snh,https://i.scdn.co/image/ab6761610000e5ebdfe57061d76082712e9c27ec
4usb4zmoHVcrvPPHHkKYaV,Nhâm Phương Nam,4207,54,v-pop,https://open.spotify.com/artist/4usb4zmoHVcrvPPHHkKYaV,https://i.scdn.co/image/ab67616d0000b2738ca5692bbb36bfdf1def6255
14W31zJumZnGDgZuPXclTJ,Thanh Hưng,294895,54,"v-pop, vinahouse",https://open.spotify.com/artist/14W31zJumZnGDgZuPXclTJ,https://i.scdn.co/image/ab6761610000e5eb394f4bba5e758ad7adc00a3c
0qkGQFUrj8ERPAZcdpa79j,Phuc Du,130747,54,"vietnamese hip hop, v-pop, vinahouse, vietnam indie",https://open.spotify.com/artist/0qkGQFUrj8ERPAZcdpa79j,https://i.scdn.co/image/ab6761610000e5eb0f83264a3e7470996f394e0a
0aNyWetkjBvIdZvJY00yEa,Phan Mạnh Quỳnh,1165498,54,"v-pop, vietnam indie, vietnamese lo-fi",https://open.spotify.com/artist/0aNyWetkjBvIdZvJY00yEa,https://i.scdn.co/image/ab6761610000e5eb90e8f2fa6b253ae181e8daf4
2LX2SKJhvZjyH4Z7XMptjd,Quang Đăng Trần,25326,54,"vietnamese lo-fi, v-pop, vinahouse",https://open.spotify.com/artist/2LX2SKJhvZjyH4Z7XMptjd,https://i.scdn.co/image/ab6761610000e5ebb9097a928b3621fd6eded78d
0zo8kCJVktn7oPnzpkbC2p,14 Casper,104072,54,"v-pop, vietnamese lo-fi, vietnam indie",https://open.spotify.com/artist/0zo8kCJVktn7oPnzpkbC2p,https://i.scdn.co/image/ab6761610000e5ebfc4fac36bde861a01948db14
70swmqj7c3SHkkdf2SrSUy,LYHAN,68489,54,v-pop,https://open.spotify.com/artist/70swmqj7c3SHkkdf2SrSUy,https://i.scdn.co/image/ab6761610000e5eb9b106081ad6c1589e32d0f6b
1nX1HVIUo1Zfs3e2v3lFb9,Changg,177861,54,"v-pop, vietnam indie, vietnamese hip hop, vietnamese lo-fi",https://open.spotify.com/artist/1nX1HVIUo1Zfs3e2v3lFb9,https://i.scdn.co/image/ab6761610000e5eb9e53df00a6150ec6a2ba319f
3E6LGptA8lBEXPHAQCE3vr,Kai Đinh,116650,54,"v-pop, vietnamese lo-fi, vietnam indie",https://open.spotify.com/artist/3E6LGptA8lBEXPHAQCE3vr,https://i.scdn.co/image/ab6761610000e5ebc9abb4a1eb3dcd342650df35
63SNH9m8M034lCGELVC1dm,Văn Mai Hương,507583,54,"v-pop, vietnamese hip hop, vinahouse, vietnam indie",https://open.spotify.com/artist/63SNH9m8M034lCGELVC1dm,https://i.scdn.co/image/ab6761610000e5ebbae0a409d0f24e971ad52f1d
1Qia4CTwh6x0CZbD0079zi,CoolKid,166357,54,"v-pop, vietnamese hip hop",https://open.spotify.com/artist/1Qia4CTwh6x0CZbD0079zi,https://i.scdn.co/image/ab6761610000e5eb2855aefc6cdea30df884e6e2
7MtgS1BXZAtslgSSTpdikk,CODYNAMVO,11236,54,v-pop,https://open.spotify.com/artist/7MtgS1BXZAtslgSSTpdikk,https://i.scdn.co/image/ab6761610000e5eb91d228e18e2fd71f046fcb87
5sK9cYMRqNOdY9Og2DKAgs,H2O Remix,122295,54,"vinahouse, v-pop",https://open.spotify.com/artist/5sK9cYMRqNOdY9Og2DKAgs,https://i.scdn.co/image/ab6761610000e5eb11d0c44719cdfe387924215d
4zg9WrDAFl1dGh2eSWLnOG,Dfoxie37,17448,54,"vietnam indie, vietnamese hip hop, v-pop",https://open.spotify.com/artist/4zg9WrDAFl1dGh2eSWLnOG,https://i.scdn.co/image/ab6761610000e5ebea4b4ff79465a25678b33d86
2Gvp79Cmni6PX13CAlSGex,Bùi Anh Tuấn,405890,53,v-pop,https://open.spotify.com/artist/2Gvp79Cmni6PX13CAlSGex,https://i.scdn.co/image/ab6761610000e5ebf2db4875c81f4d103aefc81a
2BoU3GzyaG397l5ci1twa9,Shartnuss,12398,53,"v-pop, vietnam indie",https://open.spotify.com/artist/2BoU3GzyaG397l5ci1twa9,https://i.scdn.co/image/ab6761610000e5eb418ea7fde203b96661e581f0
3nGqUwkJHiLPDECMVrX1Sq,Masew,677958,53,"v-pop, vietnamese hip hop, vinahouse, vietnam indie, vietnamese lo-fi",https://open.spotify.com/artist/3nGqUwkJHiLPDECMVrX1Sq,https://i.scdn.co/image/ab6761610000e5eb5994d6460124b6bca750c455
1n9JKdEdLxrbgJiqz1WZFJ,Tăng Duy Tân,413323,53,"v-pop, vinahouse, vietnamese lo-fi",https://open.spotify.com/artist/1n9JKdEdLxrbgJiqz1WZFJ,https://i.scdn.co/image/ab6761610000e5ebf62a5dda940d17262800d582
7kSmS2G15QIw8rllwGex9r,Fishy,16302,53,"v-pop, vietnam indie, vietnamese lo-fi",https://open.spotify.com/artist/7kSmS2G15QIw8rllwGex9r,https://i.scdn.co/image/ab6761610000e5eb5ca410a8b41c0a4e8e3e0c31
3mibIJiduF0MVLLAvHZAxw,Noo Phước Thịnh,941780,53,"v-pop, vinahouse",https://open.spotify.com/artist/3mibIJiduF0MVLLAvHZAxw,https://i.scdn.co/image/ab6761610000e5eb8db5f2015bbfe707163221f8
5GBXwBVQufRCmwI1bNRIUo,Only C,598669,53,"v-pop, vietnamese hip hop, vinahouse",https://open.spotify.com/artist/5GBXwBVQufRCmwI1bNRIUo,https://i.scdn.co/image/ab6761610000e5ebc7c8ae4ffa1d7f3bfd4aadfa
0qAJ604EZMbkbpZ9NN6W6d,WOKEUP,20715,53,"vietnamese hip hop, v-pop",https://open.spotify.com/artist/0qAJ604EZMbkbpZ9NN6W6d,https://i.scdn.co/image/ab6761610000e5ebdfe775d97f72658dc91ec3ea
0r63ReVRjxrS4ATbLrdcrL,Hoàng Thùy Linh,879307,53,"v-pop, vinahouse, vietnamese hip hop, vietnam indie",https://open.spotify.com/artist/0r63ReVRjxrS4ATbLrdcrL,https://i.scdn.co/image/ab6761610000e5eb0910bc39eeb9ad6af0ed34b3
4e5LAUvM35jleGg8gElTsP,Miu Lê,490870,53,"v-pop, vietnamese hip hop, vinahouse",https://open.spotify.com/artist/4e5LAUvM35jleGg8gElTsP,https://i.scdn.co/image/ab6761610000e5eb2fc3ef8a80c35243e5e899b8
1BcjfrXV4Oe3fK0c8dnxFF,Phương Mỹ Chi,239689,53,"v-pop, vietnamese bolero",https://open.spotify.com/artist/1BcjfrXV4Oe3fK0c8dnxFF,https://i.scdn.co/image/ab6761610000e5eb63b7a2cd3990ab3dd580d3de
0tBmmwc8j8zbJxISwdsvjA,Andiez,401208,53,"v-pop, vietnam indie, vietnamese lo-fi",https://open.spotify.com/artist/0tBmmwc8j8zbJxISwdsvjA,https://i.scdn.co/image/ab6761610000e5ebe0234d1d97449dec5e9a4417
5fa13NJjmn2uQ3dxZDi2Ge,Bích Phương,1286246,53,"v-pop, vietnamese hip hop, vinahouse, vietnam indie",https://open.spotify.com/artist/5fa13NJjmn2uQ3dxZDi2Ge,https://i.scdn.co/image/ab6761610000e5eb906404e01b48537145d163ba
3LbBKYlyMaATS8IIe7HJ0d,Hoàng Duyên,132695,52,"v-pop, vietnam indie, vietnamese lo-fi",https://open.spotify.com/artist/3LbBKYlyMaATS8IIe7HJ0d,https://i.scdn.co/image/ab6761610000e5eb359afbad4ad160ea1550fe29
5jTFNkoZebPnX90CbB3F2A,MONO,1067332,52,"v-pop, vietnamese hip hop, vinahouse",https://open.spotify.com/artist/5jTFNkoZebPnX90CbB3F2A,https://i.scdn.co/image/ab6761610000e5ebdeac86c3a106f1db0454a753
7571XEqHqL61NDiLtWXhS5,(S)TRONG,23344,52,"v-pop, vietnam indie",https://open.spotify.com/artist/7571XEqHqL61NDiLtWXhS5,https://i.scdn.co/image/ab6761610000e5eb9e132200cbdaf17b698b93b4
4en2ObzSYlIYbCGknXjgG9,Pháo,310395,52,"v-pop, vinahouse, vietnamese hip hop",https://open.spotify.com/artist/4en2ObzSYlIYbCGknXjgG9,https://i.scdn.co/image/ab6761610000e5eb69835ec3f45e1bdd048cccd6
2dC1IBU9NOD9xsQJ5RE7j7,Puppy,118965,52,"v-pop, vietnamese hip hop",https://open.spotify.com/artist/2dC1IBU9NOD9xsQJ5RE7j7,https://i.scdn.co/image/ab6761610000e5eb14cc527aa87afe69def5ed51
1CWwyDPjCowRTO4p6A7r6g,Mỹ Tâm,1985748,52,"v-pop, vietnamese bolero, vietnam indie",https://open.spotify.com/artist/1CWwyDPjCowRTO4p6A7r6g,https://i.scdn.co/image/ab6761610000e5eb5d4a6001ce67c78aa3873c6a
2knyDFP4xw9wZEWA98JX6b,TRANG,143432,52,"vietnam indie, v-pop, vietnamese lo-fi",https://open.spotify.com/artist/2knyDFP4xw9wZEWA98JX6b,https://i.scdn.co/image/ab6761610000e5eb2db71ae6d8400097c1e2cd1f
5OvCh1Nin8AGw7OkxYinBe,Tiên Tiên,434185,52,"v-pop, vietnam indie, vinahouse",https://open.spotify.com/artist/5OvCh1Nin8AGw7OkxYinBe,https://i.scdn.co/image/ab6761610000e5eb367ac417cc3e77ffb8362e0a
6oqtpFuvCTISMPeGv6P2sj,Bùi Công Nam,84591,52,"v-pop, vietnam indie",https://open.spotify.com/artist/6oqtpFuvCTISMPeGv6P2sj,https://i.scdn.co/image/ab6761610000e5eb30b06e8ef75d11396d495259
3Wqnr2JGruE4ruWNlnuiRE,Lohan,3775,51,v-pop,https://open.spotify.com/artist/3Wqnr2JGruE4ruWNlnuiRE,https://i.scdn.co/image/ab6761610000e5eb97d5b1d804082c38ca707222
0AOAMHZgHaxM71om8IDGsv,Nguyễn Trung Đức,2235,51,"v-pop, vietnam indie",https://open.spotify.com/artist/0AOAMHZgHaxM71om8IDGsv,https://i.scdn.co/image/ab6761610000e5eb71fa0b2278d47439e3e149fd
6tWaQSIL7reD85PKStNk28,Kha,189689,51,"v-pop, vietnamese lo-fi, vietnam indie, vietnamese hip hop",https://open.spotify.com/artist/6tWaQSIL7reD85PKStNk28,https://i.scdn.co/image/ab6761610000e5eb60146cdde1ca9bcbc53eb5d1
3Ufoo4BPShhahtCSjgpBLP,Hứa Kim Tuyền,174500,51,"v-pop, vietnam indie",https://open.spotify.com/artist/3Ufoo4BPShhahtCSjgpBLP,https://i.scdn.co/image/ab6761610000e5eba42e0a19eabe7885296b4a69
2rKtPYcwYmevNcaqzJOwvf,MANBO,181288,51,"vietnamese hip hop, v-pop, vietnam indie",https://open.spotify.com/artist/2rKtPYcwYmevNcaqzJOwvf,https://i.scdn.co/image/ab6761610000e5ebaba0f73db3e1c7b04738a4c6
0jF7Zlz8P5p74zcH7YwcMU,Anh Quân Idol,63860,51,"vinahouse, vietnamese lo-fi, v-pop",https://open.spotify.com/artist/0jF7Zlz8P5p74zcH7YwcMU,https://i.scdn.co/image/ab6761610000e5eb7baa96d11dc674173287f3e2
7sI2avJ3MyFstC9oKNM7py,Han Sara,252328,51,"v-pop, vietnamese hip hop",https://open.spotify.com/artist/7sI2avJ3MyFstC9oKNM7py,https://i.scdn.co/image/ab6761610000e5eb609d118b7072b7ceb9cdd985
23xCr75lKvnFvKi8ImHE7S,Táo,450395,51,"vietnamese hip hop, vietnamese lo-fi, vietnam indie, v-pop",https://open.spotify.com/artist/23xCr75lKvnFvKi8ImHE7S,https://i.scdn.co/image/ab6761610000e5eb9b8293cdd868056794436d84
0agWx6vy0Ss4FGafO8bEYc,Ánh Sáng AZA,50525,51,v-pop,https://open.spotify.com/artist/0agWx6vy0Ss4FGafO8bEYc,https://i.scdn.co/image/ab6761610000e5eb9e7211a8e9f0d417095705e0
2iYUs3FoNodbZXKf4mkjGM,MAYDAYs,25221,51,"v-pop, vietnam indie",https://open.spotify.com/artist/2iYUs3FoNodbZXKf4mkjGM,https://i.scdn.co/image/ab6761610000e5eb8733acec7b2d1bef8651bfd2
2CLdtsyD2NsTOBBOVr7fi8,MONSTAR,256050,51,"v-pop, vietnam indie",https://open.spotify.com/artist/2CLdtsyD2NsTOBBOVr7fi8,https://i.scdn.co/image/ab6761610000e5eb670d1bbea09cde81f7a7893c
6kkA6laUMR0hzML9YY98CQ,kidsai,74975,51,"v-pop, vietnamese hip hop, vietnam indie",https://open.spotify.com/artist/6kkA6laUMR0hzML9YY98CQ,https://i.scdn.co/image/ab6761610000e5ebd2b602143b363bbf3294186c
3frEbqapobDOWI7JexlrTW,Lê Bảo Bình,326727,51,"vinahouse, v-pop, vietnamese lo-fi",https://open.spotify.com/artist/3frEbqapobDOWI7JexlrTW,https://i.scdn.co/image/ab67616d0000b27359dd93a4be7d41cf4d852d93
4POahBr8YCPNKGErIiofyx,Lyly,387484,51,"v-pop, vietnamese hip hop, vietnam indie",https://open.spotify.com/artist/4POahBr8YCPNKGErIiofyx,https://i.scdn.co/image/ab6761610000e5ebd626667b97f1e52c16856e7c
0cf0oidLIQoNhGTp0SHzhU,Việt Anh,7827,51,"vinahouse, v-pop",https://open.spotify.com/artist/0cf0oidLIQoNhGTp0SHzhU,https://i.scdn.co/image/ab67616d0000b273069f4b384adedc829e5a5036
5Cf9nBDNc99UFkq9Yqap7Q,Trung Quân,613009,50,"v-pop, vietnam indie",https://open.spotify.com/artist/5Cf9nBDNc99UFkq9Yqap7Q,https://i.scdn.co/image/ab6761610000e5ebe6465ac92651d0e2bdcf4640
1dwfi5uS5pfQMhAic73Q7L,The Masked Singer,334290,50,v-pop,https://open.spotify.com/artist/1dwfi5uS5pfQMhAic73Q7L,https://i.scdn.co/image/ab6761610000e5eb7438c02cbeee407d99b4db43
3Myoe574gxIKLU5bKqjkFk,Ân ngờ,35113,50,"v-pop, vietnam indie",https://open.spotify.com/artist/3Myoe574gxIKLU5bKqjkFk,https://i.scdn.co/image/ab6761610000e5ebbcd17ef2618067e8731f6e2a
5HoKHEC3OTaMgMDnCqc00B,Đặng Vĩnh Thịnh,8219,50,"v-pop, vietnam indie",https://open.spotify.com/artist/5HoKHEC3OTaMgMDnCqc00B,https://i.scdn.co/image/ab6761610000e5eb1ab533220e7448221161306b
4fCHhderLwLacsIOIKgu3J,Bảo Anh,543137,50,"v-pop, vietnam indie",https://open.spotify.com/artist/4fCHhderLwLacsIOIKgu3J,https://i.scdn.co/image/ab6761610000e5ebc8a99b7d4971c74cd6dc0eaa
3FwYnbtGNt8hJfjNuOfpeG,Hà Anh Tuấn,1408284,50,"v-pop, vietnam indie",https://open.spotify.com/artist/3FwYnbtGNt8hJfjNuOfpeG,https://i.scdn.co/image/ab6761610000e5ebe790217ff9f7f2922524b93e
4YkqEuVf1Jf2x2XDqJ2CvC,Tóc Tiên,312377,50,"v-pop, vietnam indie",https://open.spotify.com/artist/4YkqEuVf1Jf2x2XDqJ2CvC,https://i.scdn.co/image/ab6761610000e5eb9c807b922008853e945381b2
2xyztcPkhFKucM2ghmSme2,Quốc Thiên,53729,49,"v-pop, vietnamese bolero",https://open.spotify.com/artist/2xyztcPkhFKucM2ghmSme2,https://i.scdn.co/image/ab6761610000e5eb84d49624a92df1306e394efe
7oxw8G3qB7DwjCs18JWJt5,Nguyễn Hùng,35890,49,"v-pop, vietnam indie",https://open.spotify.com/artist/7oxw8G3qB7DwjCs18JWJt5,https://i.scdn.co/image/ab6761610000e5ebca5816ce29195fc81f6eff12
5L9ssI4l4DKU1za4ZwvKvG,DTAP,16144,49,v-pop,https://open.spotify.com/artist/5L9ssI4l4DKU1za4ZwvKvG,https://i.scdn.co/image/ab6761610000e5eb64c495717c271408458fa96d
0F1rSmrNT6sp3LYohgYKsT,Hải Đăng Doo,113104,49,v-pop,https://open.spotify.com/artist/0F1rSmrNT6sp3LYohgYKsT,https://i.scdn.co/image/ab6761610000e5eb3fc25f44a048eaaebb1243de
62D1qvKkvUCvXEtY1xwRfo,Anh Tú Atus,252961,49,"v-pop, vietnamese hip hop",https://open.spotify.com/artist/62D1qvKkvUCvXEtY1xwRfo,https://i.scdn.co/image/ab6761610000e5eb8f47b8f7d070919fff02059b
70ULEgr5A3zBL12foM4bnj,Vũ Phụng Tiên,62641,49,"v-pop, vinahouse, vietnamese hip hop",https://open.spotify.com/artist/70ULEgr5A3zBL12foM4bnj,https://i.scdn.co/image/ab6761610000e5ebc5db34d157c879b2e627303c
1fTWz0OemWveF9AMkRPJKi,Forest Studio,49135,49,"v-pop, vietnam indie",https://open.spotify.com/artist/1fTWz0OemWveF9AMkRPJKi,https://i.scdn.co/image/ab6761610000e5eb980fdbc56854717fe9a8b50a
3XOuN4VDN4EL0GjKov5mWL,Hà Nhi,409690,49,"v-pop, vinahouse, vietnam indie, vietnamese lo-fi",https://open.spotify.com/artist/3XOuN4VDN4EL0GjKov5mWL,https://i.scdn.co/image/ab6761610000e5eb46abf879de8ae0e40ff00fb3
0u5ikKYYDO2XGyYjNGQRGf,The Flob,67486,49,"vietnam indie, v-pop",https://open.spotify.com/artist/0u5ikKYYDO2XGyYjNGQRGf,https://i.scdn.co/image/ab6761610000e5eb85957581b452da970e2fcf05
5zT1Ku9mzzl6RW5y4z0hUK,Minh Huy,45114,49,"v-pop, vietnam indie, vietnamese hip hop",https://open.spotify.com/artist/5zT1Ku9mzzl6RW5y4z0hUK,https://i.scdn.co/image/ab6761610000e5ebe3ecae96d1fde6253c570654
4R2engiAed6QeIV63PDAz0,Đức Trường,6696,49,v-pop,https://open.spotify.com/artist/4R2engiAed6QeIV63PDAz0,https://i.scdn.co/image/ab6761610000e5eb06f528770312eb9028634e71
7luDDYsfkSivBsoTz3BKMq,Khắc Việt,259260,48,"v-pop, vinahouse, vietnamese bolero",https://open.spotify.com/artist/7luDDYsfkSivBsoTz3BKMq,https://i.scdn.co/image/ab6761610000e5ebc32849c5f5cbb46eb84ad6cc
22MX8BG5870DGzpNricY7q,VSOUL,191598,48,"vietnamese hip hop, v-pop",https://open.spotify.com/artist/22MX8BG5870DGzpNricY7q,https://i.scdn.co/image/ab6761610000e5eba573a7f30ae3296818aeb51a
7qM9nMv6HFHFUpiN034R3z,SonaOne,101755,48,"malay rap, malay, malay pop, malaysian pop",https://open.spotify.com/artist/7qM9nMv6HFHFUpiN034R3z,https://i.scdn.co/image/ab6761610000e5eb7b4dac90fffc6e90964089fd
25JRC8aMGIGBIJ5KiINv3l,RPT Orijinn,67461,48,"vietnamese hip hop, v-pop",https://open.spotify.com/artist/25JRC8aMGIGBIJ5KiINv3l,https://i.scdn.co/image/ab6761610000e5ebca7333562dddee615203f5d9
40JnMfFlpwqBnWitkL96g4,Isaac,261845,48,"v-pop, vietnamese hip hop",https://open.spotify.com/artist/40JnMfFlpwqBnWitkL96g4,https://i.scdn.co/image/ab6761610000e5ebcb44ea77e9b885b05ea60e8a
2nmxgv9asWhQh4XgqfxK57,Mochiii,7892,48,"vinahouse, v-pop",https://open.spotify.com/artist/2nmxgv9asWhQh4XgqfxK57,https://i.scdn.co/image/ab6761610000e5eb0731e95e4e477a546fddd4db
4WF9GdetrQiLeWDWAISRGa,Shayda,14422,48,"v-pop, vietnamese hip hop",https://open.spotify.com/artist/4WF9GdetrQiLeWDWAISRGa,https://i.scdn.co/image/ab6761610000e5ebc30e8bac75a9d968b2d8ccf9
5zqSvInhVbM7ogkSfxny2C,Wendy Thao,18510,48,"vinahouse, v-pop",https://open.spotify.com/artist/5zqSvInhVbM7ogkSfxny2C,https://i.scdn.co/image/ab6761610000e5eb41a2c0f3960bcf58d191677f
3yCPgp6ckDEqBUQnybWeTm,Phạm Kỳ,9310,48,"vinahouse, v-pop",https://open.spotify.com/artist/3yCPgp6ckDEqBUQnybWeTm,https://i.scdn.co/image/ab6761610000e5ebc87a9946c26391b18cd28812
3TInd7W6K9AZ6lKYA3dviJ,Chi Xê,41524,48,"v-pop, vietnam indie",https://open.spotify.com/artist/3TInd7W6K9AZ6lKYA3dviJ,https://i.scdn.co/image/ab6761610000e5eb81b072d91388703cd3f6dbbe
6mMxOJfr3bN1QPUiForaWf,DatKaa,106641,48,"v-pop, vinahouse, vietnamese lo-fi",https://open.spotify.com/artist/6mMxOJfr3bN1QPUiForaWf,https://i.scdn.co/image/ab6761610000e5eb28353ac7e823dca1597fa88f
1dmaHHd1Xbd85cT1egYb4w,Trúc Nhân,1010216,47,"v-pop, vietnam indie",https://open.spotify.com/artist/1dmaHHd1Xbd85cT1egYb4w,https://i.scdn.co/image/ab6761610000e5eb4bb3ec7b328a9414dc72683b
4APrfmUo8KRrjCVuyoKvwY,Olew,97579,47,"v-pop, vietnam indie",https://open.spotify.com/artist/4APrfmUo8KRrjCVuyoKvwY,https://i.scdn.co/image/ab6761610000e5ebfca028b811a0296ef4e6336b
2FCxeoDrmuTZmyn8iXlQVB,Linh Hương Luz,13233,47,"vinahouse, v-pop, vietnamese lo-fi",https://open.spotify.com/artist/2FCxeoDrmuTZmyn8iXlQVB,https://i.scdn.co/image/ab6761610000e5ebf7fd9f1fce2fa469d2b37d48
2ZN2K5xz3BDmfWYaA5dgce,JustaTee,18477,47,"v-pop, vietnamese hip hop, vietnam indie",https://open.spotify.com/artist/2ZN2K5xz3BDmfWYaA5dgce,https://i.scdn.co/image/ab67616d0000b273250a58ea8d2598d93712c850
0iqum9KAHh3LkgDhuqvTxM,Song Luân,101743,47,"v-pop, vinahouse",https://open.spotify.com/artist/0iqum9KAHh3LkgDhuqvTxM,https://i.scdn.co/image/ab6761610000e5eb8b873554cc27c617c3bae515
0IBUlucigx80io4qV5fQ34,An Vũ,54419,47,"v-pop, vinahouse, vietnamese lo-fi",https://open.spotify.com/artist/0IBUlucigx80io4qV5fQ34,https://i.scdn.co/image/ab6761610000e5eb10960fba0227590ef82a7a2a
4NfuHLESitkh66LOZeyzsu,Minh Đinh,29941,47,"vietnam indie, v-pop, vietnamese hip hop",https://open.spotify.com/artist/4NfuHLESitkh66LOZeyzsu,https://i.scdn.co/image/ab6761610000e5eb961c99f3d79c48b5fc922819
5bJcxnt5lkrDyKfPjtSBxP,Jun Phạm,37958,47,v-pop,https://open.spotify.com/artist/5bJcxnt5lkrDyKfPjtSBxP,https://i.scdn.co/image/ab6761610000e5ebb58f17143b91e84055090585
3BWBxpXDxofgji3RKZPIz8,Hoà Minzy,523658,47,"v-pop, vinahouse",https://open.spotify.com/artist/3BWBxpXDxofgji3RKZPIz8,https://i.scdn.co/image/ab6761610000e5eb39aa67b9769a50405845c15a
0s9oqVCJ2iXTqSUR5fcky5,Mer,46059,47,"vietnam indie, v-pop",https://open.spotify.com/artist/0s9oqVCJ2iXTqSUR5fcky5,https://i.scdn.co/image/ab6761610000e5ebcda995a1ec60c55158d3fe36
4SiNg3BrvdFycwTlO6HGKN,Show It All Vietnam (Tân Binh Toàn Năng),7682,47,v-pop,https://open.spotify.com/artist/4SiNg3BrvdFycwTlO6HGKN,https://i.scdn.co/image/ab6761610000e5eb676871b8c9d48f9aba20cb0c
50zVd0WBgPZqC88gkrJ5xd,Nguyễn Hữu Kha,8002,46,"vinahouse, v-pop",https://open.spotify.com/artist/50zVd0WBgPZqC88gkrJ5xd,https://i.scdn.co/image/ab6761610000e5eb9eaa786b388e0686429a2069
0Y9KzsdFByEI4bigKF1htd,Myra Trần,134866,46,"v-pop, vietnamese hip hop, vietnam indie",https://open.spotify.com/artist/0Y9KzsdFByEI4bigKF1htd,https://i.scdn.co/image/ab6761610000e5eb83042f4b929f9f68ddc74c0b
6jFvKq4gMkQ50joURHPGXO,Charmy Pham,435400,46,"v-pop, vinahouse",https://open.spotify.com/artist/6jFvKq4gMkQ50joURHPGXO,https://i.scdn.co/image/ab6761610000e5eba23b39f0b1d1ee61e88bd985
0QRUD41ltP8vhaAIxMZb2H,Lu,20205,46,"v-pop, vietnamese hip hop, vietnam indie",https://open.spotify.com/artist/0QRUD41ltP8vhaAIxMZb2H,https://i.scdn.co/image/ab6761610000e5eb283946798421779ceb008149
2Xlia1jlI7JDki4Xa42uyK,Phạm Nguyên Ngọc,128624,46,"v-pop, vietnam indie, vietnamese lo-fi",https://open.spotify.com/artist/2Xlia1jlI7JDki4Xa42uyK,https://i.scdn.co/image/ab6761610000e5eb9947613368a5dff45d44e8a5
5Xn0cJrrcslCWCzPXNTy54,PiaLinh,6018,46,"v-pop, vietnam indie",https://open.spotify.com/artist/5Xn0cJrrcslCWCzPXNTy54,https://i.scdn.co/image/ab6761610000e5eb293547b083caf853b0e03a3e
7FKQ3rlfjiDaZI0uQqOnDH,Beta Remix,11550,46,"vinahouse, v-pop",https://open.spotify.com/artist/7FKQ3rlfjiDaZI0uQqOnDH,https://i.scdn.co/image/ab6761610000e5ebebe61832fb57e076375327f6
4ZSYaCMxF2k6maN3KTP17F,JayKii,132790,46,"v-pop, vietnamese lo-fi, vietnam indie",https://open.spotify.com/artist/4ZSYaCMxF2k6maN3KTP17F,https://i.scdn.co/image/ab6761610000e5eb3655a43a534038f7d772731c
6Ue0BbbTOdBjcO4QZB5sio,Trungg I.U,5330,46,"v-pop, vinahouse, vietnam indie",https://open.spotify.com/artist/6Ue0BbbTOdBjcO4QZB5sio,https://i.scdn.co/image/ab6761610000e5ebb14d89a31192cdd1fcca2d6e
2XtMx7EHHODQSeBzDCBec9,Bùi Lan Hương,64114,46,"v-pop, vietnam indie",https://open.spotify.com/artist/2XtMx7EHHODQSeBzDCBec9,https://i.scdn.co/image/ab6761610000e5eb2355fd73359d6439d3b55d6b
3EkXXkwTWhJpPDJR4ME3D8,KayC,23693,45,"vietnamese hip hop, v-pop, vietnam indie",https://open.spotify.com/artist/3EkXXkwTWhJpPDJR4ME3D8,https://i.scdn.co/image/ab6761610000e5eb90ae8d650674984b439c1b81
39HlpQmjGAer2XWNh0Ro83,Lãng,155253,45,"vietnamese hip hop, v-pop",https://open.spotify.com/artist/39HlpQmjGAer2XWNh0Ro83,https://i.scdn.co/image/ab6761610000e5eb70a4c1dc0c7516510c9651b3
4co1OIKlUOsNNVJFSZzO9N,Trịnh Thăng Bình,476961,45,"v-pop, vinahouse",https://open.spotify.com/artist/4co1OIKlUOsNNVJFSZzO9N,https://i.scdn.co/image/ab6761610000e5eb26278958401f9a8258dc1acd
2xyEAgqFAAy5yqRZ7mHd9c,Khiem,27081,45,"v-pop, vietnam indie",https://open.spotify.com/artist/2xyEAgqFAAy5yqRZ7mHd9c,https://i.scdn.co/image/ab6761610000e5eb7fe460e7153330f829fc0989
1MTANbmLhUqJXlLuqADGE7,NIT,14165,45,"v-pop, vietnamese lo-fi, vinahouse",https://open.spotify.com/artist/1MTANbmLhUqJXlLuqADGE7,https://i.scdn.co/image/ab6761610000e5eb2ffafab41d3017a9255fe8a1
4jpoAFITrFeFHeZ7Fgv3KZ,Cloud 5,2307,45,v-pop,https://open.spotify.com/artist/4jpoAFITrFeFHeZ7Fgv3KZ,https://i.scdn.co/image/ab6761610000e5eb426b913d7ef7e987fd30b819
0FflNqUFk4ODtAZuVuqgou,Nguyenn,34927,45,"v-pop, vietnam indie",https://open.spotify.com/artist/0FflNqUFk4ODtAZuVuqgou,https://i.scdn.co/image/ab6761610000e5ebcd5195932c393dfb72ab2d47
4jQZaxfgwiUJFQagCyZNV4,Ricky Star,78144,45,"vietnamese hip hop, v-pop, vietnam indie",https://open.spotify.com/artist/4jQZaxfgwiUJFQagCyZNV4,https://i.scdn.co/image/ab6761610000e5eb700bae43e792f20ae9160d20
1uXHYAZLyOQY5qaM1crBNK,Nguyen Van Chung,10729,45,"v-pop, vinahouse, vietnamese bolero",https://open.spotify.com/artist/1uXHYAZLyOQY5qaM1crBNK,https://i.scdn.co/image/ab6761610000e5eba71b411b1dd82e3f914c86bb
6JTiPLdbZD2e0tDsN15U1s,Đông Nhi,302191,45,v-pop,https://open.spotify.com/artist/6JTiPLdbZD2e0tDsN15U1s,https://i.scdn.co/image/ab6761610000e5ebd5b2a1163da68db38f8d9b2e
6jRD85dsXJYn5vv73rqSGi,Chi Pu,365798,45,"v-pop, vinahouse, vietnam indie",https://open.spotify.com/artist/6jRD85dsXJYn5vv73rqSGi,https://i.scdn.co/image/ab6761610000e5eb2f734b96ad80d6ef06fada5a
7H9jPV9qWyp6V629038aXU,Lynk Lee,189319,45,"v-pop, vietnamese hip hop, vietnam indie, vietnamese lo-fi",https://open.spotify.com/artist/7H9jPV9qWyp6V629038aXU,https://i.scdn.co/image/ab6761610000e5ebbbc1060f99c7a2bb88161a74
53LVvmM09CnWWAYz79HpCR,The Men,38881,45,"v-pop, vinahouse, vietnamese bolero",https://open.spotify.com/artist/53LVvmM09CnWWAYz79HpCR,https://i.scdn.co/image/ab6761610000e5eb69f4159391f1d2e1c3c400bc
5mPRDRL2rclNaPJXOg56Jy,The Wind,2310,45,"vietnamese hip hop, v-pop",https://open.spotify.com/artist/5mPRDRL2rclNaPJXOg56Jy,https://i.scdn.co/image/ab6761610000e5ebea1bcf8439ffe9a24c6e30fa
6sJBvMCAi9NuNCxI9RDYDW,Osad,293664,44,"v-pop, vietnamese hip hop",https://open.spotify.com/artist/6sJBvMCAi9NuNCxI9RDYDW,https://i.scdn.co/image/ab6761610000e5eb2dfa133149bfad6a19a594c7
6BnKArbWE6Il0AyLJdvUxy,Thái Học,35943,44,"vinahouse, v-pop, vietnamese bolero, vietnamese lo-fi",https://open.spotify.com/artist/6BnKArbWE6Il0AyLJdvUxy,https://i.scdn.co/image/ab6761610000e5eb05246a46a8cd7a8eb6069855
5a9t9Ace3c3WLhwlYXsTGH,2T,50388,44,"vietnamese lo-fi, v-pop, vietnamese hip hop, vietnam indie",https://open.spotify.com/artist/5a9t9Ace3c3WLhwlYXsTGH,https://i.scdn.co/image/ab6761610000e5eb6a20b38daeeb130f4491dd47
5QbDgpkghCaWjJywjbJnoG,NB3 Hoài Bảo,52019,44,"vinahouse, vietnamese lo-fi, v-pop, lo-fi",https://open.spotify.com/artist/5QbDgpkghCaWjJywjbJnoG,https://i.scdn.co/image/ab6761610000e5eb8a0322922e062e066ac4a6b0
4sOvsEM0ooH149joyEm7Wg,Lê Hiếu,116530,44,"v-pop, vietnam indie, vietnamese bolero, vietnamese hip hop, vinahouse",https://open.spotify.com/artist/4sOvsEM0ooH149joyEm7Wg,https://i.scdn.co/image/ab6761610000e5eb2a3fdc3fb15974c8e07c04fb
0FvZX3MHDrlAAnf15FgBkA,Richie D. ICY,33555,44,"vietnamese hip hop, v-pop",https://open.spotify.com/artist/0FvZX3MHDrlAAnf15FgBkA,https://i.scdn.co/image/ab6761610000e5eb9722a618c8a021f050939ba9
36HqaJcdxxKup5AbhP87k5,Hiya,10243,44,"v-pop, vinahouse",https://open.spotify.com/artist/36HqaJcdxxKup5AbhP87k5,https://i.scdn.co/image/ab6761610000e5ebe19b5b019fd4fc0024a99676
1RZSSA978w2tUKtXqC6XGZ,Châu Khải Phong,196616,43,"vinahouse, v-pop, vietnamese lo-fi, vietnamese bolero",https://open.spotify.com/artist/1RZSSA978w2tUKtXqC6XGZ,https://i.scdn.co/image/ab6761610000e5eb812757741d1ab6edc8a208c5
7tRkypqswDC2uWg9g9H0Vs,Hannie,4732,43,"v-pop, vinahouse",https://open.spotify.com/artist/7tRkypqswDC2uWg9g9H0Vs,https://i.scdn.co/image/ab6761610000e5eb298167674a8b5729abb9e205
3NckpPMWZSEus6PyV6LoVc,Hương Ly,124452,43,"vinahouse, v-pop, vietnamese bolero, vietnamese lo-fi",https://open.spotify.com/artist/3NckpPMWZSEus6PyV6LoVc,https://i.scdn.co/image/ab6761610000e5eb70bdf5ee4faf43c480e5b3c9
6RUfMGubOnHT1p3nfeXpBl,Thiều Bảo Trâm,143320,43,"v-pop, vietnamese lo-fi",https://open.spotify.com/artist/6RUfMGubOnHT1p3nfeXpBl,https://i.scdn.co/image/ab6761610000e5eb54937ce7718450c7c4269add
38QmAddjWUR2zKkdp3Oe87,Phát Huy T4,44633,43,"vinahouse, v-pop, vietnamese lo-fi",https://open.spotify.com/artist/38QmAddjWUR2zKkdp3Oe87,https://i.scdn.co/image/ab6761610000e5eb8bde1f0bbeec011ae599c23a
4JsnmbP09WaZJoqL7HtePc,Nguyễn Vĩ,4491,43,"vinahouse, v-pop, vietnamese lo-fi",https://open.spotify.com/artist/4JsnmbP09WaZJoqL7HtePc,https://i.scdn.co/image/ab6761610000e5ebb9109552f8ea4a7dcf145d3c
76nos2JmvLyYGZ28ribrf7,MiiNa,49747,43,v-pop,https://open.spotify.com/artist/76nos2JmvLyYGZ28ribrf7,https://i.scdn.co/image/ab6761610000e5eb48ee822a8a983523d4020c80
5Ib3D8UtLdYZjhVNWzwfoH,Nguyên Hà,218210,43,"v-pop, vietnam indie",https://open.spotify.com/artist/5Ib3D8UtLdYZjhVNWzwfoH,https://i.scdn.co/image/ab6761610000e5eb1b7514870017c23314fb9b02
05xxXziuRhVsmlSjTD4Soh,Kuun Đức Nam,22969,43,"v-pop, vietnam indie",https://open.spotify.com/artist/05xxXziuRhVsmlSjTD4Soh,https://i.scdn.co/image/ab6761610000e5eb154d9e66065cb34c7354adc3
2ipMqlG0XTQbUbu7W0FnBm,Thành Đạt,23922,43,"vinahouse, v-pop",https://open.spotify.com/artist/2ipMqlG0XTQbUbu7W0FnBm,https://i.scdn.co/image/ab6761610000e5eb448090efd143601e37b109fe
5yE1xvNIbuEB2kkopCuCVY,PAR SG,50370,43,"vietnamese lo-fi, vietnamese hip hop, vietnam indie, v-pop",https://open.spotify.com/artist/5yE1xvNIbuEB2kkopCuCVY,https://i.scdn.co/image/ab6761610000e5eb57bea4a5294756b4fe6101e9
4rBvN6UImNzcY5abMKdAuw,Tùng Dương,39426,42,"v-pop, vinahouse",https://open.spotify.com/artist/4rBvN6UImNzcY5abMKdAuw,https://i.scdn.co/image/ab6761610000e5ebfb1af66f02ca14e06d3cd012
0OECMkZp1koXqQLQrMizHb,Vicky Nhung,67953,42,"vinahouse, v-pop, vietnamese lo-fi",https://open.spotify.com/artist/0OECMkZp1koXqQLQrMizHb,https://i.scdn.co/image/ab6761610000e5eb77a4c3a455e5a8283e579cbc
2dlC6p7Q75wnfhudwTEpxW,Hoài Lâm,422311,42,"v-pop, vietnamese lo-fi, vietnamese bolero, bolero, vietnam indie",https://open.spotify.com/artist/2dlC6p7Q75wnfhudwTEpxW,https://i.scdn.co/image/ab6761610000e5eb3955791402506ca3b9507a3a
1URs0dKndWOld1wzAFhszR,Dunghoangpham,45142,42,"vinahouse, v-pop, vietnamese lo-fi",https://open.spotify.com/artist/1URs0dKndWOld1wzAFhszR,https://i.scdn.co/image/ab6761610000e5eb078fe45eeefcaa8c9fc6c2ec
063N27mzFn4rYsaFwUsRgc,THIÊN ĐÌNH,539,42,"vinahouse, v-pop",https://open.spotify.com/artist/063N27mzFn4rYsaFwUsRgc,https://i.scdn.co/image/ab67616d0000b273fa5bc3d979d09308ec68695e
6ZmHJcmCcc9X2sAyz6cHng,Hiền Hồ,246838,42,"v-pop, vinahouse",https://open.spotify.com/artist/6ZmHJcmCcc9X2sAyz6cHng,https://i.scdn.co/image/ab6761610000e5eb033a1f97b67ac32e69b2de3d
196qGzmjvUJDtjKjO2604d,Du Uyên,10700,42,"v-pop, vinahouse, vietnamese hip hop",https://open.spotify.com/artist/196qGzmjvUJDtjKjO2604d,https://i.scdn.co/image/ab6761610000e5eb30d00e953503c8efbe4aab61
516yIO7zjKJCIkRktGVUw5,Hoa Vinh,26644,41,"v-pop, vinahouse",https://open.spotify.com/artist/516yIO7zjKJCIkRktGVUw5,https://i.scdn.co/image/ab6761610000e5eb0c501a530b4040c7bf00b1b4
3gdsVSks0f5ifaXSBbSZEO,Sixkie Dawgz,3330,41,v-pop,https://open.spotify.com/artist/3gdsVSks0f5ifaXSBbSZEO,https://i.scdn.co/image/ab6761610000e5eb0e393cc980e49ef3480682be
3Ess3HrOUbKlRvQoGA1xT7,Khả Hiệp,6738,41,"vinahouse, v-pop",https://open.spotify.com/artist/3Ess3HrOUbKlRvQoGA1xT7,https://i.scdn.co/image/ab6761610000e5ebe402947ca247974d53da3e5d
52UlQPpkuAzH3BTfRDevYc,Doãn Hiếu,93359,41,"v-pop, vietnamese lo-fi, vinahouse",https://open.spotify.com/artist/52UlQPpkuAzH3BTfRDevYc,https://i.scdn.co/image/ab6761610000e5ebffbe410a97d1620999ff6112
2UCPMrvFm42t3w5duYfQHl,Nguyễn Trọng Tài,34011,41,"vietnamese hip hop, v-pop, vietnam indie",https://open.spotify.com/artist/2UCPMrvFm42t3w5duYfQHl,https://i.scdn.co/image/ab6761610000e5eba231140da47a116253ebae85
7MsHVZKh1TeKgGqm65kZnY,Vũ Duy Khánh,32169,41,"vinahouse, v-pop, vietnamese bolero, vietnamese lo-fi",https://open.spotify.com/artist/7MsHVZKh1TeKgGqm65kZnY,https://i.scdn.co/image/ab6761610000e5ebd611aefaecd78a42a34cbb46
24Wn81dwdDeTCuB1BWGoVJ,Hồ Ngọc Hà,449114,41,"v-pop, vinahouse",https://open.spotify.com/artist/24Wn81dwdDeTCuB1BWGoVJ,https://i.scdn.co/image/ab6761610000e5eb228989d24ff75b4353f08de5
5li8A5IiLMLhqGNpd7putm,Lê Gia Bảo,2525,41,"vinahouse, v-pop, vietnamese lo-fi, vietnam indie",https://open.spotify.com/artist/5li8A5IiLMLhqGNpd7putm,https://i.scdn.co/image/ab6761610000e5eb527c5a78ec6a02b3082940d1
1vHY0HztdnDYKIUB7bkVkb,Hana Cẩm Tiên,46479,41,"vinahouse, v-pop, vietnamese bolero",https://open.spotify.com/artist/1vHY0HztdnDYKIUB7bkVkb,https://i.scdn.co/image/ab6761610000e5eb4e3d1da532058dcfd3418ae2
1OnnVNvbz0OsApDXHUX2bM,Phí Phương Anh,53217,40,"v-pop, vietnamese lo-fi, vinahouse",https://open.spotify.com/artist/1OnnVNvbz0OsApDXHUX2bM,https://i.scdn.co/image/ab6761610000e5ebc83cdeaef9edd1301538fc00
2ukex9mJuIbR6msM02Flwf,Ngân Ngân,16518,40,"vinahouse, v-pop, vietnamese bolero, rumba congolaise",https://open.spotify.com/artist/2ukex9mJuIbR6msM02Flwf,https://i.scdn.co/image/ab6761610000e5eba9503ef0eb93cfc2c63b3b1e
73jYB754ez8rGnHM79YeuE,Trịnh Đình Quang,196671,40,"v-pop, vinahouse, vietnamese bolero",https://open.spotify.com/artist/73jYB754ez8rGnHM79YeuE,https://i.scdn.co/image/ab6761610000e5ebdc86f7669452cb70a45cee30
3HMWKU43x9GxkGWVP1KjQT,Will,17382,40,"v-pop, vietnam indie, vietnamese lo-fi",https://open.spotify.com/artist/3HMWKU43x9GxkGWVP1KjQT,https://i.scdn.co/image/ab6761610000e5ebe8b3532d55f63e027ae6571d
6hkqtv6Qx5AfoTGjBolcxQ,Lương Quý Tuấn,3343,40,"vinahouse, v-pop",https://open.spotify.com/artist/6hkqtv6Qx5AfoTGjBolcxQ,https://i.scdn.co/image/ab6761610000e5ebe1edb29708b621b2d6b501ba
2mx5AAdmlMxMcrcd7AQh1j,Khắc Hưng,5084,40,"v-pop, vietnamese hip hop, vietnam indie, vinahouse",https://open.spotify.com/artist/2mx5AAdmlMxMcrcd7AQh1j,https://i.scdn.co/image/ab6761610000e5ebed470549991dc1b3a3bf2c0d
26qIfHV2sbOiRqapo4b2Cu,TLong,23427,39,"vinahouse, v-pop, vietnamese lo-fi",https://open.spotify.com/artist/26qIfHV2sbOiRqapo4b2Cu,https://i.scdn.co/image/ab67616d0000b27323871437fb32a6990cb2dc29
4ht0wODL01ELRxlDYvsFad,Đàm Vĩnh Hưng,87614,39,"vietnamese bolero, bolero, v-pop, vinahouse",https://open.spotify.com/artist/4ht0wODL01ELRxlDYvsFad,https://i.scdn.co/image/ab6761610000e5eb254b884054d5c995519dcb62
4npVRqpqmmM0MYHXTzu0o1,Tama,22116,39,"v-pop, vietnam indie",https://open.spotify.com/artist/4npVRqpqmmM0MYHXTzu0o1,https://i.scdn.co/image/ab6761610000e5eb6737cae293cbaf193517ea19
3OeYidiG0MAcGmiSwTHZf6,Vương Anh Tú,68300,39,"v-pop, vinahouse",https://open.spotify.com/artist/3OeYidiG0MAcGmiSwTHZf6,https://i.scdn.co/image/ab6761610000e5eb2e9250894b1d5b8a003d9f66
26M9jrskgx7RHFydfAiyq5,Khang Viet,30368,39,"vinahouse, v-pop",https://open.spotify.com/artist/26M9jrskgx7RHFydfAiyq5,https://i.scdn.co/image/ab6761610000e5ebe57a6a2617b5ce50c6aa82ac
7lq25uVNvzRoAJgr4CYr8e,Thái Đinh,227864,39,"vietnam indie, v-pop",https://open.spotify.com/artist/7lq25uVNvzRoAJgr4CYr8e,https://i.scdn.co/image/ab6761610000e5eb4bec0a15bb77bc7bf793710d
4ElDPQpWtnQr7qz6QxzKw9,Gia Huy Singer,2801,39,"vinahouse, v-pop",https://open.spotify.com/artist/4ElDPQpWtnQr7qz6QxzKw9,https://i.scdn.co/image/ab6761610000e5ebe88871e47d129396ede014e6
37yCp3F1wG0gNrnaLkIdDV,Đậu Tất Đạt,2314,39,"v-pop, vietnamese hip hop, vietnam indie",https://open.spotify.com/artist/37yCp3F1wG0gNrnaLkIdDV,https://i.scdn.co/image/ab6761610000e5eba6593769e6cfacd078fc08d1
2KUMXzsDcJqXZW0CRh07zP,Uyên Linh,206412,39,"v-pop, vietnam indie",https://open.spotify.com/artist/2KUMXzsDcJqXZW0CRh07zP,https://i.scdn.co/image/ab6761610000e5eb75d3d01a573c0bfa031fff94
2a8CbNT5XhhygZtuAg3PdT,Nguyễn Kiều Oanh,1277,39,v-pop,https://open.spotify.com/artist/2a8CbNT5XhhygZtuAg3PdT,https://i.scdn.co/image/ab6761610000e5ebe3919e960a56b3d2b1f6a166
2VUAd7F7SCWs7gYMGAQVxK,Cao Thái Sơn,111369,38,"v-pop, vinahouse, vietnamese bolero",https://open.spotify.com/artist/2VUAd7F7SCWs7gYMGAQVxK,https://i.scdn.co/image/ab6761610000e5eba1e3ccb7916e6fffcbe87a68
2VLOCK5ffcQAuyo30Es0xj,Đinh Tiến Đạt,4532,38,"v-pop, vietnamese hip hop",https://open.spotify.com/artist/2VLOCK5ffcQAuyo30Es0xj,https://i.scdn.co/image/ab6761610000e5eb32cccc921b87003c4fc8b6d7
5M1fPnl4JpMMlb3Twc8etP,CT,798,38,"vinahouse, rumba congolaise, vietnamese bolero, bolero, v-pop, cha cha cha",https://open.spotify.com/artist/5M1fPnl4JpMMlb3Twc8etP,https://i.scdn.co/image/ab6761610000e5eb992726c4d0ec4866b748cf03
7lvyx4ByebHqtDV0BJSvcd,Nguyễn Vĩ,2065,38,"vinahouse, v-pop",https://open.spotify.com/artist/7lvyx4ByebHqtDV0BJSvcd,https://i.scdn.co/image/ab67616d0000b273f3d3d3e5568cfa26858d192e
0wQBc88XT0U6yRa23QFwV8,Châu Dương,3368,38,"vinahouse, v-pop",https://open.spotify.com/artist/0wQBc88XT0U6yRa23QFwV8,https://i.scdn.co/image/ab6761610000e5ebe1581536aa11da13e020aa51
0obXkAXG0Ivhjj6TK6QZfd,Sofia,17901,38,"vietnamese hip hop, v-pop",https://open.spotify.com/artist/0obXkAXG0Ivhjj6TK6QZfd,https://i.scdn.co/image/ab6761610000e5eb92d6bb49c703bcba5beae4ee
4WBjLLe7H2Rqha7SSA0rLY,Mai Tiến Dũng,28333,38,"v-pop, vietnamese bolero",https://open.spotify.com/artist/4WBjLLe7H2Rqha7SSA0rLY,https://i.scdn.co/image/ab6761610000e5ebbcb47365e764bc804e2ed64f
4uqZAHbX45ygzxhxkRwTwR,Bệt Band,9749,37,"vietnam indie, v-pop",https://open.spotify.com/artist/4uqZAHbX45ygzxhxkRwTwR,https://i.scdn.co/image/ab6761610000e5eb1174c073a9d95cdc90b977a4
5XcfMxmHUiyxc1Q283Nmxj,Đan Trường,67542,37,"v-pop, vietnamese bolero, bolero",https://open.spotify.com/artist/5XcfMxmHUiyxc1Q283Nmxj,https://i.scdn.co/image/ab6761610000e5eb24a75319586262b8fb2b3a23
033tY0EKEVdDtzoeEMMCJC,Phạm Quỳnh Anh,50739,37,v-pop,https://open.spotify.com/artist/033tY0EKEVdDtzoeEMMCJC,https://i.scdn.co/image/ab6761610000e5ebad6d5adbda5caa0ac7d844ee
1vzuR7EBzvfrqlSkOZlL6c,Đoàn Lâm,8929,36,"vinahouse, vietnamese bolero",https://open.spotify.com/artist/1vzuR7EBzvfrqlSkOZlL6c,https://i.scdn.co/image/ab6761610000e5eb8b781d634dea06ab144d7529
0XOHQOteNO7pqYk5hWs9TX,Hồ Việt Trung,51383,35,"vietnamese bolero, v-pop, vinahouse, vietnamese lo-fi",https://open.spotify.com/artist/0XOHQOteNO7pqYk5hWs9TX,https://i.scdn.co/image/ab6761610000e5ebf673e6b925d0abf304d53497
3eWWKcc07vz4dghL63VHFY,Rayo,5410,35,"vinahouse, v-pop, vietnamese lo-fi",https://open.spotify.com/artist/3eWWKcc07vz4dghL63VHFY,https://i.scdn.co/image/ab6761610000e5eb37345e42bf9ca0288bbaf5e7
61ydMyohF67xBZmWSPA3YQ,Chọn gì? Chọn đi!,1442,35,v-pop,https://open.spotify.com/artist/61ydMyohF67xBZmWSPA3YQ,https://i.scdn.co/image/ab6761610000e5eb3f38e02ec18e5f9accbd09d6
1Bn3dlrtgiD6zDzRSDBaMi,Lala Trần,3852,35,"vinahouse, v-pop",https://open.spotify.com/artist/1Bn3dlrtgiD6zDzRSDBaMi,https://i.scdn.co/image/ab67616d0000b2738f77d90ae4e1c90901a517ea
1NM99SQTX93oCkzvNXWJCf,Double2T,105825,35,"v-pop, vietnamese hip hop",https://open.spotify.com/artist/1NM99SQTX93oCkzvNXWJCf,https://i.scdn.co/image/ab6761610000e5ebc219922a84206143529d94b2
2NYFphd3cUQ5pLEVLaBP9L,GiGi Hương Giang,9035,35,"v-pop, vietnam indie",https://open.spotify.com/artist/2NYFphd3cUQ5pLEVLaBP9L,https://i.scdn.co/image/ab6761610000e5eb7c76a2b5ece54e914125fb99
1e2soLvkyYiXMugNDo0VNt,Nguyễn Thành Đạt,278,35,"vinahouse, v-pop",https://open.spotify.com/artist/1e2soLvkyYiXMugNDo0VNt,https://i.scdn.co/image/ab6761610000e5eb971a29868f008cf4eb5512f4
1L2VD3TPgcbUod5IID06xJ,Hương Giang,57919,35,"v-pop, vietnamese bolero",https://open.spotify.com/artist/1L2VD3TPgcbUod5IID06xJ,https://i.scdn.co/image/ab6761610000e5eb813f1953da358f0e68a42b5c
0J19G5YWN6tlNJgP2sRkKd,J.ADE,4294,34,"v-pop, vietnam indie",https://open.spotify.com/artist/0J19G5YWN6tlNJgP2sRkKd,https://i.scdn.co/image/ab6761610000e5eb94017c2ae3e800c50d92e96b
5OSU5tRR0M59TppFcvl4s8,Quang Hà,27617,34,"vinahouse, v-pop, vietnamese bolero",https://open.spotify.com/artist/5OSU5tRR0M59TppFcvl4s8,https://i.scdn.co/image/ab6761610000e5eb8ccfdc9234e2521f7ec75e8f
3l6YiTosGtrsp8iGs0IASz,Dương Ái Vy,1515,34,"vinahouse, v-pop",https://open.spotify.com/artist/3l6YiTosGtrsp8iGs0IASz,https://i.scdn.co/image/ab6761610000e5eb28b72da851837b6e82606c3b
0uV9wXh91Nuk5YHYqlkVup,Phạm Lịch,8153,33,"vinahouse, v-pop",https://open.spotify.com/artist/0uV9wXh91Nuk5YHYqlkVup,https://i.scdn.co/image/ab6761610000e5eb88b2389ba7bddf50215fd128
2ldAFJhpkWvdSsgDR4EkJE,Phan Duy Anh,20566,33,"vinahouse, v-pop, vietnamese bolero",https://open.spotify.com/artist/2ldAFJhpkWvdSsgDR4EkJE,https://i.scdn.co/image/ab6761610000e5ebba3930e4e7b6aa1c005c4961
6fvwPdTHctaY65nhFeodrs,Phương Thanh,16917,33,"v-pop, vietnamese bolero",https://open.spotify.com/artist/6fvwPdTHctaY65nhFeodrs,https://i.scdn.co/image/ab6761610000e5eb6fd1664084748ff23fc8825e
0CkuQCslREF7yuvAqJXVuz,Sáo,19389,33,"v-pop, vietnam indie",https://open.spotify.com/artist/0CkuQCslREF7yuvAqJXVuz,https://i.scdn.co/image/ab6761610000e5eb7f1bca865e22e2cca6956722
6VLN4hTrGOZ5Le1TVTwDTg,Ngọc Dolil,105906,32,"v-pop, vietnam indie, vietnamese hip hop, vinahouse",https://open.spotify.com/artist/6VLN4hTrGOZ5Le1TVTwDTg,https://i.scdn.co/image/ab6761610000e5ebb056cd923a6104ccdb0db26d
2ZtffdcxTFHQhYa3HlNbTl,Chung Thanh Duy,7037,32,"vinahouse, v-pop, vietnamese hip hop, vietnamese lo-fi",https://open.spotify.com/artist/2ZtffdcxTFHQhYa3HlNbTl,https://i.scdn.co/image/ab6761610000e5eb3a0f0398bbe2231192e1d99c
3eKnh5bh0TzO9WwnKMJplK,Đặng Thiên Chí,1175,31,"vinahouse, vietnamese lo-fi",https://open.spotify.com/artist/3eKnh5bh0TzO9WwnKMJplK,https://i.scdn.co/image/ab6761610000e5ebee8b2dad0f5ef3640cbbdf5d
4Xev3lOT3J5LZ3zQaK8sAz,DanhKa,5554,30,"vinahouse, v-pop",https://open.spotify.com/artist/4Xev3lOT3J5LZ3zQaK8sAz,https://i.scdn.co/image/ab6761610000e5eb285fe5dd6053e61359c794a7
3fM2WF0qY1Ip9ffVvOzhjo,Hoàng Thống,11801,29,"vietnam indie, v-pop",https://open.spotify.com/artist/3fM2WF0qY1Ip9ffVvOzhjo,https://i.scdn.co/image/ab6761610000e5eb334d451ec927d24586e5209e
2zdwhQ4jqSm8BJf6rpR2Bb,Yến Nhi,309,29,"v-pop, vinahouse",https://open.spotify.com/artist/2zdwhQ4jqSm8BJf6rpR2Bb,https://i.scdn.co/image/ab67616d0000b2732d8deac0ce9eabfb7f1bc58b
2sv6rfo3OVxmRKSYJXWE3M,Kairon,7846,28,v-pop,https://open.spotify.com/artist/2sv6rfo3OVxmRKSYJXWE3M,https://i.scdn.co/image/ab6761610000e5eb3d0d8a7d416dbb1a744000e2
5A3lLFvd6YIIpn3oy3yFM9,Út Nhị Mino,1824,28,"vinahouse, vietnamese bolero, v-pop",https://open.spotify.com/artist/5A3lLFvd6YIIpn3oy3yFM9,https://i.scdn.co/image/ab6761610000e5eb71051003b06d7f8a5db35083
1bweJ8ReP08akfsoW8jiP9,nae & de'lay,1195,27,"vietnam indie, v-pop",https://open.spotify.com/artist/1bweJ8ReP08akfsoW8jiP9,https://i.scdn.co/image/ab6761610000e5eb298bd8c02b8eb5dc850d21fa
4gMi1Penv4Tq4Wv5eb0TN8,Nana Liu,1727,25,"vinahouse, v-pop",https://open.spotify.com/artist/4gMi1Penv4Tq4Wv5eb0TN8,https://i.scdn.co/image/ab67616d0000b2732b1a16cbf1977188fa0fae0b
0TZKKZG6WHl2aVFPDtND82,Độ Mixi,69688,23,"vietnamese hip hop, v-pop",https://open.spotify.com/artist/0TZKKZG6WHl2aVFPDtND82,https://i.scdn.co/image/ab67616d0000b273935ff8d87d960714f853f548
2Sq7FiVRRiu0Djsva7iV85,Dee Trần,1416,22,"v-pop, vinahouse",https://open.spotify.com/artist/2Sq7FiVRRiu0Djsva7iV85,https://i.scdn.co/image/ab6761610000e5eb0a222a89944d7b6286cc7f3c
5X3f1KSripcxM3ECDNdHTt,MAI PHUONG,340,19,v-pop,https://open.spotify.com/artist/5X3f1KSripcxM3ECDNdHTt,https://i.scdn.co/image/ab6761610000e5eb38231f90f0148fff27b0f8c3
3bm8AMLokf68Zpr5rRpPps,Hồ Nhi,104,19,"vinahouse, v-pop",https://open.spotify.com/artist/3bm8AMLokf68Zpr5rRpPps,https://i.scdn.co/image/ab67616d0000b27319c3b046bc5811bbfb44a973
2uv4Nr3UgSbEa9acPTJcVX,Inso,66,18,"vinahouse, v-pop",https://open.spotify.com/artist/2uv4Nr3UgSbEa9acPTJcVX,https://i.scdn.co/image/ab67616d0000b273cf139c11c493124bdc568996
2T8CUdrA64je3QHfcB0uYJ,Nguyên Vũ,1289,18,"v-pop, vinahouse",https://open.spotify.com/artist/2T8CUdrA64je3QHfcB0uYJ,https://i.scdn.co/image/ab67616d0000b27321b7d95478a629d7dd7b5478
64pk9TSotiH3VRJc2oEHhz,Pinky Vanh,289,18,"vinahouse, v-pop",https://open.spotify.com/artist/64pk9TSotiH3VRJc2oEHhz,https://i.scdn.co/image/ab67616d0000b273a658815d03e84be3ea912969
2wFLGhWSXQEk1xa3FRusBN,Danh Tuấn Trung,694,18,"vinahouse, v-pop",https://open.spotify.com/artist/2wFLGhWSXQEk1xa3FRusBN,https://i.scdn.co/image/ab6761610000e5ebf2449e6a5479acebb7e29263
6tsfwoZBQVBTrGmSBOuCaK,Nguyệt Chan,135,17,"vinahouse, v-pop",https://open.spotify.com/artist/6tsfwoZBQVBTrGmSBOuCaK,https://i.scdn.co/image/ab67616d0000b2739352c966eedac9f1a2fa8a33
055tKHSCudU5z9QjDbxUox,Tony Hoàng Anh,135,11,"vietnamese hip hop, v-pop",https://open.spotify.com/artist/055tKHSCudU5z9QjDbxUox,https://i.scdn.co/image/ab6761610000e5eb878849581274ecf1dfb1cb59
0USsiioabw7ukSY0ZBwXlP,Trung Hiếu,48,10,unknown,https://open.spotify.com/artist/0USsiioabw7ukSY0ZBwXlP,https://i.scdn.co/image/ab67616d0000b27349e77b4d41f0fce45de2683f
0hHw0uD1VFCrmJZGhrYqKA,Phạm Vũ Luân,9,5,bolero,https://open.spotify.com/artist/0hHw0uD1VFCrmJZGhrYqKA,https://i.scdn.co/image/ab67616d0000b2739f3d64e217a76a18f1c76cc4
5HsNpclQf1lxU1XulbOB1Z,Dương MasterD,36,2,unknown,https://open.spotify.com/artist/5HsNpclQf1lxU1XulbOB1Z,https://i.scdn.co/image/ab6761610000e5eb10c2e4a786a9bb27b57d49f4
