track_id,track_name,artist_name,artist_id,release_date,spotify_popularity,duration_formatted
34R5Zs20M50s5lmpdZAMQa,Có Quá Trễ,(S)TRONG,7571XEqHqL61NDiLtWXhS5,09/24/2025,40,3:41
1cI1tK69V1yq8rjNGz7DWJ,Kho Báu (with Tuimi),(S)TRONG,7571XEqHqL61NDiLtWXhS5,08/14/2025,45,3:37
6tFA6mKP4w5wbVhLFrmidX,Trả Chìa Khoá,(S)TRONG,7571XEqHqL61NDiLtWXhS5,09/24/2025,36,3:25
6fQzL2VGMjlMPTRR9WhTIX,TO YOUR EX,"ANH TRAI ""SAY HI""",4wZ6awunqaaVLl5j0WpDFu,11/10/2025,45,0:00
4EJXaiTGRppZ1afovvwYh7,Nhẫn Tâm,An Vũ,0IBUlucigx80io4qV5fQ34,08/01/2025,17,0:00
1jVM9ivYD6P0jQmkz4bd5B,Nhắn Gửi Yêu Thương,An Vũ,0IBUlucigx80io4qV5fQ34,06/18/2025,18,4:55
2DASMIZWDxCARxR1UX00UN,Sao Anh Có Thể Quên,An Vũ,0IBUlucigx80io4qV5fQ34,02/14/2025,4,3:24
49Q1m2dsIh6ylG9auH68H5,Yên Bình Thương Em,An Vũ,0IBUlucigx80io4qV5fQ34,02/14/2025,10,3:32
7vrYquNCjlfmaqlycExZi7,Nhờ,Anh Quân Idol,0jF7Zlz8P5p74zcH7YwcMU,04/24/2025,8,0:00
4aHt5tkyVoMonpPGAehUcD,Are You Sad,B Ray,1WvNgEoB66jmHodcj15Zi9,07/08/2025,47,0:00
6jDcy9j4sL4vSRfzDDh54l,Boomerang,B Ray,1WvNgEoB66jmHodcj15Zi9,05/25/2025,21,0:00
5OMHzCWm3k4RpfldNGQqe8,Cho Ba,B Ray,1WvNgEoB66jmHodcj15Zi9,05/27/2025,48,0:00
1N3blFyT4ulb8ml6Z1NXUd,Chân Mệnh,B Ray,1WvNgEoB66jmHodcj15Zi9,05/27/2025,28,0:00
6a1uj8onBHUi6TKSREPxHY,Ghệ Mới,B Ray,1WvNgEoB66jmHodcj15Zi9,02/14/2025,46,0:00
4fG8iHZK5JAj0NLBJUiipu,Không Thuộc Về Nơi Này,B Ray,1WvNgEoB66jmHodcj15Zi9,07/08/2025,44,0:00
3hxspVjHxJtCbgcQJ4gT9c,Selfish Man,B Ray,1WvNgEoB66jmHodcj15Zi9,07/08/2025,42,0:00
0WZiGER40RDf1JhzbKQu7u,Không Sao Đâu - Theme Song From Tet 2025 Movie “Bộ Tứ Báo Thủ”,CAPTAIN BOY,1pKPrziZw7C4GvOlBIXqP5,01/24/2025,41,0:00
5VXtBT4iERn7fJWDf5d6Vm,Bận Tâm,CoolKid,1Qia4CTwh6x0CZbD0079zi,04/24/2025,37,0:00
6ng2WPKNRRVR3kMjQCy8Ta,Flavour,CoolKid,1Qia4CTwh6x0CZbD0079zi,10/07/2025,39,0:00
5l4bJsSFiZv5GYf50gsTK3,Psycho,CoolKid,1Qia4CTwh6x0CZbD0079zi,04/24/2025,25,0:00
5e1kUuII1bqgwu8fjuFNxE,Vui Đét,CoolKid,1Qia4CTwh6x0CZbD0079zi,02/27/2025,38,0:00
4pw9O3kNtpKKKZLmtEx7Gy,Vì Anh Đau,CoolKid,1Qia4CTwh6x0CZbD0079zi,04/24/2025,37,0:00
4FHfiVbxrJ0jkBRykvurcT,Bài Ca Tôm Cá,DTAP,5L9ssI4l4DKU1za4ZwvKvG,08/19/2025,38,0:00
63W04w63bG1adqL9l5ldpZ,Chân Cứng Đá Mềm,DTAP,5L9ssI4l4DKU1za4ZwvKvG,08/19/2025,30,0:00
2P0J5u4zDaOj2vRNGFi0Pq,Hò Vươn Mình,DTAP,5L9ssI4l4DKU1za4ZwvKvG,08/19/2025,42,0:00
4SIN99OT7i8S2M9zKUb0kd,Máu Đỏ Da Vàng,DTAP,5L9ssI4l4DKU1za4ZwvKvG,08/19/2025,36,0:00
5l5YRFko3VQVyL54Dcbgb2,Mùa Gió Thổi Trên Mái Nhà,DTAP,5L9ssI4l4DKU1za4ZwvKvG,08/19/2025,36,0:00
27o4Vt9SUbalX2UuSoFSd4,Nam Quốc Sơn Hà,DTAP,5L9ssI4l4DKU1za4ZwvKvG,08/19/2025,36,0:00
06SwRcBuxj5C3Ht798OGOM,Rừng Vàng Biển Bạc,DTAP,5L9ssI4l4DKU1za4ZwvKvG,08/19/2025,36,0:00
7t4QaaX3Gqdt8g3GcJJDrB,Việt Nam Tử Tế,DTAP,5L9ssI4l4DKU1za4ZwvKvG,08/19/2025,33,0:00
06Urs1QgCb720lokvN1bXv,Điều Phi Thường Nhỏ Bé,DTAP,5L9ssI4l4DKU1za4ZwvKvG,08/19/2025,35,0:00
2nxggtnnWv6ZXbgxIoeDVy,Mở Ngàn Lộc Vui,Da LAB,6zUWZmyi5MLOEynQ5wCI5f,01/21/2025,14,3:02
5V4H6Uvwq1Hg1yZgxeFMGS,Đường Về Ocean City,Da LAB,6zUWZmyi5MLOEynQ5wCI5f,06/18/2025,15,3:06
4ocI4GPtj2w7t92Xuio61q,Bay Không Ngần Ngại,Double2T,1NM99SQTX93oCkzvNXWJCf,01/20/2025,12,3:38
2WMdRj3E7fTqcEQYjMEGA7,Những Cơn Drill Ngày Đầu,Duongg,3JkGKNawown8MgcJsDw1WT,08/05/2025,25,0:00
1VFloIPjJu3ORgQIzHqK8c,Những Cơn Đau Ngày Đầu,Duongg,3JkGKNawown8MgcJsDw1WT,07/31/2025,45,0:00
7j1T5jvVKBGmeAw0mu5PGe,Vệt Nắng Sau Lưng Đồi,Duongg,3JkGKNawown8MgcJsDw1WT,10/24/2025,29,0:00
5d0rwEzBFfotSbvBpHIQC7,Đã Đến Lúc,Duongg,3JkGKNawown8MgcJsDw1WT,10/24/2025,19,0:00
7yxwUd2OqdXX8gCRHoFKW9,Đôi Tay Từ Ngày Đầu,Duongg,3JkGKNawown8MgcJsDw1WT,10/31/2025,8,0:00
4BWrtuzpv7WnBxB9uGB7Zf,BAD LIAR,"EM XINH ""SAY HI""",1I5CkmtLVWLUygTT3cLr5X,08/04/2025,46,0:00
6PECmWmlE4E6phMNUGTYWt,EM KHÔNG CÓ ƯA,"EM XINH ""SAY HI""",1I5CkmtLVWLUygTT3cLr5X,07/14/2025,44,4:01
1nspJwzwAUju2DnlvI2oiv,HOURGLASS,"EM XINH ""SAY HI""",1I5CkmtLVWLUygTT3cLr5X,08/25/2025,46,0:00
7CAFcMInTaovaLzOcVkmsC,MORSE CODE,"EM XINH ""SAY HI""",1I5CkmtLVWLUygTT3cLr5X,08/25/2025,44,0:00
32JgoZRk5YZ5DOUlZUPY6O,TADIDA,"EM XINH ""SAY HI""",1I5CkmtLVWLUygTT3cLr5X,08/25/2025,45,4:32
78tuqCCWm2SeJulE8rsYmr,TÍN HIỆU YÊU,"EM XINH ""SAY HI""",1I5CkmtLVWLUygTT3cLr5X,08/11/2025,43,3:06
4lvjLN7gKQpg6IZAcXdijn,ĐIỀU EM LUÔN MONG MUỐN,"EM XINH ""SAY HI""",1I5CkmtLVWLUygTT3cLr5X,06/30/2025,44,0:00
7w0MWZpfmhMmTaH6lKEYp1,Chỉ cần bên anh (Will you marry me?),ERIK,1L1VfizWn4DkFt602yD80U,09/14/2025,38,0:00
4r2F1NkPrZ6YqbJElyOPFP,"Tha Thứ Cho Nhau Được Không? - From ""Chốt Đơn!""",ERIK,1L1VfizWn4DkFt602yD80U,08/13/2025,39,0:00
2vwDkM8zxUbqfCbkTs9d62,Lần Đầu Tiên (feat. Muộii),Emcee L (Da LAB),4bPYvyUn1mWwUwIW57oST2,02/14/2025,29,0:00
2vVB7IvcIABRW0oEf4YC4m,CÓ LẼ ANH,Fishy,7kSmS2G15QIw8rllwGex9r,08/18/2025,42,0:00
094HP6ERLBubDKzOwd9twp,Vết Thương - Lofi,Fishy,7kSmS2G15QIw8rllwGex9r,07/03/2025,17,0:00
3pI9OsxUZ4iJPWeke83L3W,Ngồi Đợi Anh Đến,Hannie,7tRkypqswDC2uWg9g9H0Vs,02/14/2025,12,3:20
53Oiwsju8Tk81ssbTgeYG1,Can't Let You Go,Hngle,7kBsX15IDun9YxuVmKCMYJ,05/21/2025,19,3:37
09c3xrXtBQMrhAnhfEfWnb,Còn Lại Gì,Hngle,7kBsX15IDun9YxuVmKCMYJ,01/10/2025,28,2:22
7MEH5PGxCSxRNWc44lVosY,Nụ Cười,Hngle,7kBsX15IDun9YxuVmKCMYJ,11/01/2025,37,2:38
61PnittYgKfF3xeaalv1kk,One More Time,Hngle,7kBsX15IDun9YxuVmKCMYJ,03/05/2025,45,3:39
20jk6uAP5kwmHzvwONE8Lc,Kiên Trì Là Dì Thành Công,Hoà Minzy,3BWBxpXDxofgji3RKZPIz8,01/09/2025,14,3:57
48tBvLiR57xh2yeAkrQe0R,Nếp Nhà,Hoà Minzy,3BWBxpXDxofgji3RKZPIz8,05/08/2025,33,4:28
14NNoIFQBU1qcDwXJ8JaLY,Cuối Tuần (1825),Hoàng Dũng,6OzE2OdvV2tGAxSBsBuZ74,07/09/2025,37,0:00
3oMF8j1O3yeXWmu8qb76oo,MIỀN ĐẤT KỲ DIỆU,Hoàng Dũng,6OzE2OdvV2tGAxSBsBuZ74,01/23/2025,28,0:00
2rWMDV9ZC3cJ3EqP5VXFOT,Sâm-panh,Hoàng Dũng,6OzE2OdvV2tGAxSBsBuZ74,07/09/2025,37,0:00
1vWsMEtHa49zIq1xaZyPgJ,Tách,Hoàng Dũng,6OzE2OdvV2tGAxSBsBuZ74,07/09/2025,46,0:00
4fn4uLLYxpqId0YDrA2NjX,Đừng Giữ Chỗ,Hoàng Dũng,6OzE2OdvV2tGAxSBsBuZ74,07/09/2025,44,0:00
0WkQd15i4HOBgzUC7vVx2H,Con Yêu Mẹ Nhiều,Hoàng Tôn,6xRZoWlE9twEkMC5NW4Z9f,06/08/2025,11,0:00
0tdQGlSVISVmCRxc6MFEZj,Em Không Quay Về,Hoàng Tôn,6xRZoWlE9twEkMC5NW4Z9f,01/09/2025,31,0:00
5Z5pLZBFT1bZNfpvsxgMDw,Em Không Quay Về (feat. Yanbi) [Pt. 2],Hoàng Tôn,6xRZoWlE9twEkMC5NW4Z9f,01/09/2025,6,0:00
6KyqAO52R41PJ3Qu1bQhXH,Em Đi Về Đâu?,Hoàng Tôn,6xRZoWlE9twEkMC5NW4Z9f,06/08/2025,21,0:00
3UErCGj5V2Le7wn0vu3qwr,Một Lời Hứa,Hà Anh Tuấn,3FwYnbtGNt8hJfjNuOfpeG,05/17/2025,24,0:00
67Wq8eOJTIfx0xbyOGH91l,Anh Đã Mang Đi Thứ Gì,Hà Nhi,3XOuN4VDN4EL0GjKov5mWL,10/20/2025,30,5:28
3E2daOkJQJvxdnPQ3dAgzi,Bước Qua Tổn Thương Có Dễ Dàng,Hà Nhi,3XOuN4VDN4EL0GjKov5mWL,10/20/2025,17,0:00
1bQCC6aFJ1G0E43vTR6ikj,Chiều Xuân - Xuân Yêu Thương,Hà Nhi,3XOuN4VDN4EL0GjKov5mWL,01/25/2025,8,3:26
6xZcdqWVDw01HP3ToyZA3v,Cái Tên Khắc Sâu Trong Tim,Hà Nhi,3XOuN4VDN4EL0GjKov5mWL,10/24/2025,37,0:00
0CJUWGMl6YYUA1T7occWME,Lối Cũ Ta Về,Hà Nhi,3XOuN4VDN4EL0GjKov5mWL,01/25/2025,21,0:00
3Z67BVgj57vnUYmWmHlmye,Lối Nào Bình Yên,Hà Nhi,3XOuN4VDN4EL0GjKov5mWL,10/11/2025,35,0:00
1IkQgm1WkJFXZ55IUOqg0f,Mashup Chưa Quên Người Yêu Cũ & Lâu Lâu Nhắc Lại,Hà Nhi,3XOuN4VDN4EL0GjKov5mWL,10/20/2025,20,6:23
6ATKM7KKhbeQxTirYI1c27,Mashup Dĩ Vãng Nhạt Nhòa & Mưa Phi Trường,Hà Nhi,3XOuN4VDN4EL0GjKov5mWL,10/20/2025,12,0:00
5Y45dq4VmvIN6HsdsuguOh,Mashup Xa Vắng & Lãng Quên Chiều Thu,Hà Nhi,3XOuN4VDN4EL0GjKov5mWL,10/20/2025,29,4:26
3hWaaWY1gkjpHWHNjcPd0M,Sau Ngần Ấy Năm Lofi,Hà Nhi,3XOuN4VDN4EL0GjKov5mWL,10/23/2025,21,0:00
6EckHXHQ0Xd7D74P4TKnxe,Và Tôi Cũng Yêu Em - Yêu Em Dài Lâu,Hà Nhi,3XOuN4VDN4EL0GjKov5mWL,01/25/2025,24,4:33
6gkzQSY3CGAWCLYQvQPPor,BIẾT ĐIỀU,JSOL,6EybZ5zwPNEtEngfrEMevN,09/16/2025,41,0:00
0qV3OzdW5SDCOcSeQpAqIi,CUỘN LEN,JSOL,6EybZ5zwPNEtEngfrEMevN,09/16/2025,46,0:00
3Y0yJeIKeA74IFhidBvxrG,DÁN MẮT,JSOL,6EybZ5zwPNEtEngfrEMevN,07/18/2025,43,0:00
4T2A4Xgs5ADRi0Ru0GjP9b,GENIE,JSOL,6EybZ5zwPNEtEngfrEMevN,09/16/2025,37,0:00
5XjP28hCtjW9eZlsm5dXqn,"KHÔNG PHẢI EM, KHÔNG PHẢI AI",JSOL,6EybZ5zwPNEtEngfrEMevN,08/21/2025,44,0:00
33hsLCLlUSzqdzIcc0WR5S,Trao Về Anh,Juky San,51wGpVg4Z3lv1IjuZAQjXn,07/15/2025,39,0:00
6p5YdzjbV80ZmzIwk3rvMr,Bông Hoa Nhài,JustaTee,3rjcQ5VIWCN4q7UFetzdeO,06/10/2025,38,0:00
6tOhfsn6bRq2K1M0Kl6jnw,Con Cũng Thương Mẹ Mà - Original SoundTrack from Phá Đám: Sinh Nhật Mẹ,Kai Đinh,3E6LGptA8lBEXPHAQCE3vr,11/02/2025,29,0:00
0SmNrorw1jhkCctmUK1QyI,Sài Gòn thanh xuân,Kai Đinh,3E6LGptA8lBEXPHAQCE3vr,04/24/2025,13,0:00
0ESx0xJ0zMaxNruAPuEaZC,từ 1 sẽ thành 2,Kai Đinh,3E6LGptA8lBEXPHAQCE3vr,07/18/2025,15,0:00
1mZwucNyOaTuwUxzOOcTnX,xuân vũ,Kai Đinh,3E6LGptA8lBEXPHAQCE3vr,07/18/2025,21,0:00
5bHN3SpYfI9JQJH4utPMPG,you may kiss your bride,Kai Đinh,3E6LGptA8lBEXPHAQCE3vr,07/18/2025,22,0:00
7aMTM2FubEWCPDmCvRtNZm,Muôn Ngàn Giấc Mơ,Kha,6tWaQSIL7reD85PKStNk28,03/13/2025,6,3:50
3xXv8zm5094bkfWkeA0ZzB,Nhịp Đập Con Tim,Kha,6tWaQSIL7reD85PKStNk28,03/13/2025,12,4:05
1RbQwPbXB95g5uHypbNlEG,Điệp Khúc Tình Si,Kha,6tWaQSIL7reD85PKStNk28,03/13/2025,7,4:07
5pwzWjYSV5NbILoGWbHO6F,Ước Nguyện,Kha,6tWaQSIL7reD85PKStNk28,03/13/2025,8,4:51
6xOgNFGbdrOAI5EaaoOi3u,Chỉ Còn Lại Đây,Khắc Việt,7luDDYsfkSivBsoTz3BKMq,03/07/2025,19,0:00
7mvEEfUWNZjuIePJScSVGl,Mê Em...,Khắc Việt,7luDDYsfkSivBsoTz3BKMq,11/11/2025,23,0:00
4l21QNz6vDrTZzwN1eUYLI,Nguyện Làm,Khắc Việt,7luDDYsfkSivBsoTz3BKMq,08/21/2025,17,0:00
6tdPdm7CIXf9H46e4XETXK,Celeb Date,Low G,6TITnFVRcl0AcZ4syE7Toe,10/21/2025,48,0:00
0GAu4gxqG0Ym8QCMEpu4LD,Tràng Thi,Low G,6TITnFVRcl0AcZ4syE7Toe,10/21/2025,48,0:00
0jxkAu7OS6STFFY28BUzI0,Giữa Hoà Bình,Lyly,4POahBr8YCPNKGErIiofyx,08/29/2025,42,4:29
42lJaUs0Nd2C1f2PUMQ9GZ,Ngày Ta Có Nhau,Lyly,4POahBr8YCPNKGErIiofyx,09/15/2025,30,4:00
0jaj3xCPewr6P4W8KkAPxi,Cây Phong Non,Lê Hiếu,4sOvsEM0ooH149joyEm7Wg,02/14/2025,0,0:00
64kXwf3h9uFwF14SRag4oH,Chấp Nhận,MANBO,2rKtPYcwYmevNcaqzJOwvf,10/16/2025,29,0:00
0oLdpAqSgmSyqzXJo4XHig,Ôm Em Thật Lâu,MONO,5jTFNkoZebPnX90CbB3F2A,04/03/2025,49,4:10
0kcbXWB5jS9b1KSinLWYp1,1 mũi tên trúng 2 con tim,MiiNa,76nos2JmvLyYGZ28ribrf7,04/14/2025,13,0:00
49KXsWxwnHbc8Qr8xigY2D,9 Tầng Mây,MiiNa,76nos2JmvLyYGZ28ribrf7,04/14/2025,23,0:00
6zHvvuO6Rfsupp1yzzylYg,gương kia ngự ở trên tường,MiiNa,76nos2JmvLyYGZ28ribrf7,04/14/2025,22,0:00
0iqM1sFRGxdmU59D0ZFSiV,real-world,MiiNa,76nos2JmvLyYGZ28ribrf7,04/14/2025,11,0:00
73MlA0niSjXOpl08KiBqBR,siêu người yêu,MiiNa,76nos2JmvLyYGZ28ribrf7,04/14/2025,8,0:00
0W7JrR1SSEDcBorkVJjEUw,song sinh,MiiNa,76nos2JmvLyYGZ28ribrf7,04/14/2025,17,0:00
7rpUmhpLVWMvoHPemepfyx,tần số chung,MiiNa,76nos2JmvLyYGZ28ribrf7,04/14/2025,35,0:00
1eVddKrxhaI6nTKZtHP7eV,wonderland,MiiNa,76nos2JmvLyYGZ28ribrf7,04/14/2025,8,0:00
155scePLMi17bHzmOuZcqU,át chủ bài,MiiNa,76nos2JmvLyYGZ28ribrf7,04/14/2025,8,0:00
6gpxCkfzKZvYrbaoakZHpb,123 Ngôi Sao,Minh Đinh,4NfuHLESitkh66LOZeyzsu,05/16/2025,17,0:00
14mfzzIjh0JIr1az88Z89h,Full Topping,Minh Đinh,4NfuHLESitkh66LOZeyzsu,05/16/2025,16,0:00
5nY2ukyE905BVnkfsQKnwY,Giảm Các Cảm Giác,Minh Đinh,4NfuHLESitkh66LOZeyzsu,05/16/2025,38,0:00
2cNcjscvTZxftFWMKI39oB,Luật Hấp Dẫn,Minh Đinh,4NfuHLESitkh66LOZeyzsu,05/16/2025,25,0:00
3wUXFCy3flStFatZSzzUeh,Tản Mạn Tình Yêu,Minh Đinh,4NfuHLESitkh66LOZeyzsu,05/16/2025,23,0:00
4HCT5Lc7kkjLcD8mMlpUQC,Vòng Xoáy,Minh Đinh,4NfuHLESitkh66LOZeyzsu,05/16/2025,16,0:00
2HdqYXq0yAPsP7FfN9Vxy5,buông?,Minh Đinh,4NfuHLESitkh66LOZeyzsu,05/16/2025,14,0:00
1MRRVrfAj7S1X1Iz3KfftI,Đi Ra Đi Vào,Minh Đinh,4NfuHLESitkh66LOZeyzsu,05/16/2025,31,0:00
78415pqdUQz2dqWtFj7rZP,ĐÔI LỜI,NIT,1MTANbmLhUqJXlLuqADGE7,01/09/2025,3,5:11
66cWqlacdf6ue3SyXklqs7,5 Ngón Bàn Tay - Đàn Cá Gỗ Original Soundtrack,Nguyễn Hùng,7oxw8G3qB7DwjCs18JWJt5,07/10/2025,48,0:00
0pbRvYG029mcNtFUuL7dNJ,Em Đâu Muốn Yêu,Nguyễn Hữu Kha,50zVd0WBgPZqC88gkrJ5xd,03/07/2025,5,5:15
015cWxefajYwEUZodBvpfn,Chúng Ta Còn Ở Đó Không? - Tet 2025 Movie “Bộ Tứ Báo Thủ” Original Soundtrack,Orange,5lAfakPZgxFKgiJD6xAF1G,01/30/2025,45,0:00
3W7xUIUUN8qNvzcD2tpdnm,Lội Ngược Dòng,Orange,5lAfakPZgxFKgiJD6xAF1G,09/14/2025,38,4:01
6Dv5B820mrWpXGIc7gFyKV,Một Nơi Bé Nhỏ Nào Đó - Tet 2025 Movie “Bộ Tứ Báo Thủ” Original Soundtrack,Orange,5lAfakPZgxFKgiJD6xAF1G,02/03/2025,26,0:00
3N02LWl86YenzSDo7JegsG,Anh Muốn,PAR SG,5yE1xvNIbuEB2kkopCuCVY,05/09/2025,17,0:00
3an8ECXf8jZ674aDfXibAI,DALAT 1810 (feat. Cigar & LongLu),PAR SG,5yE1xvNIbuEB2kkopCuCVY,04/18/2025,29,0:00
1fwgdNPdqSw28WpZA9kLdb,Lựa Chọn Của Em (feat. Cigar),PAR SG,5yE1xvNIbuEB2kkopCuCVY,05/09/2025,20,0:00
2tJDlk1gxIjqcb5PxlM3To,SUPERSHY (feat. luyn),PAR SG,5yE1xvNIbuEB2kkopCuCVY,05/09/2025,22,0:00
2g5O9eciZ7uib7SFbprnM6,Được Và Mất (feat. Hngle),PAR SG,5yE1xvNIbuEB2kkopCuCVY,05/09/2025,22,0:00
5phC3U5ofvJzPZMaJbCl7M,258,PC,3HD3V1nGFPwepBO7064Ij0,08/25/2025,38,3:51
5CDDI7NsITmyJI6hgvXBAd,Bài Học Quý Giá,PC,3HD3V1nGFPwepBO7064Ij0,01/22/2025,43,4:35
0cVITkMNlUbTiJrsgl6DPm,Cá Tính,Pháo,4en2ObzSYlIYbCGknXjgG9,05/09/2025,21,0:00
6fyL05j6x6mkmoXs5s1M7L,Anh Đi Tìm Ai,Pháp Kiều,13c4ijEkXNvEFoxGxwp5Su,11/12/2025,37,3:37
1mtU80oviSvkF0jJzNhkjn,Biết Chi Nhiều,Pháp Kiều,13c4ijEkXNvEFoxGxwp5Su,11/12/2025,35,0:00
6xlzG2CvkX7I0xDpo7VyyT,Mũi Tên Uất Hận,Pháp Kiều,13c4ijEkXNvEFoxGxwp5Su,11/12/2025,35,0:00
2a1CG13VSCDfvMSEKACbOi,Say Hết Đêm,Pháp Kiều,13c4ijEkXNvEFoxGxwp5Su,11/12/2025,37,3:43
7aNwZ9Zrth9qO1wjIZFRsq,Đôi Mi Chẳng Ướt,Pháp Kiều,13c4ijEkXNvEFoxGxwp5Su,11/12/2025,37,3:25
2EdxnysfXd2iGuBklL1bPj,NÀO AI BIẾT TRƯỚC - Phạm Kỳ,Phạm Kỳ,3yCPgp6ckDEqBUQnybWeTm,11/10/2025,13,0:00
4mhoDbKhd3JaFNPMyN9bdj,Quảng Nam - Đà Nẵng (Đoàn kết và tổng chồ),Phạm Kỳ,3yCPgp6ckDEqBUQnybWeTm,04/13/2025,7,0:00
6RSjrWXw9y76qygGImRsYT,Thôi em đừng khóc,Phạm Kỳ,3yCPgp6ckDEqBUQnybWeTm,10/04/2025,36,0:00
3HmTBYZI5cXyrjhyof4suh,VỪA HAY THỨC GIẤC,Phạm Kỳ,3yCPgp6ckDEqBUQnybWeTm,08/09/2025,13,0:00
27YNFssMSXPHNrHsKnFZEg,Địa Ngục Trần Gian - Phạm Kỳ (Trap),Phạm Kỳ,3yCPgp6ckDEqBUQnybWeTm,09/23/2025,21,0:00
4Jzv8SuPB46QoTKbfzSR1Y,Đứa Trẻ Đi Lạc,Phạm Kỳ,3yCPgp6ckDEqBUQnybWeTm,04/13/2025,7,0:00
5We7uD9TpLxSYGSK0kOfsZ,No.21,Puppy,2dC1IBU9NOD9xsQJ5RE7j7,10/20/2025,40,0:00
03lqBJVdEg5oPZPhtNANFn,Đầu Tư Cho Trái Tim,Quang Hùng MasterD,0slOzRzTQb1RBBVJbvRITP,02/22/2025,46,0:00
3HiEO7xIH81yDVivdugnDP,Anh Vẫn Ở Đây,Quang Đăng Trần,2LX2SKJhvZjyH4Z7XMptjd,06/30/2025,37,4:38
6bcRMc7wuLsbXP7KHHiKLK,Rời Đi Có Lẽ Tốt Hơn,Quang Đăng Trần,2LX2SKJhvZjyH4Z7XMptjd,04/08/2025,45,0:00
0u23VEYtvfgUdZ70zSI7Rf,Vô Tình Như Em,Quang Đăng Trần,2LX2SKJhvZjyH4Z7XMptjd,05/31/2025,21,3:27
4h07icz1LwK80zGhxebVdf,Falling With You,Quân A.P,2NRcG7E1j2sSi8vnUzCcpi,07/29/2025,36,0:00
6h0WS97nJhRZamjYCu7Mwk,Lời Xin Lỗi Vụng Về,Quân A.P,2NRcG7E1j2sSi8vnUzCcpi,02/12/2025,46,0:00
4yVjUXGvBqnHhoP322fSZr,BAY KHÔNG CẦN CÁNH,RHYDER,1W2pigH6UYwuTuFbwoSfVZ,07/03/2025,38,0:00
3KLCWggJ1ceqx2UBTaeEgy,CHẲNG TIN VÀO TÌNH YÊU,RHYDER,1W2pigH6UYwuTuFbwoSfVZ,10/16/2025,54,3:23
4Erroubw0xXgFb5n4f2xdI,NÓI GÌ NỮA,RHYDER,1W2pigH6UYwuTuFbwoSfVZ,10/16/2025,49,0:00
513lpsKxZL6fFMIhJdxVOj,SỐNG là phải ĐỘNG,RHYDER,1W2pigH6UYwuTuFbwoSfVZ,01/05/2025,38,2:06
6YZUeBdhpZ3xEcfGeMQje7,All The Fans,Rhymastic,0gGd4WhPXBSgDX6fdOHcOw,10/22/2025,29,0:00
3H0crn1dmj1leEzTCws5SW,2025,Richie D. ICY,0FvZX3MHDrlAAnf15FgBkA,10/10/2025,39,3:07
2lJNyw69T6IYMtFY7cKBJx,Có lẽ,Ronboogz,0dBcEvEklr1jx4uZuhFX5e,03/15/2025,32,0:00
4rlBvqOu3cZrrEq3JYMIpq,Một Người Thành Công,Ronboogz,0dBcEvEklr1jx4uZuhFX5e,09/29/2025,36,0:00
6EY7APohRpAo7qozuKSZGn,Trong Bao Nỗi Buồn,Ronboogz,0dBcEvEklr1jx4uZuhFX5e,04/04/2025,44,0:00
4Gs3MrfMQub2r90VWmcnMZ,Ai cũng phải lớn,SOOBIN,6CGGvCBHWqQ4HXtn5aLhbh,05/20/2025,48,4:20
3aGxbvI7bSoLm8amDLPChw,Tiến Tới Ước Mơ 2 (feat. Rhymastic & SlimV) - Vươn Mình Vượt Trội,SOOBIN,6CGGvCBHWqQ4HXtn5aLhbh,06/20/2025,34,2:48
6lNfj1VcaETCDfCuZJYj8I,VIỆT NAM TÔI ĐÓ,SOOBIN,6CGGvCBHWqQ4HXtn5aLhbh,01/09/2025,36,3:07
68DhntvfXUCnw5IiBPTWk1,Còn Chờ Là Còn Nhớ (feat. ICY FAMOU$),Shartnuss,2BoU3GzyaG397l5ci1twa9,08/07/2025,40,0:00
3VfNoMjrwFKF0dIWPM0cZl,Hẹn Em Ở Lễ Đường,Shartnuss,2BoU3GzyaG397l5ci1twa9,05/07/2025,33,0:00
3QpSn5QZC0MwIal8vnc3Hp,Lặng Nghe Hạt Mưa Rơi,Shartnuss,2BoU3GzyaG397l5ci1twa9,03/08/2025,34,0:00
4pCxt4tcYVPrQd34qRYNQN,Mưa Có Mang Em Đi (feat. Phankeo),Shartnuss,2BoU3GzyaG397l5ci1twa9,11/12/2025,34,0:00
2wn5VuIA19qSoGuNo4bxxA,BADAK,Shayda,4WF9GdetrQiLeWDWAISRGa,02/28/2025,19,0:00
1HlOTEATzsFqPszwOxFHcT,Deep,Shayda,4WF9GdetrQiLeWDWAISRGa,02/28/2025,9,3:09
3bXyBfnJKSrJk123eFSOqZ,Fight,Shayda,4WF9GdetrQiLeWDWAISRGa,02/28/2025,11,2:42
3fLgFHN6UItGTPRn35OEWW,Go Away,Shayda,4WF9GdetrQiLeWDWAISRGa,10/10/2025,21,0:00
0a0XaNyU4Rbl8BfkGuCvo3,Heaven-Sent,Shayda,4WF9GdetrQiLeWDWAISRGa,02/28/2025,9,3:29
7yN2ibkJXVNJH4wjx5Oz9y,Kill Me,Shayda,4WF9GdetrQiLeWDWAISRGa,02/28/2025,9,0:00
2FE9cyRJNtDuDMLJG9qCiI,Love Yaaa,Shayda,4WF9GdetrQiLeWDWAISRGa,02/28/2025,7,2:47
1Y9D5zlGdfJhPDaGo2riPA,Mind,Shayda,4WF9GdetrQiLeWDWAISRGa,10/10/2025,19,0:00
1C73qnDYz5S5TswraJEmXS,Sometimes I Feel,Shayda,4WF9GdetrQiLeWDWAISRGa,10/10/2025,21,3:36
2YPBgnpYW6nZ1CTibbcVsw,Lần Sau,T.R.I,2rVYwIYNEsMxtt8j5yemHb,10/02/2025,36,0:00
4pugi4NKWbBbhAWKLuFb9F,Lặng Im Và Tan Vỡ - The Recap,T.R.I,2rVYwIYNEsMxtt8j5yemHb,01/16/2025,16,0:00
3nAK6W0uTnaaSfKabOpiPk,Lễ Đường Của Em - The Recap,T.R.I,2rVYwIYNEsMxtt8j5yemHb,01/16/2025,16,0:00
17tO2jBk0WxaN7uVNSm1md,Một Bài Hát Không Vui Mấy - The Recap,T.R.I,2rVYwIYNEsMxtt8j5yemHb,01/16/2025,17,0:00
3TlXEvnd3dn37yqhF0APyD,Nhịp Đôi,T.R.I,2rVYwIYNEsMxtt8j5yemHb,04/09/2025,25,0:00
6uHezilcHNCJwJTVBEzVy2,Trở Thành Quá Khứ - The Recap,T.R.I,2rVYwIYNEsMxtt8j5yemHb,01/16/2025,11,0:00
2SChI9PnwA9Sf59KGnRuKv,0 ai ngoài em,The Wind,5mPRDRL2rclNaPJXOg56Jy,09/11/2025,12,0:00
0clSnpZudneh7n4w5c0Wvl,Anh không muốn em khóc,The Wind,5mPRDRL2rclNaPJXOg56Jy,09/11/2025,0,3:31
6E04d5R86KtyB79QUTdNmf,Anh đang về rồi đây,The Wind,5mPRDRL2rclNaPJXOg56Jy,09/11/2025,0,3:20
6evi5BjBO4KyuMFboBT5W0,Chấp nhận,The Wind,5mPRDRL2rclNaPJXOg56Jy,09/11/2025,1,2:24
2yfk016VQfoLq53e9j4Idx,Hẹn gặp lại,The Wind,5mPRDRL2rclNaPJXOg56Jy,09/11/2025,1,2:57
3z2zIkeLFMtTcDFrwBr1Yh,Và mưa lại rơi,The Wind,5mPRDRL2rclNaPJXOg56Jy,09/11/2025,1,0:00
2SbVXr4SIKfF7RtLuMUwSq,Được yêu,The Wind,5mPRDRL2rclNaPJXOg56Jy,07/02/2025,26,3:00
5J7qm7vGxtWQDOhXddoXua,Chẳng Thể Tương Xứng,Thái Học,6BnKArbWE6Il0AyLJdvUxy,07/10/2025,23,0:00
6htKeiIC1OSDv2QkJPlAwl,Sau Này Em Cưới Ai Rồi,Thái Học,6BnKArbWE6Il0AyLJdvUxy,05/27/2025,38,0:00
2wmvTKlJstyNWzB336iBrp,Say Như Một Thói Quen,Thái Học,6BnKArbWE6Il0AyLJdvUxy,05/29/2025,21,0:00
3C1cB3pKENnQOL1hNwIDfc,Tự Hào Màu Áo Lính,Thái Học,6BnKArbWE6Il0AyLJdvUxy,06/01/2025,42,0:00
0TEUE6KxgwPWkwz0as2NHw,Đơn Phương Mình Anh,Thái Học,6BnKArbWE6Il0AyLJdvUxy,06/30/2025,24,0:00
4IoYnJeM78GyvNLHi8dxKx,Chuyến Xe Tháng Giêng,Thái Đinh,7lq25uVNvzRoAJgr4CYr8e,01/19/2025,15,0:00
20BPNO5wYqbcDw7k2ODxHb,Chong Đèn Canh Thâu,Trungg I.U,6Ue0BbbTOdBjcO4QZB5sio,07/18/2025,30,0:00
4JPZBnzODRL4Wyt2XhYCvs,Chẳng Cần Ngày Mai,Trungg I.U,6Ue0BbbTOdBjcO4QZB5sio,04/02/2025,44,0:00
7tqOgtCSj0EP9MTfEvEhSH,Chẳng Hiểu Anh Dạo Này,Trungg I.U,6Ue0BbbTOdBjcO4QZB5sio,08/15/2025,23,0:00
3GEwGKDncU9yOjhVU4TdnI,Khách Vãng Lai,Trungg I.U,6Ue0BbbTOdBjcO4QZB5sio,08/05/2025,29,0:00
5Xio61DvadPZyHEzPtBbko,Thế Giới Này Có Nhiều Người Tốt,Trungg I.U,6Ue0BbbTOdBjcO4QZB5sio,06/11/2025,39,0:00
0fSxfChRb8PLUhzWY5UZ3p,Chuyện Cũ Bỏ Qua 2025,Trúc Nhân,1dmaHHd1Xbd85cT1egYb4w,01/10/2025,13,0:00
28TXyFJlj4RywOgFf2QWhx,Making Money,Trúc Nhân,1dmaHHd1Xbd85cT1egYb4w,04/23/2025,10,0:00
6j5pDQVIiz6FW4lWHkcoet,Bình Yên (buonhonmotchut) (feat. Goddy),Táo,23xCr75lKvnFvKi8ImHE7S,05/11/2025,24,3:20
4UNjRtMRL4YutC8Wlfr3dy,Chơi Vơi (buonhonmotchut) (feat. Goddy),Táo,23xCr75lKvnFvKi8ImHE7S,05/11/2025,19,4:09
2YAoqItaAqarVVNN7L9r0Z,Cả Nhà Cô Đơn (buonhonmotchut) (feat. Goddy),Táo,23xCr75lKvnFvKi8ImHE7S,05/11/2025,17,5:14
5T4QdnJxl56ass81clyBnz,Mộng Mị (buonhonmotchut) (feat. Goddy),Táo,23xCr75lKvnFvKi8ImHE7S,05/11/2025,17,4:07
5NvEFd9sbI9ChWUVAS8ZYB,Xin (buonhonmotchut) (feat. Goddy),Táo,23xCr75lKvnFvKi8ImHE7S,05/11/2025,19,3:13
1K5v34E0XAJltl0ySiWCZc,Lầm Giấc Mơ,Việt Anh,0cf0oidLIQoNhGTp0SHzhU,10/27/2025,22,5:38
15eVTabKfMB67DeENz5S8F,Mưa Rơi Lặng Thầm,Việt Anh,0cf0oidLIQoNhGTp0SHzhU,06/11/2025,24,4:11
3IgjM5Z4xVZkTQvAQJYosk,Phố Không Em,Việt Anh,0cf0oidLIQoNhGTp0SHzhU,06/13/2025,31,5:08
5F99FNjWIkniddf9xExZzQ,Tiếc Nuối Năm Tháng Xuân Thì,Việt Anh,0cf0oidLIQoNhGTp0SHzhU,10/12/2025,24,4:56
4EABGgwQFe0NBdu49EhYDM,Đêm Lao Xao,Việt Anh,0cf0oidLIQoNhGTp0SHzhU,06/11/2025,24,4:32
1aTOEnRbXz6TJYKgZcW6Lg,Bên Nhau Mình Là Nhà,Vũ Cát Tường,7yquVKfxBuNFJbG9cy2R8A,05/29/2025,35,0:00
4ElFTH8hqX7XkzRbCtktfi,"Ngày Này, Người Con Gái Này",Vũ Cát Tường,7yquVKfxBuNFJbG9cy2R8A,02/14/2025,47,0:00
229P16G6GFOCDUNiUNusc4,Cứu Lấy Âm Nhạc,Wren Evans,5M3ffmRiOX9Q8Y4jNeR5wu,01/16/2025,36,0:00
0wZQeFW2ZcIbCTnxnKx5O9,Vấn Vương,buitruonglinh,7Cp2hGcriAaDUAWpXnSEwm,04/17/2025,42,2:54
4oKraqGaWN3qg37MqEd27A,ACT i: Yết,kidsai,6kkA6laUMR0hzML9YY98CQ,11/13/2025,25,0:00
6vKGZjNM6dCEVyvAzqAW93,ACT iv: Kết Thúc,kidsai,6kkA6laUMR0hzML9YY98CQ,11/13/2025,12,0:00
28ou00HjCUWKQI318NUeb7,ANH KHÔNG THIẾT,kidsai,6kkA6laUMR0hzML9YY98CQ,11/13/2025,15,0:00
1xFh12giTLsXgM7Abl9vMI,AUYEM,kidsai,6kkA6laUMR0hzML9YY98CQ,11/13/2025,25,0:00
23sYWCrSmJ6LlYb1yZx6wB,GIAYPHUT,kidsai,6kkA6laUMR0hzML9YY98CQ,11/13/2025,14,0:00
5AGsqfnnw4v4si7cfaOs32,KOSAO,kidsai,6kkA6laUMR0hzML9YY98CQ,11/13/2025,18,0:00
7j8Cn6JwRm76xGvnuLpBG0,LOVER BOY,kidsai,6kkA6laUMR0hzML9YY98CQ,11/13/2025,17,0:00
1FGfydS2cZzWw6xKf7ELOC,NHỚ (ANH),kidsai,6kkA6laUMR0hzML9YY98CQ,11/13/2025,15,0:00
5DV4gm7bh9aFhbMkjRknwB,TALAGI,kidsai,6kkA6laUMR0hzML9YY98CQ,11/13/2025,14,0:00
0aqp1aE5TF3Tdah3aDOUcU,TẠI SAO,kidsai,6kkA6laUMR0hzML9YY98CQ,11/13/2025,17,0:00
1IUEBNyG1iyDfhMM6KHQhJ,VMA,kidsai,6kkA6laUMR0hzML9YY98CQ,11/13/2025,17,0:00
6UzdSf9u3pTkiqotDMSopE,WANYU,kidsai,6kkA6laUMR0hzML9YY98CQ,11/13/2025,18,0:00
3aH4FiGwEADxTLLXagXhd9,YÊU,kidsai,6kkA6laUMR0hzML9YY98CQ,11/13/2025,28,0:00
1LYF2h3PyfZRPwDTTGotWH,CÁI ĐẸP,tlinh,3diftVOq7aEIebXKkC34oR,01/23/2025,40,0:00
4hY2A4LfycGhdIKABHh6Nv,em biết ò!,Ánh Sáng AZA,0agWx6vy0Ss4FGafO8bEYc,09/10/2025,43,3:40
3m0HZdj4sDKWPeZxjIAEUg,Lãng đãng,Đen,1LEtM3AleYg1xabW6CRkpi,07/29/2025,44,0:00
0fy83aSwInNBE72Ajbocw8,Con Đường Mưa,Đặng Vĩnh Thịnh,5HoKHEC3OTaMgMDnCqc00B,02/16/2025,31,0:00
4uomzOPPcNtVQ8UJWMrjSm,Mượn Trăng,Đặng Vĩnh Thịnh,5HoKHEC3OTaMgMDnCqc00B,10/03/2025,20,0:00
1XTrtPInHMOu5oW4vDbozR,Tình Đang Farm,Đặng Vĩnh Thịnh,5HoKHEC3OTaMgMDnCqc00B,07/21/2025,6,0:00
3XMNQ51G4mDsSa7o7QLJiS,Anh Ở Đây Mà,Đức Phúc,5FWPIKz9czXWaiNtw45KQs,01/20/2025,28,4:06
1ahMIChLwnLRGDu5AhMWZI,Chăm Em Một Đời,Đức Phúc,5FWPIKz9czXWaiNtw45KQs,02/11/2025,45,3:22
67jiVyc7mvmHmxS9EEPNFU,Phù Đổng Thiên Vương,Đức Phúc,5FWPIKz9czXWaiNtw45KQs,09/19/2025,38,3:00
0tnXPMb5NR08pvh04wSnlC,Thương Em,Đức Phúc,5FWPIKz9czXWaiNtw45KQs,09/08/2025,17,3:58
1C3eD8wxdWwPDSYHQCOZwY,Tết Này Để Con Lo,Đức Phúc,5FWPIKz9czXWaiNtw45KQs,01/06/2025,12,2:51
2cneIo4vGuVHg1tTAlfjn4,Dưới Ánh Đèn Trong Thành Phố,Đức Trường,4R2engiAed6QeIV63PDAz0,03/01/2025,22,2:45
3LZYzC2BuOVru4HjixB1Cq,Không Thể Chạm,Đức Trường,4R2engiAed6QeIV63PDAz0,03/01/2025,4,3:42
4HqEiOEZy4YORsjjVghUT2,Kẻ Điên,Đức Trường,4R2engiAed6QeIV63PDAz0,03/01/2025,14,3:18
3ZkH8Vt9RxFVEX18ghXyhw,"Nếu Biết Đó ""Thật Sự"" Là Lần Cuối",Đức Trường,4R2engiAed6QeIV63PDAz0,03/01/2025,33,3:31
5Ybp7v0MDknovIKKoTkLdH,Đến Đây Được Rồi,Đức Trường,4R2engiAed6QeIV63PDAz0,03/01/2025,34,3:46
