title,artists,featured_artists,release_date,genres,spotify_popularity,total_platforms,score_platform,A_total_appearances,Z_total_appearances,N_total_appearances,S_total_appearances,total_appearances,score_sustain,Z_best_rank,S_best_rank,N_best_rank,A_best_rank,score_rank,S_total_streams,Z_total_plays,score_historical,total_score,is-hit,hit_type
không buông,hngle,ari,2025-08-25,v-pop,70,4,1,11,17,9,14,51,1,12,3,3,5,11,8195257,3800000,3,16,1,Proven Hit
người như anh xứng đáng cô đơn,anh trai say hi,"vũ cát tường, karik, negav, ngô kiến huy, jey b",2025-09-29,"v-pop, vietnamese hip hop",68,4,1,11,17,9,14,51,1,9,14,8,12,10,4578845,3000000,3,15,1,Proven Hit
anh đã không biết cách yêu em,quang đăng trần,,2025-07-05,"vietnamese lo-fi, v-pop, vinahouse",66,4,1,11,17,9,14,51,1,3,13,2,32,9,6558183,20800000,3,14,1,Proven Hit
không thời gian,dương domic,,2025-09-20,"v-pop, vietnamese hip hop",67,4,1,8,17,9,14,48,1,18,6,9,37,9,4357174,2300000,3,14,1,Proven Hit
người đầu tiên,em xinh say hi,juky san,2025-08-18,v-pop,68,3,1,,17,9,14,40,1,10,5,16,,8,7948996,3900000,3,13,1,Proven Hit
người đầu tiên,juky san,buitruonglinh,2025-08-18,v-pop,68,4,1,22,17,8,12,59,1,15,3,5,10,11,1260991,531000,0,13,1,Proven Hit
ngày này năm ấy,việt anh,,2025-07-12,"vinahouse, v-pop",65,4,1,8,17,9,12,46,1,7,31,9,47,7,5643285,7300000,3,12,1,Proven Hit
sớm muộn thì,anh trai say hi,"hustlang robber, nhâm phương nam, mason nguyen, jaysonlei, khoi vu, lamoon",2025-11-10,"v-pop, vietnamese hip hop",46,4,1,5,5,3,4,17,0,11,5,2,2,11,397331,182000,0,12,1,Proven Hit
kho báu,(s)trong,,2025-08-14,"v-pop, vietnam indie",64,3,1,17,6,13,,36,1,37,,4,8,7,,6500000,3,12,1,Proven Hit
in love,low g,justatee,2025-10-21,"vietnamese hip hop, v-pop, vietnam indie",66,4,1,11,6,9,14,40,1,26,2,2,3,10,2675046,461000,0,12,1,Proven Hit
không đau nữa rồi,em xinh say hi,"orange, châu bùi, mỹ mỹ, pháp kiều, 52hz",2025-06-23,v-pop,67,4,1,11,2,9,14,36,1,41,17,23,8,6,11938878,7200000,3,11,1,Proven Hit
mất kết nối,dương domic,,2024-11-22,"v-pop, vietnamese hip hop",66,3,1,11,,9,14,34,1,,28,12,10,6,42336244,,3,11,1,Proven Hit
bình yên,vũ.,binz,2024-09-27,"v-pop, vietnam indie, vietnamese lo-fi",64,3,1,11,,9,14,34,1,,11,18,13,6,39944767,,3,11,1,Proven Hit
chẳng phải tình đầu sao đau đến thế,min,"dangrangto, antransax",2025-10-22,"v-pop, vietnamese hip hop, vietnam indie, vinahouse",67,3,1,11,,9,14,34,1,,2,1,1,9,3097993,,0,11,1,Proven Hit
em,binz,,2025-10-25,"vietnamese hip hop, v-pop, vietnam indie, vinahouse",65,3,1,11,,9,14,34,1,,3,3,2,9,2004546,,0,11,1,Proven Hit
đoạn kịch câm,anh trai say hi,"congb, negav, b ray, codynamvo, phạm đình thái ngân, mỹ mỹ",2025-11-03,"v-pop, vietnamese hip hop",56,4,1,11,17,6,10,44,1,9,29,7,17,9,643763,413000,0,11,1,Proven Hit
quyền yếu đuối,miina,"rin9, dreamer",2025-10-12,v-pop,49,2,0,,17,16,,33,1,4,,7,,6,,1700000,3,10,1,Proven Hit
còn gì đẹp hơn (mưa đỏ original soundtrack),nguyễn hùng,,2025-07-27,"v-pop, vietnam indie",65,4,1,10,17,9,2,38,1,24,42,13,35,4,7439384,7400000,3,9,1,Proven Hit
ngàn năm ánh sáng,đặng vĩnh thịnh,bmz,2025-07-30,"v-pop, vietnam indie",66,3,1,,5,9,14,28,0,38,13,23,,4,6509880,2500000,3,8,1,Legacy Hit (Saved)
kho báu (with rhymastic),(s)trong,rhymastic,2025-08-14,"v-pop, vietnam indie",64,2,0,,17,5,,22,0,12,,6,,5,,5800000,3,8,1,Legacy Hit (Saved)
nắng ấm trong tim,duongg,dadeon,2025-10-24,"vietnamese lo-fi, v-pop, vietnam indie",57,3,1,,17,9,7,33,1,19,31,18,,5,827138,626000,0,7,1,New Hit (Saved)
dancing in the dark,soobin,,2024-06-25,"v-pop, vietnamese hip hop, vietnam indie, vinahouse",54,2,0,10,,,14,24,0,,13,,18,4,21906976,,3,7,1,Legacy Hit (Saved)
anh là thằng tồi,phùng khánh linh,,2025-10-18,"v-pop, vietnam indie",61,3,1,11,1,,10,22,0,12,33,,5,6,1064166,,0,7,1,New Hit (Saved)
phép màu,maydays,minh tốc & lam,2025-02-21,"v-pop, vietnam indie",68,2,0,,,9,14,23,0,,13,11,,4,23448803,,3,7,1,Legacy Hit (Saved)
âm thầm bên em,sơn tùng m-tp,,2017-04-01,"v-pop, vinahouse, vietnamese hip hop",68,2,0,,,9,14,23,0,,8,28,,4,45142892,,3,7,1,Legacy Hit (Saved)
mục hạ vô nhân,soobin,"binz, nsnd huỳnh tú",2025-11-10,"v-pop, vietnamese hip hop, vietnam indie, vinahouse",47,3,1,5,,2,3,10,0,,23,14,7,6,219313,,0,7,0,Non-Hit
10 mất 1 còn không,lê gia bảo,bmz,2025-05-08,"vinahouse, v-pop, vietnamese lo-fi, vietnam indie",47,2,0,,17,9,,26,0,6,,43,,3,,22900000,3,6,0,Non-Hit
wrong times,puppy,dangrangto,2023-05-17,"v-pop, vietnamese hip hop",68,2,0,,,9,14,23,0,,9,41,,3,50079147,,3,6,1,Legacy Hit (Saved)
mình là người yêu cũ,khả hiệp,,2025-07-22,"vinahouse, v-pop, vietnamese lo-fi",37,1,0,,17,,,17,0,4,,,,3,,9600000,3,6,0,Non-Hit
không thể say,hieuthuhai,,2023-10-16,"v-pop, vietnamese hip hop, vietnamese lo-fi, vietnam indie, vinahouse",67,2,0,11,,,14,25,0,,21,,18,3,57550303,,3,6,1,Legacy Hit (Saved)
dẫu có đến đâu,anh trai say hi,"congb, vương bình, lohan, nhâm phương nam",2025-10-13,"v-pop, vietnamese hip hop",60,2,0,,17,6,,23,0,13,,37,,3,,1100000,3,6,1,Legacy Hit (Saved)
giá như,soobin,,2024-04-10,"v-pop, vietnamese hip hop, vietnam indie, vinahouse",61,2,0,9,,,14,23,0,,11,,28,3,27915340,,3,6,1,Legacy Hit (Saved)
mo,vũ cát tường,,2016-01-01,"v-pop, vietnam indie",68,1,0,,,,14,14,0,,9,,,3,38618049,,3,6,1,Legacy Hit (Saved)
nắng có mang em về,shartnuss,"tr.d, phankeo",2023-10-21,"v-pop, vietnam indie",68,1,0,,,,14,14,0,,8,,,3,27560917,,3,6,1,Legacy Hit (Saved)
nơi này có anh,sơn tùng m-tp,,2017-04-01,"v-pop, vinahouse, vietnamese hip hop",64,2,0,,,9,12,21,0,,31,20,,3,32591785,,3,6,1,Legacy Hit (Saved)
phim ba người,nguyễn vĩ,,2025-04-20,"vinahouse, v-pop",47,1,0,,17,,,17,0,9,,,,3,,38700000,3,6,0,Non-Hit
từng ngày yêu em,buitruonglinh,,2024-12-12,"v-pop, vietnamese lo-fi, vietnam indie, vinahouse",67,1,0,,,,14,14,0,,10,,,3,20972723,,3,6,1,Legacy Hit (Saved)
exit sign,hieuthuhai,marzuz,2023-10-16,"v-pop, vietnamese hip hop, vietnamese lo-fi, vietnam indie, vinahouse",70,1,0,,,,14,14,0,,8,,,3,55020803,,3,6,1,Legacy Hit (Saved)
họa sĩ tồi,thái học,,2025-08-10,"vinahouse, v-pop, vietnamese bolero, vietnamese lo-fi",49,1,0,,17,,,17,0,1,,,,3,,11000000,3,6,1,Legacy Hit (Saved)
em thua cô ta,min quỳnh anh,,2025-11-11,"vinahouse, v-pop",0,1,0,,17,,,17,0,1,,,,3,,3600000,3,6,0,Non-Hit
chuyện đôi ta,emcee l,muộii (starry night),2021-12-01,"v-pop, vietnamese lo-fi, vietnam indie, vietnamese hip hop",67,1,0,,,,7,7,0,,15,,,2,69013850,,3,5,1,Legacy Hit (Saved)
phóng zìn zìn,tlinh,low g,2024-09-18,"v-pop, vietnamese hip hop, vietnam indie, vinahouse",65,2,0,11,,,9,20,0,,30,,30,2,34332230,,3,5,1,Legacy Hit (Saved)
cứ đổ tại cơn mưa,em xinh say hi,"phương ly, orange, châu bùi, 52hz, vũ thảo my",2025-08-11,v-pop,59,2,0,,15,3,,18,0,17,,48,,2,,3500000,3,5,1,Legacy Hit (Saved)
em không cần,hannie,,2025-10-16,"v-pop, vinahouse",57,2,0,,4,9,,13,0,3,,16,,5,,396000,0,5,1,New Hit (Saved)
giờ thì,buitruonglinh,,2024-12-12,"v-pop, vietnamese lo-fi, vietnam indie, vinahouse",65,2,0,,,9,10,19,0,,31,27,,2,18306027,,3,5,1,Legacy Hit (Saved)
lý do nào để quay lại với nhau,par sg,new$oulz,2022-05-20,"vietnamese lo-fi, vietnamese hip hop, v-pop, vietnam indie",66,1,0,,,,10,10,0,,14,,,2,11709797,,3,5,1,Legacy Hit (Saved)
một đời,14 casper,"bon nghiêm, buitruonglinh",2023-03-03,"v-pop, vietnamese lo-fi, vietnam indie",62,2,0,,,9,14,23,0,,12,43,,2,31538476,,3,5,1,Legacy Hit (Saved)
hoa bất tử,thành đạt,,2025-04-18,"vinahouse, v-pop",38,1,0,,17,,,17,0,20,,,,2,,18100000,3,5,0,Non-Hit
hermosa,anh trai say hi,"sơn.k, buitruonglinh, tez, mason nguyen, congb",2025-09-29,"v-pop, vietnamese hip hop",60,2,0,,1,9,,10,0,47,,20,,2,,1200000,3,5,1,Legacy Hit (Saved)
nỗi đau giữa hòa bình,hòa minzy,nguyễn văn chung,2025-08-22,"v-pop, vinahouse",55,1,0,,17,,,17,0,13,,,,2,,6800000,3,5,1,Legacy Hit (Saved)
hóa giải bằng nước mắt,cao thái sơn,lê chí trung,2024-10-25,"v-pop, vinahouse, vietnamese bolero",36,1,0,,17,,,17,0,16,,,,2,,24700000,3,5,0,Non-Hit
vạn vật như muốn ta bên nhau,rio,,2025-04-10,"v-pop, vietnam indie, vietnamese hip hop",67,1,0,,,,14,14,0,,16,,,2,15381953,,3,5,1,Legacy Hit (Saved)
say một đời vì em,nguyên vũ,,2025-09-26,"v-pop, vinahouse",32,1,0,,17,,,17,0,13,,,,2,,1900000,3,5,0,Non-Hit
vừa lòng nhau chưa,thành đạt,"dickson, lê chí trung",2025-08-06,"vinahouse, v-pop",21,1,0,,15,,,15,0,17,,,,2,,2700000,3,5,0,Non-Hit
bầu trời mới,da lab,minh tốc & lam,2024-10-05,"v-pop, vietnamese hip hop, vietnam indie, vietnamese lo-fi, vinahouse",63,1,0,,,,6,6,0,,39,,,1,28907684,,3,4,1,Legacy Hit (Saved)
anh thua người ta nhiều lắm,nb3 hoài bảo,ct,2025-08-17,"vinahouse, vietnamese lo-fi, v-pop, lo-fi",28,1,0,,2,,,2,0,40,,,,1,,1600000,3,4,0,Non-Hit
chịu cách mình nói thua,rhyder,"coolkid, ban",2023-11-22,"v-pop, vietnamese hip hop",64,1,0,,,,2,2,0,,33,,,1,51359776,,3,4,1,Legacy Hit (Saved)
nhắn nhủ,ronboogz,,2023-12-12,"v-pop, vietnamese hip hop, vietnam indie",64,1,0,,,,4,4,0,,33,,,1,36902652,,3,4,1,Legacy Hit (Saved)
nếu ngày ấy,soobin,,2019-07-22,"v-pop, vietnamese hip hop, vietnam indie, vinahouse",63,1,0,,,,13,13,0,,25,,,1,10375865,,3,4,1,Legacy Hit (Saved)
em đau,phùng khánh linh,thành luke,2025-10-18,"v-pop, vietnam indie",55,2,0,11,1,,,12,0,40,,,7,4,,316000,0,4,1,New Hit (Saved)
một bài hát không vui mấy - extended version,t.r.i,"dangrangto, donal",2024-12-24,"v-pop, vietnamese lo-fi, vietnam indie, vietnamese hip hop",65,1,0,,,,13,13,0,,29,,,1,16502485,,3,4,1,Legacy Hit (Saved)
muốn cua anh làm bồ,dương ái vy,htm,2025-07-08,"vinahouse, v-pop, vietnamese hip hop",41,1,0,,17,,,17,0,23,,,,1,,7200000,3,4,0,Non-Hit
có mình và ta,nguyễn vĩ,,2025-09-16,"vinahouse, vietnamese lo-fi, v-pop",40,1,0,,5,,,5,0,36,,,,1,,1000000,3,4,0,Non-Hit
sự ưu tiên của em,lê gia bảo,,2025-03-27,"vinahouse, v-pop, vietnamese lo-fi, vietnam indie",41,1,0,,17,,,17,0,28,,,,1,,16000000,3,4,0,Non-Hit
thằng điên,justatee,phương ly,2022-07-11,"v-pop, vietnamese hip hop, vietnam indie",63,1,0,,,,5,5,0,,40,,,1,34868366,,3,4,1,Legacy Hit (Saved)
tháng năm,soobin,,2020-12-15,"v-pop, vietnamese hip hop, vietnam indie, vinahouse",65,2,0,11,,,1,12,0,,45,,23,1,20043593,,3,4,1,Legacy Hit (Saved)
vì anh đâu có biết,madihu,vũ.,2022-08-04,"v-pop, vietnam indie, vietnamese hip hop",64,1,0,,,,12,12,0,,22,,,1,57754771,,3,4,1,Legacy Hit (Saved)
2am,justatee,bigdaddy,2022-05-10,"v-pop, vietnamese hip hop",64,1,0,,,,3,3,0,,39,,,1,35568758,,3,4,1,Legacy Hit (Saved)
sinh ra đã là thứ đối lập nhau,emcee l,"da lab, badbies",2020-12-29,"v-pop, vietnamese lo-fi, vietnam indie, vietnamese hip hop",65,1,0,,,,7,7,0,,28,,,1,52672401,,3,4,1,Legacy Hit (Saved)
sau cơn mưa,coolkid,rhyder,2023-07-28,"v-pop, vietnamese hip hop",64,1,0,,,,2,2,0,,36,,,1,51236484,,3,4,1,Legacy Hit (Saved)
chẳng thể cảm hóa,lương quý tuấn,an clock,2025-05-14,"vinahouse, v-pop",43,1,0,,17,,,17,0,37,,,,1,,5900000,3,4,0,Non-Hit
trái tim không có tội,châu khải phong,,2025-09-10,"vinahouse, v-pop, vietnamese lo-fi, vietnamese bolero",27,1,0,,16,,,16,0,26,,,,1,,1800000,3,4,0,Non-Hit
buông đôi tay nhau ra,sơn tùng m-tp,,2017-04-01,"v-pop, vinahouse, vietnamese hip hop",67,2,0,,,9,14,23,0,,25,45,,1,25009673,,3,4,1,Legacy Hit (Saved)
thiệp hồng sai tên,nguyễn thành đạt,,2025-10-30,none,27,2,0,,17,2,,19,0,3,,32,,4,,789000,0,4,0,Non-Hit
vaicaunoicokhiennguoithaydoi,grey d,tlinh,2022-06-20,"v-pop, vietnam indie, vietnamese hip hop",65,2,0,8,,,10,18,0,,30,,44,1,58543786,,3,4,1,Legacy Hit (Saved)
hà nội,obito,"shiki, vstra",2023-10-10,"v-pop, vietnamese hip hop, vietnam indie",64,2,0,11,,,1,12,0,,50,,27,1,22666525,,3,4,1,Legacy Hit (Saved)
ếch ngoài đáy giếng,em xinh say hi,phương mỹ chi,2025-08-18,v-pop,53,1,0,,7,,,7,0,23,,,,1,,4400000,3,4,1,Legacy Hit (Saved)
nói dối,ronboogz,,2022-12-12,"v-pop, vietnamese hip hop, vietnam indie",66,1,0,,,,14,14,0,,22,,,1,28737338,,3,4,1,Legacy Hit (Saved)
id 072019,w/n,,2023-07-31,"v-pop, vietnamese lo-fi, vietnamese hip hop, vietnam indie",64,1,0,,,,6,6,0,,39,,,1,45421017,,3,4,1,Legacy Hit (Saved)
love is,dangrangto,,2023-06-27,"vietnamese hip hop, v-pop",64,1,0,,,,12,12,0,,29,,,1,24067950,,3,4,1,Legacy Hit (Saved)
mảnh tình sai đôi,quang hà,,2025-08-18,"vinahouse, v-pop, vietnamese bolero",36,1,0,,15,,,15,0,38,,,,1,,1600000,3,4,0,Non-Hit
tràn bộ nhớ,dương domic,,2024-11-22,"v-pop, vietnamese hip hop",64,1,0,,,,5,5,0,,35,,,1,23096835,,3,4,1,Legacy Hit (Saved)
thức giấc,da lab,,2021-07-14,"v-pop, vietnamese hip hop, vietnam indie, vietnamese lo-fi, vinahouse",64,1,0,,,,5,5,0,,39,,,1,44290253,,3,4,1,Legacy Hit (Saved)
lệ ngang trời,hồ nhi,a tuân,2025-06-27,none,28,1,0,,17,,,17,0,26,,,,1,,4600000,3,4,0,Non-Hit
đa nghi,anh trai say hi,"negav, hải nam, codynamvo, dillan hoàng phan",2025-10-13,"v-pop, vietnamese hip hop",62,2,0,,16,9,,25,0,18,,15,,4,,923000,0,4,1,New Hit (Saved)
cưới chính,nal,ct,2025-09-30,"vinahouse, vietnamese bolero, bolero, v-pop",41,1,0,,17,,,17,0,29,,,,1,,1200000,3,4,0,Non-Hit
có em,madihu,low g,2022-04-22,"v-pop, vietnam indie, vietnamese hip hop",65,1,0,,,,9,9,0,,26,,,1,42675409,,3,4,1,Legacy Hit (Saved)
có đôi điều,shiki,,2024-06-27,"vietnamese hip hop, v-pop, vietnam indie",65,2,0,9,,,9,18,0,,42,,33,1,21048734,,3,4,1,Legacy Hit (Saved)
10 ngàn năm,pc,,2019-12-21,"vietnamese hip hop, vietnamese lo-fi, v-pop, vietnam indie",64,1,0,,,,6,6,0,,43,,,0,33022520,,3,3,1,Legacy Hit (Saved)
xin lỗi vì đã xuất hiện,thanh hưng,,2025-10-19,"v-pop, vinahouse",43,1,0,,17,,,17,0,9,,,,3,,483000,0,3,0,Non-Hit
1000 ánh mắt,shiki,obito,2024-06-27,"vietnamese hip hop, v-pop, vietnam indie",64,1,0,,,,1,1,0,,50,,,0,23988523,,3,3,1,Legacy Hit (Saved)
thật không giống ai (from thà cô đơn),vicky nhung,,2025-11-05,"vinahouse, v-pop, vietnamese lo-fi",25,1,0,,8,,,8,0,1,,,,3,,68000,0,3,0,Non-Hit
không yêu em thì yêu ai?,vũ.,low g,2024-09-27,"v-pop, vietnam indie, vietnamese lo-fi",64,1,0,,,,4,4,0,,47,,,0,21947972,,3,3,1,Legacy Hit (Saved)
love game,low g,tlinh,2025-09-11,"vietnamese hip hop, v-pop, vietnam indie",63,2,0,11,,9,,20,0,,,33,19,3,,,0,3,1,New Hit (Saved)
là ai có tội,lê gia bảo,t.a.p entertainment (producer t.a),2025-11-12,"vinahouse, v-pop, vietnamese lo-fi, vietnam indie",0,1,0,,1,,,1,0,1,,,,3,,,0,3,0,Non-Hit
quá muộn,min,,2025-10-22,"v-pop, vietnamese hip hop, vietnam indie, vinahouse",57,1,0,11,,,,11,0,,,,6,3,,,0,3,1,New Hit (Saved)
đừng bất công với em mà,inso,viam,2025-07-11,"vinahouse, v-pop",28,1,0,,4,,,4,0,44,,,,0,,2500000,3,3,0,Non-Hit
panorama,richie d. icy,obito,2025-10-10,"vietnamese hip hop, v-pop",62,2,0,11,,9,,20,0,,,12,27,3,,,0,3,1,New Hit (Saved)
đớn đau vô cùng,datkaa,,2025-11-08,"v-pop, vinahouse, vietnamese lo-fi, vietnamese hip hop",16,1,0,,4,,,4,0,4,,,,3,,187000,0,3,0,Non-Hit
mỹ vị cuộc đời,trung quân,,2025-11-04,"v-pop, vietnam indie",35,1,0,,17,,,17,0,3,,,,3,,326000,0,3,0,Non-Hit
bắt con bướm vàng,danhka,,2025-08-05,"vinahouse, v-pop",37,1,0,,11,,,11,0,42,,,,0,,1800000,3,3,0,Non-Hit
cạn dòng ướt mi,dee trần,,2025-11-01,"v-pop, vinahouse",5,1,0,,7,,,7,0,7,,,,3,,59000,0,3,0,Non-Hit
ánh trăng giả dối,quốc thiên,,2025-11-11,"v-pop, vietnamese bolero",6,1,0,,1,,,1,0,7,,,,3,,,0,3,0,Non-Hit
Cảm Ơn,Will,Minh Tốc & Lam,2025-11-14,"v-pop, vietnam indie, vietnamese lo-fi",0,1,0,,1,,,1,0,8,,,,3,,,0,3,0,Non-Hit
chằn tinh,lyhan,,2025-11-11,v-pop,32,1,0,,1,,,1,0,7,,,,3,,24000,0,3,0,Non-Hit
chế độ im lặng,min,,2025-10-22,"v-pop, vietnamese hip hop, vietnam indie, vinahouse",56,1,0,11,,,,11,0,,,,7,3,,,0,3,1,New Hit (Saved)
canh bạc hôn nhân,lala trần,nguyễn hồng thuận,2025-10-28,"vinahouse, v-pop",29,1,0,,17,,,17,0,5,,,,3,,594000,0,3,0,Non-Hit
hơn là bạn,anh trai say hi,"ngô kiến huy, vũ cát tường, karik, vương bình, sơn.k, min",2025-11-03,"v-pop, vietnamese hip hop",52,2,0,,9,6,,15,0,28,,13,,3,,314000,0,3,1,New Hit (Saved)
bước qua mùa cô đơn,vũ.,,2022-09-09,"v-pop, vietnam indie, vietnamese lo-fi",63,1,0,,,,2,2,0,,42,,,0,37316826,,3,3,1,Legacy Hit (Saved)
hiện thực phũ phàng,phùng khánh linh,,2025-10-18,"v-pop, vietnam indie",56,1,0,11,,,,11,0,,,,10,3,,,0,3,1,New Hit (Saved)
kho báu (rock ver.),(s)trong,,2025-11-06,"v-pop, vietnam indie",30,1,0,,1,,,1,0,6,,,,3,,,0,3,0,Non-Hit
tự dưng thành người lạ,quốc thiên,,2025-10-29,"v-pop, vietnamese bolero",26,1,0,,17,,,17,0,7,,,,3,,880000,0,3,0,Non-Hit
vòng xoay của ba chúng ta,thành đạt,,2025-09-26,"vinahouse, v-pop",19,1,0,,7,,,7,0,15,,,,2,,243000,0,2,0,Non-Hit
ám ảnh về anh,phùng khánh linh,,2025-10-18,"v-pop, vietnam indie",53,2,0,2,1,,,3,0,30,,,35,2,,,0,2,1,New Hit (Saved)
vùng an toàn,b ray,v#,2025-07-08,"vietnamese hip hop, v-pop, vinahouse, vietnam indie",63,1,0,11,,,,11,0,,,,12,2,,,0,2,1,New Hit (Saved)
đại dương,pháp kiều,,2025-11-12,"v-pop, vietnamese hip hop",0,1,0,,1,,,1,0,17,,,,2,,,0,2,0,Non-Hit
nắng dưới chân mây,nguyễn hữu kha,,2025-06-18,"vinahouse, v-pop",54,1,0,,,9,,9,0,,,16,,2,,,0,2,1,New Hit (Saved)
đừng làm trái tim anh đau,sơn tùng m-tp,,2024-06-08,"v-pop, vinahouse, vietnamese hip hop",65,1,0,11,,,,11,0,,,,15,2,,,0,2,1,New Hit (Saved)
phải viết bao nhiêu bản tình ca,min,,2025-10-22,"v-pop, vietnamese hip hop, vietnam indie, vinahouse",55,1,0,11,,,,11,0,,,,11,2,,,0,2,1,New Hit (Saved)
có em là nhà,min,,2025-10-22,"v-pop, vietnamese hip hop, vietnam indie, vinahouse",55,1,0,11,,,,11,0,,,,11,2,,,0,2,1,New Hit (Saved)
phong sương tửu (ca si thiên đình),thiên đình,,2025-10-22,"vinahouse, v-pop",29,1,0,,15,,,15,0,15,,,,2,,515000,0,2,0,Non-Hit
polite,sonaone,tlinh,2025-11-04,"malay rap, malay, malay pop, malaysian pop",48,1,0,,4,,,4,0,18,,,,2,,,0,2,0,Non-Hit
cờ người,phùng khánh linh,,2025-10-18,"v-pop, vietnam indie",56,1,0,11,,,,11,0,,,,12,2,,,0,2,1,New Hit (Saved)
lưới tình,j.ade,,2025-10-30,"v-pop, vietnam indie",28,1,0,,8,,,8,0,14,,,,2,,93000,0,2,0,Non-Hit
kết thúc và chia tay,nguyễn kiều oanh,,2025-10-21,v-pop,34,1,0,,7,,,7,0,14,,,,2,,89000,0,2,0,Non-Hit
make up,anh trai say hi,"dillan hoàng phan, buitruonglinh, đỗ nam sơn, lohan, ryn lee, bảo thy",2025-11-03,"v-pop, vietnamese hip hop",48,2,0,,9,3,,12,0,36,,36,,2,,122000,0,2,0,Non-Hit
linh cảm,phùng khánh linh,,2025-10-18,"v-pop, vietnam indie",55,1,0,5,,,,5,0,,,,20,2,,,0,2,1,New Hit (Saved)
loser,min,chillies,2025-10-22,"v-pop, vietnamese hip hop, vietnam indie, vinahouse",54,1,0,11,,,,11,0,,,,16,2,,,0,2,1,New Hit (Saved)
ước anh tan nát con tim,phùng khánh linh,,2025-10-18,"v-pop, vietnam indie",54,1,0,11,,,,11,0,,,,14,2,,,0,2,1,New Hit (Saved)
tiếc cho em,rhyder,,2025-10-16,"v-pop, vietnamese hip hop",66,2,0,,2,,13,15,0,21,26,,,2,1638097,601000,0,2,1,New Hit (Saved)
vết thương,fishy,,2023-06-29,"v-pop, vietnam indie, vietnamese lo-fi, vietnamese hip hop",66,1,0,,,,14,14,0,,13,,,2,9732968,,0,2,1,New Hit (Saved)
anh nhớ ra,vũ.,trang,2022-09-09,"v-pop, vietnam indie, vietnamese lo-fi",59,1,0,11,,,,11,0,,,,20,2,,,0,2,1,New Hit (Saved)
ảo ảnh,anh trai say hi,"vũ cát tường, gill, ryn lee",2025-10-20,"v-pop, vietnamese hip hop",55,2,0,,3,4,,7,0,44,,22,,1,,363000,0,1,1,New Hit (Saved)
anh vui,phạm kỳ,,2023-03-10,"vinahouse, v-pop, vietnamese lo-fi",57,1,0,,,9,,9,0,,,33,,1,,,0,1,1,New Hit (Saved)
bóng tối yêu đời,lyhan,,2025-11-11,v-pop,27,1,0,,1,,,1,0,35,,,,1,,,0,1,0,Non-Hit
hoa đỗ quyên,khả hiệp,,2025-09-22,"vinahouse, v-pop, vietnamese lo-fi",13,1,0,,4,,,4,0,38,,,,1,,106000,0,1,0,Non-Hit
gã săn cá,em xinh say hi,"lâm bảo ngọc, quỳnh anh shyn, maiquinn, saabirose, quang hùng masterd",2025-06-30,v-pop,61,1,0,,,9,,9,0,,,34,,1,,,0,1,1,New Hit (Saved)
hãy trao cho anh,sơn tùng m-tp,snoop dogg,2019-07-02,"v-pop, vinahouse, vietnamese hip hop",55,1,0,,,9,,9,0,,,34,,1,,,0,1,1,New Hit (Saved)
vật đổi sao dời,lyhan,,2025-11-11,v-pop,27,1,0,,1,,,1,0,38,,,,1,,,0,1,0,Non-Hit
"tinhvuvo, tinhnhungnho",Đậu Tất Đạt,"Chi Xê, KAS",2025-11-13,"v-pop, vietnamese hip hop, vietnam indie",11,1,0,,1,,,1,0,33,,,,1,,,0,1,0,Non-Hit
những lời hứa bỏ quên,vũ.,dear jane,2024-09-27,"v-pop, vietnam indie, vietnamese lo-fi",58,1,0,,,9,,9,0,,,31,,1,,,0,1,1,New Hit (Saved)
nolovenolife,hieuthuhai,,2023-10-16,"v-pop, vietnamese hip hop, vietnamese lo-fi, vietnam indie, vinahouse",61,1,0,11,,,,11,0,,,,40,1,,,0,1,1,New Hit (Saved)
chim hót bên trong lâu đài,lyhan,,2025-11-11,v-pop,29,1,0,,1,,,1,0,32,,,,1,,,0,1,0,Non-Hit
điều em khó nói,min,,2025-10-22,"v-pop, vietnamese hip hop, vietnam indie, vinahouse",53,1,0,2,,,,2,0,,,,33,1,,,0,1,1,New Hit (Saved)
đừng đóng vai nạn nhân,wendy thảo,v2t media,2025-10-03,"v-pop, vinahouse",31,1,0,,16,,,16,0,36,,,,1,,700000,0,1,0,Non-Hit
đừng yêu một người như,du uyên,,2025-10-29,"v-pop, vinahouse, vietnamese hip hop",10,1,0,,2,,,2,0,31,,,,1,,190000,0,1,0,Non-Hit
ngày này năm ấy (metal rock),việt anh,,2025-10-19,"vinahouse, v-pop",48,1,0,,,9,,9,0,,,27,,1,,,0,1,0,Non-Hit
e là không thể,anh quân,,2024-11-29,"vinahouse, vietnamese lo-fi, v-pop",61,1,0,,,9,,9,0,,,21,,1,,,0,1,1,New Hit (Saved)
người yêu chưa sinh ra,anh trai say hi,"ogenus, bigdaddy, phúc du, hustlang robber, dillan hoàng phan",2025-09-29,"v-pop, vietnamese hip hop",60,1,0,,,9,,9,0,,,32,,1,,,0,1,1,New Hit (Saved)
điều em không muốn,phùng khánh linh,,2025-10-18,"v-pop, vietnam indie",53,1,0,2,,,,2,0,,,,38,1,,,0,1,1,New Hit (Saved)
dù cho tận thế,erik,,2025-02-06,"v-pop, vinahouse, vietnam indie",60,1,0,,,9,,9,0,,,31,,1,,,0,1,1,New Hit (Saved)
đưa em về nhàa,grey d,chillies,2023-04-24,"v-pop, vietnam indie, vietnamese hip hop",61,1,0,11,,,,11,0,,,,29,1,,,0,1,1,New Hit (Saved)
nếu những tiếc nuối,vũ.,,2024-09-27,"v-pop, vietnam indie, vietnamese lo-fi",59,1,0,11,,,,11,0,,,,31,1,,,0,1,1,New Hit (Saved)
mảnh tình sai đôi,thành đạt,,2025-10-08,"vinahouse, v-pop",34,1,0,,17,,,17,0,25,,,,1,,699000,0,1,0,Non-Hit
khóa ly biệt,the masked singer,voi bản đôn,2023-11-05,v-pop,51,1,0,,,9,,9,0,,,39,,1,,,0,1,1,New Hit (Saved)
kịch bản,táo,hoàng yến chibi,2025-10-23,"vietnamese hip hop, vietnamese lo-fi, vietnam indie, v-pop",58,1,0,,,,1,1,0,,38,,,1,205205,,0,1,1,New Hit (Saved)
3 bích,pháp kiều,tlinh,2025-10-15,"v-pop, vietnamese hip hop",59,1,0,,,5,,5,0,,,35,,1,,,0,1,1,New Hit (Saved)
tâm sự với đêm một mình,phùng khánh linh,,2025-10-18,"v-pop, vietnam indie",54,1,0,8,,,,8,0,,,,28,1,,,0,1,1,New Hit (Saved)
"(từng là) boyfriend, girlfriend",min,,2025-10-22,"v-pop, vietnamese hip hop, vietnam indie, vinahouse",51,1,0,7,,,,7,0,,,,22,1,,,0,1,1,New Hit (Saved)
đại khải hoàn,the flob,chin,2025-11-06,"vietnam indie, v-pop",39,1,0,,1,,,1,0,36,,,,1,,,0,1,0,Non-Hit
tâm trí lang thang,ánh sáng aza,negav,2025-05-15,v-pop,64,1,0,,,,5,5,0,,40,,,1,7682082,,0,1,1,New Hit (Saved)
rơi tự do,em xinh say hi,lyhan,2025-08-18,v-pop,58,1,0,,1,,,1,0,39,,,,1,,,0,1,1,New Hit (Saved)
tình yêu bất diệt,hồ việt trung,saka trương tuyền,2025-04-03,"vietnamese bolero, v-pop, vinahouse, vietnamese lo-fi, bolero",30,0,0,,,,,0,0,,,,,0,,,0,0,0,Non-Hit
tình nhân ơi,orange,binz,2019-01-07,"v-pop, vietnamese hip hop, vietnam indie, vinahouse",46,0,0,,,,,0,0,,,,,0,,,0,0,0,Non-Hit
ước anh nhiều nỗi buồn,charmy pham,,2025-11-11,"v-pop, vinahouse",23,0,0,,,,,0,0,,,,,0,,,0,0,0,Non-Hit
ướt lòng,văn mai hương,,2025-07-29,"v-pop, vietnamese hip hop, vinahouse, vietnam indie",46,0,0,,,,,0,0,,,,,0,,,0,0,0,Non-Hit
thương,bích phương,,2025-10-23,"v-pop, vietnamese hip hop, vinahouse, vietnam indie",52,1,0,,1,,,1,0,48,,,,0,,323000,0,0,1,Catalog Hit (Saved)
thời thế thế thời,nguyễn vĩ,,2025-02-17,"vinahouse, vietnamese lo-fi, v-pop",29,0,0,,,,,0,0,,,,,0,,,0,0,0,Non-Hit
thiêu thân,anh trai say hi,"khoi vu, b ray, ryn lee, phạm đình thái ngân, bùi duy ngọc",2025-09-29,"v-pop, vietnamese hip hop",57,0,0,,,,,0,0,,,,,0,,,0,0,1,Catalog Hit (Saved)
từng là,vũ cát tường,,2024-03-01,"v-pop, vietnam indie",61,0,0,,,,,0,0,,,,,0,,,0,0,1,Catalog Hit (Saved)
trạm dừng chân,jack - j97,,2025-06-05,"v-pop, vinahouse",52,0,0,,,,,0,0,,,,,0,,,0,0,1,Catalog Hit (Saved)
tình yêu chậm trễ,monstar,,2021-08-01,"v-pop, vietnam indie",62,0,0,,,,,0,0,,,,,0,,,0,0,1,Catalog Hit (Saved)
bắc thang lên hỏi ông trời,em xinh say hi,"bích phương, juky san, lamoon, mỹ mỹ, quỳnh anh shyn",2025-08-04,v-pop,56,0,0,,,,,0,0,,,,,0,,,0,0,1,Catalog Hit (Saved)
bạn đời,karik,gducky,2023-10-04,"v-pop, vietnamese hip hop, vietnam indie",58,1,0,,,9,,9,0,,,45,,0,,,0,0,1,Catalog Hit (Saved)
bao tiền một mớ bình yên?,14 casper,bon nghiêm,2023-03-03,"v-pop, vietnamese lo-fi, vietnam indie",59,0,0,,,,,0,0,,,,,0,,,0,0,1,Catalog Hit (Saved)
bông hoa đẹp nhất,quân a.p,,2020-09-07,"v-pop, vietnamese lo-fi",60,0,0,,,,,0,0,,,,,0,,,0,0,1,Catalog Hit (Saved)
buồn thật đấy,sofia,nguyễn thương,2025-09-29,"vietnamese hip hop, v-pop, vietnam indie",26,0,0,,,,,0,0,,,,,0,,,0,0,0,Non-Hit
Chắc Ai Đó Sẽ Về,Sơn Tùng M-TP,,2017-04-01,"v-pop, vinahouse, vietnamese hip hop",60,0,0,,,,,0,0,,,,,0,,,0,0,1,Catalog Hit (Saved)
chăm hoa,mono,,2024-10-22,"v-pop, vietnamese hip hop, vinahouse",61,0,0,,,,,0,0,,,,,0,,,0,0,1,Catalog Hit (Saved)
chẳng nợ ai ngoài em,lê gia bảo,,2025-09-23,"vinahouse, v-pop, vietnamese lo-fi, vietnam indie",36,0,0,,,,,0,0,,,,,0,,,0,0,0,Non-Hit
thấu tình,trung hiếu,,2025-10-04,none,24,0,0,,,,,0,0,,,,,0,,,0,0,0,Non-Hit
the playah (special performance),soobin,,2021-05-14,"v-pop, vietnamese hip hop, vietnam indie, vinahouse",51,0,0,,,,,0,0,,,,,0,,,0,0,1,Catalog Hit (Saved)
thích quá rùi nà,tlinh,trung trần,2023-07-14,"v-pop, vietnamese hip hop, vietnam indie, vinahouse",62,0,0,,,,,0,0,,,,,0,,,0,0,1,Catalog Hit (Saved)
anh đã quen với cô đơn,soobin,,2017-03-14,"v-pop, vietnamese hip hop, vietnam indie, vinahouse",61,2,0,8,,,1,9,0,,47,,43,0,8931596,,0,0,1,Catalog Hit (Saved)
anh thua anh ta,gia huy singer,,2025-11-06,"vinahouse, v-pop",20,1,0,,3,,,3,0,41,,,,0,,124000,0,0,0,Non-Hit
anh muốn nhìn thấy em,the wind,dangrangto,2023-07-27,"vietnamese hip hop, v-pop",61,0,0,,,,,0,0,,,,,0,,,0,0,1,Catalog Hit (Saved)
Bắc Bling (Bắc Ninh),Hòa Minzy,"Xuân Hinh, Tuấn Cry, Masew",2025-03-01,"v-pop, vinahouse",50,0,0,,,,,0,0,,,,,0,,,0,0,1,Catalog Hit (Saved)
anh lại say rồi,phan duy anh,t.a.p entertainment (producer t.a),2025-09-20,"vinahouse, v-pop, vietnamese bolero",23,0,0,,,,,0,0,,,,,0,,,0,0,0,Non-Hit
hư không,kha,,2023-12-14,"v-pop, vietnamese lo-fi, vietnam indie, vietnamese hip hop",61,0,0,,,,,0,0,,,,,0,,,0,0,1,Catalog Hit (Saved)
hoa,chung thanh duy,,2025-06-26,"vinahouse, v-pop, vietnamese hip hop, vietnamese lo-fi",32,0,0,,,,,0,0,,,,,0,,,0,0,0,Non-Hit
hẹn gặp em dưới ánh trăng,manbo,"hieuthuhai, hurrykng",2020-09-25,"vietnamese hip hop, v-pop, vietnam indie",63,0,0,,,,,0,0,,,,,0,,,0,0,1,Catalog Hit (Saved)
hãy nói anh sai rồi,phùng khánh linh,,2025-10-18,"v-pop, vietnam indie",53,1,0,1,,,,1,0,,,,50,0,,,0,0,1,Catalog Hit (Saved)
hải trình tan vỡ,trungg i.u,phạm anh duy,2025-09-15,"v-pop, vinahouse, vietnam indie",50,0,0,,,,,0,0,,,,,0,,,0,0,1,Catalog Hit (Saved)
HÀO QUANG,ANH TRAI SAY HI,"RHYDER, Dương Domic, Pháp Kiều",2024-08-06,"v-pop, vietnamese hip hop",61,0,0,,,,,0,0,,,,,0,,,0,0,1,Catalog Hit (Saved)
grief is the price you pay for love,phùng khánh linh,,2025-10-18,"v-pop, vietnam indie",52,0,0,,,,,0,0,,,,,0,,,0,0,1,Catalog Hit (Saved)
hai thế giới,hoàng thống,trang hàn,2025-10-16,"vietnam indie, v-pop",18,0,0,,,,,0,0,,,,,0,,,0,0,0,Non-Hit
ghé qua,pc,"dick, tofutns",2018-03-17,"vietnamese hip hop, vietnamese lo-fi, v-pop, vietnam indie",62,0,0,,,,,0,0,,,,,0,,,0,0,1,Catalog Hit (Saved)
Gác Lại Âu Lo,Da LAB,Miu Lê,2020-07-25,"v-pop, vietnamese hip hop, vietnam indie, vietnamese lo-fi, vinahouse",56,0,0,,,,,0,0,,,,,0,,,0,0,1,Catalog Hit (Saved)
giữ anh cho ngày hôm qua,hoàng dũng,"rhymastic, lelarec",2025-07-09,"v-pop, vietnam indie, vietnamese lo-fi, vietnamese hip hop",61,0,0,,,,,0,0,,,,,0,,,0,0,1,Catalog Hit (Saved)
giá mà anh,captain boy,,2025-10-23,"v-pop, vietnamese hip hop",58,0,0,,,,,0,0,,,,,0,,,0,0,1,Catalog Hit (Saved)
fragile (intro),min,,2025-10-22,"v-pop, vietnamese hip hop, vietnam indie, vinahouse",49,0,0,,,,,0,0,,,,,0,,,0,0,1,Catalog Hit (Saved)
ex's hate me pt.2,amee,,2020-06-20,"v-pop, vietnamese hip hop, vietnam indie",61,0,0,,,,,0,0,,,,,0,,,0,0,1,Catalog Hit (Saved)
feel at home,b ray,,2025-07-08,"vietnamese hip hop, v-pop, vinahouse, vietnam indie",61,0,0,,,,,0,0,,,,,0,,,0,0,1,Catalog Hit (Saved)
forget me now,fishy,trí dũng,2021-04-11,"v-pop, vietnam indie, vietnamese lo-fi, vietnamese hip hop",59,0,0,,,,,0,0,,,,,0,,,0,0,1,Catalog Hit (Saved)
trọn vẹn chính mình,hương giang,nguyễn văn chung,2025-11-07,"v-pop, vietnamese bolero",23,0,0,,,,,0,0,,,,,0,,,0,0,0,Non-Hit
tưởng rằng sau cơn mưa,lê gia bảo,bmz,2025-06-25,"vinahouse, v-pop, vietnamese lo-fi, vietnam indie",25,0,0,,,,,0,0,,,,,0,,,0,0,0,Non-Hit
từng quen,wren evans,itsnk,2023-12-17,"v-pop, vietnam indie, vietnamese hip hop, vinahouse",56,0,0,,,,,0,0,,,,,0,,,0,0,1,Catalog Hit (Saved)
vet mua,vũ cát tường,,2014-01-01,"v-pop, vietnam indie",63,0,0,,,,,0,0,,,,,0,,,0,0,1,Catalog Hit (Saved)
vai lan don dua,soobin,,2017-01-27,"v-pop, vietnamese hip hop, vietnam indie, vinahouse",60,0,0,,,,,0,0,,,,,0,,,0,0,1,Catalog Hit (Saved)
vai chính tội nghiệp,an vũ,,2025-09-26,"v-pop, vinahouse, vietnamese lo-fi",15,0,0,,,,,0,0,,,,,0,,,0,0,0,Non-Hit
mùa mưa ấy,vũ.,,2024-09-27,"v-pop, vietnam indie, vietnamese lo-fi",57,0,0,,,,,0,0,,,,,0,,,0,0,1,Catalog Hit (Saved)
một mình ở đây,bùi lan hương,,2025-06-20,"v-pop, vietnam indie",32,0,0,,,,,0,0,,,,,0,,,0,0,0,Non-Hit
mê cung 79 (metal rock),phương thanh,,2025-10-17,"v-pop, vietnamese bolero",7,0,0,,,,,0,0,,,,,0,,,0,0,0,Non-Hit
mến tay mến chân,phạm quỳnh anh,thanh duy,2025-11-05,v-pop,24,0,0,,,,,0,0,,,,,0,,,0,0,0,Non-Hit
moiem,dangrangto,donal,2024-11-06,"vietnamese hip hop, v-pop",62,0,0,,,,,0,0,,,,,0,,,0,0,1,Catalog Hit (Saved)
missing you,phương ly,,2020-08-18,"v-pop, vietnamese hip hop, vietnam indie, vinahouse",54,0,0,,,,,0,0,,,,,0,,,0,0,1,Catalog Hit (Saved)
một mình chẳng sao,ngân ngân,,2025-10-31,"vinahouse, v-pop, vietnamese bolero",11,0,0,,,,,0,0,,,,,0,,,0,0,0,Non-Hit
Khép Lại,Linh Hương Luz,,2025-08-22,"vinahouse, v-pop, vietnamese lo-fi",14,0,0,,,,,0,0,,,,,0,,,0,0,0,Non-Hit
khi em lớn,orange,hoàng dũng,2021-04-20,"v-pop, vietnamese hip hop, vietnam indie, vinahouse",59,0,0,,,,,0,0,,,,,0,,,0,0,1,Catalog Hit (Saved)
kẻ say tình,quốc thiên,,2025-07-30,"v-pop, vietnamese bolero",40,0,0,,,,,0,0,,,,,0,,,0,0,0,Non-Hit
Ngày Đầu Tiên,Đức Phúc,,2022-02-11,"v-pop, vinahouse, vietnam indie",53,0,0,,,,,0,0,,,,,0,,,0,0,1,Catalog Hit (Saved)
ngày bình thường quên người mình thương,phát huy t4,,2025-09-11,"vinahouse, v-pop, vietnamese lo-fi",35,0,0,,,,,0,0,,,,,0,,,0,0,0,Non-Hit
ngã về không,đặng thiên chí,,2025-05-09,"vinahouse, vietnamese lo-fi",30,0,0,,,,,0,0,,,,,0,,,0,0,0,Non-Hit
nếu lúc đó,tlinh,2pillz,2023-08-16,"v-pop, vietnamese hip hop, vietnam indie, vinahouse",63,1,0,4,,,,4,0,,,,43,0,,,0,0,1,Catalog Hit (Saved)
nàng thơ,hoàng dũng,,2020-12-16,"v-pop, vietnam indie, vietnamese lo-fi, vietnamese hip hop",56,0,0,,,,,0,0,,,,,0,,,0,0,1,Catalog Hit (Saved)
nếu biết đó là lần cuối,đức trường,bmz,2022-08-19,v-pop,60,0,0,,,,,0,0,,,,,0,,,0,0,1,Catalog Hit (Saved)
nằm bên anh,minh đinh,hà an huy,2025-05-16,"vietnam indie, v-pop, vietnamese hip hop",57,0,0,,,,,0,0,,,,,0,,,0,0,1,Catalog Hit (Saved)
muộn rồi mà sao còn,sơn tùng m-tp,,2021-04-29,"v-pop, vinahouse, vietnamese hip hop",62,0,0,,,,,0,0,,,,,0,,,0,0,1,Catalog Hit (Saved)
mộng tình si,đan trường,"hòa minzy, lê thành trung",2025-11-08,none,0,1,0,,1,,,1,0,43,,,,0,,29000,0,0,0,Non-Hit
đợi,52hz,"wean, rio",2024-01-31,"v-pop, vietnam indie, vietnamese hip hop",62,0,0,,,,,0,0,,,,,0,,,0,0,1,Catalog Hit (Saved)
đoạn kết mới,hoàng dũng,,2022-08-24,"v-pop, vietnam indie, vietnamese lo-fi, vietnamese hip hop",55,0,0,,,,,0,0,,,,,0,,,0,0,1,Catalog Hit (Saved)
đến đây bên anh,cloud 5,dangrangto,2023-09-28,v-pop,61,0,0,,,,,0,0,,,,,0,,,0,0,1,Catalog Hit (Saved)
dự báo thời tiết hôm nay mưa,grey d,,2022-11-22,"v-pop, vietnam indie, vietnamese hip hop",62,0,0,,,,,0,0,,,,,0,,,0,0,1,Catalog Hit (Saved)
độc nhất vô nhị,anh trai say hi,"karik, vũ cát tường, gill, tez",2025-09-22,"v-pop, vietnamese hip hop",57,1,0,,,1,,1,0,,,49,,0,,,0,0,1,Catalog Hit (Saved)
để tôi ôm em bằng giai điệu này,Kai Đinh,"GREY D, MIN",2022-12-22,"v-pop, vietnamese lo-fi, vietnam indie",56,0,0,,,,,0,0,,,,,0,,,0,0,1,Catalog Hit (Saved)
đánh đổi,obito,"shiki, rpt mck",2023-10-10,"v-pop, vietnamese hip hop, vietnam indie",62,0,0,,,,,0,0,,,,,0,,,0,0,1,Catalog Hit (Saved)
duyên nợ còn đâu,phạm vũ luân,,2025-10-30,none,1,1,0,,1,,,1,0,44,,,,0,,82000,0,0,0,Non-Hit
đường tôi chở em về,buitruonglinh,,2020-07-03,"v-pop, vietnamese lo-fi, vietnam indie, vinahouse",63,0,0,,,,,0,0,,,,,0,,,0,0,1,Catalog Hit (Saved)
dù cho mai về sau,buitruonglinh,,2020-11-17,"v-pop, vietnamese lo-fi, vietnam indie, vinahouse",62,0,0,,,,,0,0,,,,,0,,,0,0,1,Catalog Hit (Saved)
EM CHỈ LÀ,EM XINH SAY HI,"Bích Phương, Muộii, LyHan, Hoàng Duyên",2025-06-30,v-pop,58,0,0,,,,,0,0,,,,,0,,,0,0,1,Catalog Hit (Saved)
em cưới rồi à,thanh hưng,,2025-02-25,"v-pop, vinahouse",47,0,0,,,,,0,0,,,,,0,,,0,0,0,Non-Hit
em đã chờ anh bao lâu,anh trai say hi,"phúc du, ogenus, bùi duy ngọc, rio, otis, 52hz",2025-11-03,"v-pop, vietnamese hip hop",45,0,0,,,,,0,0,,,,,0,,,0,0,0,Non-Hit
em chỉ sợ ngày mai,mochiii,,2025-10-13,"vinahouse, v-pop",29,0,0,,,,,0,0,,,,,0,,,0,0,0,Non-Hit
ilysmbihtlyg (interlude),min,,2025-10-22,"v-pop, vietnamese hip hop, vietnam indie, vinahouse",49,0,0,,,,,0,0,,,,,0,,,0,0,1,Catalog Hit (Saved)
khóc blóck,phùng khánh linh,,2025-10-18,"v-pop, vietnam indie",51,0,0,,,,,0,0,,,,,0,,,0,0,1,Catalog Hit (Saved)
lạ lùng,vũ.,,2016-12-24,"v-pop, vietnam indie, vietnamese lo-fi",64,1,0,2,,,,2,0,,,,49,0,,,0,0,1,Catalog Hit (Saved)
lo người ướt áo,nguyễn thạc bảo ngọc,,2025-11-11,"vinahouse, v-pop",0,0,0,,,,,0,0,,,,,0,,,0,0,0,Non-Hit
lễ đường,kai đinh,,2025-03-09,"v-pop, vietnamese lo-fi, vietnam indie",62,0,0,,,,,0,0,,,,,0,,,0,0,1,Catalog Hit (Saved)
love my friend,shayda,,2025-10-10,"v-pop, vietnamese hip hop",59,0,0,,,,,0,0,,,,,0,,,0,0,1,Catalog Hit (Saved)
mảnh tình sai đôi,yến nhi,,2025-10-02,"v-pop, vinahouse",29,0,0,,,,,0,0,,,,,0,,,0,0,0,Non-Hit
Máy Bay Giấy,(S)TRONG,,2025-09-24,"v-pop, vietnam indie",37,0,0,,,,,0,0,,,,,0,,,0,0,0,Non-Hit
kệ nhắm mắt yêu luôn,hana cẩm tiên,tuệ ny,2025-08-05,"vinahouse, v-pop, vietnamese bolero, vietnamese lo-fi",32,0,0,,,,,0,0,,,,,0,,,0,0,0,Non-Hit
nhiều chuyện,the flob,,2025-10-24,"vietnam indie, v-pop",38,0,0,,,,,0,0,,,,,0,,,0,0,0,Non-Hit
nhà tôi có treo một lá cờ,dtap,hà anh tuấn,2025-08-19,v-pop,52,0,0,,,,,0,0,,,,,0,,,0,0,1,Catalog Hit (Saved)
Người Tốt Nhất Cho Em,14 Casper,Bon Nghiêm,2025-11-13,"v-pop, vietnamese lo-fi, vietnam indie",0,0,0,,,,,0,0,,,,,0,,,0,0,0,Non-Hit
người bình thường,vũ cát tường,,2023-12-04,"v-pop, vietnam indie",61,0,0,,,,,0,0,,,,,0,,,0,0,1,Catalog Hit (Saved)
ngây ther,kidsai,"vstra, whenitsasunniday",2025-10-30,"v-pop, vietnamese hip hop, vietnam indie",54,0,0,,,,,0,0,,,,,0,,,0,0,1,Catalog Hit (Saved)
nghe như tình yêu,hieuthuhai,,2021-07-09,"v-pop, vietnamese hip hop, vietnamese lo-fi, vietnam indie, vinahouse",61,0,0,,,,,0,0,,,,,0,,,0,0,1,Catalog Hit (Saved)
em nhắc anh,nana liu,htm,2025-09-15,v-pop,28,0,0,,,,,0,0,,,,,0,,,0,0,0,Non-Hit
ngày mai em đi,lê hiếu,"soobin, touliver",2017-08-02,"v-pop, vietnam indie, vietnamese bolero, vietnamese hip hop, vinahouse",59,0,0,,,,,0,0,,,,,0,,,0,0,1,Catalog Hit (Saved)
em còn nhớ anh không - remastered,hoàng tôn,koo,2021-04-26,"v-pop, vietnamese hip hop, vinahouse, vietnam indie",60,0,0,,,,,0,0,,,,,0,,,0,0,1,Catalog Hit (Saved)
nước mắt cá sấu,hieuthuhai,,2025-04-01,"v-pop, vietnamese hip hop, vietnamese lo-fi, vietnam indie, vinahouse",63,0,0,,,,,0,0,,,,,0,,,0,0,1,Catalog Hit (Saved)
peace n' love,low g,mỹ anh,2025-10-21,"vietnamese hip hop, v-pop, vietnam indie",51,0,0,,,,,0,0,,,,,0,,,0,0,1,Catalog Hit (Saved)
ôm lấy trái tim,kairon,,2025-05-23,v-pop,45,0,0,,,,,0,0,,,,,0,,,0,0,0,Non-Hit
nỗi nhớ không tên,will,myra trần,2025-10-15,"v-pop, vietnam indie, vietnamese lo-fi",35,0,0,,,,,0,0,,,,,0,,,0,0,0,Non-Hit
nụ hôn đầu,đậu tất đạt,,2025-10-30,"v-pop, vietnamese hip hop, vietnam indie",11,1,0,,1,,,1,0,49,,,,0,,,0,0,0,Non-Hit
nửa quân bài,trịnh đình quang,,2025-11-05,"vinahouse, v-pop",6,0,0,,,,,0,0,,,,,0,,,0,0,0,Non-Hit
nhói lòng thuyền hoa (rock version),tlong,lkt media,2025-10-28,"vinahouse, v-pop, vietnamese lo-fi",4,0,0,,,,,0,0,,,,,0,,,0,0,0,Non-Hit
chìm sâu,rpt mck,trung trần,2023-03-02,"vietnamese hip hop, v-pop, vietnam indie",59,0,0,,,,,0,0,,,,,0,,,0,0,1,Catalog Hit (Saved)
Chờ Anh Nhé,Hoàng Dũng,Hoàng Rob,2019-03-06,"v-pop, vietnam indie, vietnamese lo-fi, vietnamese hip hop",60,0,0,,,,,0,0,,,,,0,,,0,0,1,Catalog Hit (Saved)
cho tôi lang thang,ngọt,đen,2018-03-27,"vietnam indie, v-pop, vietnamese lo-fi, vietnamese hip hop",60,0,0,,,,,0,0,,,,,0,,,0,0,1,Catalog Hit (Saved)
chờ bao lâu,út nhị mino,hào jk,2025-05-16,"vinahouse, vietnamese bolero, v-pop",33,0,0,,,,,0,0,,,,,0,,,0,0,0,Non-Hit
chúng ta của hiện tại,sơn tùng m-tp,,2020-12-20,"v-pop, vinahouse, vietnamese hip hop",63,0,0,,,,,0,0,,,,,0,,,0,0,1,Catalog Hit (Saved)
có còn yêu em,nguyễn kiều oanh,,2025-08-16,v-pop,44,0,0,,,,,0,0,,,,,0,,,0,0,0,Non-Hit
cơ hội cuối,an vũ,,2025-04-25,"v-pop, vinahouse, vietnamese lo-fi",52,0,0,,,,,0,0,,,,,0,,,0,0,1,Catalog Hit (Saved)
chúc phúc,pialinh,,2025-10-15,"v-pop, vietnam indie",36,0,0,,,,,0,0,,,,,0,,,0,0,0,Non-Hit
cơn mưa cuối,justatee,binz,2016-11-03,"v-pop, vietnamese hip hop, vietnam indie",58,0,0,,,,,0,0,,,,,0,,,0,0,1,Catalog Hit (Saved)
cứ đổ tại cơn mưa (solo & piano),em xinh say hi,orange,2025-09-18,v-pop,41,0,0,,,,,0,0,,,,,0,,,0,0,0,Non-Hit
cưa em bốn mùa,nb3 hoài bảo,ct,2025-10-27,"vinahouse, vietnamese lo-fi, v-pop, lo-fi",32,0,0,,,,,0,0,,,,,0,,,0,0,0,Non-Hit
past won't leave my bed,joji,,2025-11-07,none,76,0,0,,,,,0,0,,,,,0,,,0,0,1,Catalog Hit (Saved)
chỉ anh làm em khóc,đàm vĩnh hưng,trần mạnh cường,2025-10-08,"vietnamese bolero, bolero, v-pop, vinahouse",29,0,0,,,,,0,0,,,,,0,,,0,0,0,Non-Hit
chí phèo,đinh tiến đạt,monocycle,2025-10-15,"v-pop, vietnamese hip hop, vietnam indie",18,0,0,,,,,0,0,,,,,0,,,0,0,0,Non-Hit
chill guys ngon zai,anh trai say hi,"bigdaddy, ogenus, b ray, phúc du",2025-09-22,"v-pop, vietnamese hip hop",55,0,0,,,,,0,0,,,,,0,,,0,0,1,Catalog Hit (Saved)
nhiều hơn,low g,,2025-10-21,"vietnamese hip hop, v-pop, vietnam indie",59,0,0,,,,,0,0,,,,,0,,,0,0,1,Catalog Hit (Saved)
PRE-ECHO,Lohan,"A1J, Diiton",2025-11-11,v-pop,15,0,0,,,,,0,0,,,,,0,,,0,0,0,Non-Hit
pin dự phòng,dương domic,lou hoàng,2024-11-22,"v-pop, vietnamese hip hop",57,1,0,2,,,,2,0,,,,43,0,,,0,0,1,Catalog Hit (Saved)
đã lỡ yêu em nhiều,justatee,,2022-07-11,"v-pop, vietnamese hip hop, vietnam indie",62,0,0,,,,,0,0,,,,,0,,,0,0,1,Catalog Hit (Saved)
cục vàng của anh,nana liu,,2025-08-07,v-pop,29,0,0,,,,,0,0,,,,,0,,,0,0,0,Non-Hit
cứ khóc hết đi em,cao thái sơn,,2025-07-08,"v-pop, vinahouse, vietnamese bolero",18,0,0,,,,,0,0,,,,,0,,,0,0,0,Non-Hit
sau cơn suy,rhyder,,2025-09-18,"v-pop, vietnamese hip hop",62,1,0,,,7,,7,0,,,41,,0,,,0,0,1,Catalog Hit (Saved)
sân ga đời anh,dương masterd,,2025-10-18,none,0,0,0,,,,,0,0,,,,,0,,,0,0,0,Non-Hit
quên rồi khổ đau năm ấy,vicky nhung,đông thiên đức,2025-04-17,"vinahouse, v-pop, vietnamese lo-fi",32,0,0,,,,,0,0,,,,,0,,,0,0,0,Non-Hit
Sẽ Quên Em Nhanh Thôi,SOOBIN,,2025-07-24,"v-pop, vietnamese hip hop, vietnam indie, vinahouse",55,0,0,,,,,0,0,,,,,0,,,0,0,1,Catalog Hit (Saved)
sau ngần ấy năm,hà nhi,,2025-05-21,"v-pop, vinahouse, vietnam indie, vietnamese lo-fi",50,0,0,,,,,0,0,,,,,0,,,0,0,1,Catalog Hit (Saved)
tạm bợ,miina,"zio.b, rin9, dreamer",2025-05-30,v-pop,27,0,0,,,,,0,0,,,,,0,,,0,0,0,Non-Hit
simp gái 808,low g,,2023-10-18,"vietnamese hip hop, v-pop, vietnam indie",61,0,0,,,,,0,0,,,,,0,,,0,0,1,Catalog Hit (Saved)
text 07,w/n,267,2025-07-30,"v-pop, vietnamese lo-fi, vietnamese hip hop, vietnam indie",57,0,0,,,,,0,0,,,,,0,,,0,0,1,Catalog Hit (Saved)
thả anh ra,quang hùng masterd,hino,2025-08-16,"v-pop, vinahouse, vietnamese hip hop",62,0,0,,,,,0,0,,,,,0,,,0,0,1,Catalog Hit (Saved)
sad nhân,(s)trong,,2025-09-24,"v-pop, vietnam indie",45,0,0,,,,,0,0,,,,,0,,,0,0,0,Non-Hit
sài gòn hôm nay mưa,jsol,hoàng duyên,2021-05-29,"v-pop, vietnamese hip hop, vietnamese lo-fi",62,0,0,,,,,0,0,,,,,0,,,0,0,1,Catalog Hit (Saved)
thanh xuân,da lab,,2018-08-24,"v-pop, vietnamese hip hop, vietnam indie, vietnamese lo-fi, vinahouse",61,1,0,8,,,,8,0,,,,42,0,,,0,0,1,Catalog Hit (Saved)
tham phú phụ bần,nguyễn vĩ,,2024-12-25,"vinahouse, vietnamese lo-fi, v-pop",41,0,0,,,,,0,0,,,,,0,,,0,0,0,Non-Hit
viết tiếp câu chuyện hòa bình,nguyễn văn chung,tùng dương,2023-12-21,"v-pop, vinahouse, vietnamese bolero",48,0,0,,,,,0,0,,,,,0,,,0,0,0,Non-Hit
thanh xuân là anh,2t,"n.diên, shenlongz",2019-02-23,"vietnamese lo-fi, v-pop, vietnamese hip hop, vietnam indie",51,0,0,,,,,0,0,,,,,0,,,0,0,1,Catalog Hit (Saved)
vỗ tay,em xinh say hi,phương ly,2025-08-18,v-pop,55,0,0,,,,,0,0,,,,,0,,,0,0,1,Catalog Hit (Saved)
an thần,low g,thắng,2021-10-21,"vietnamese hip hop, v-pop, vietnam indie",61,0,0,,,,,0,0,,,,,0,,,0,0,1,Catalog Hit (Saved)
vũ trụ song song,lyhan,,2025-11-11,v-pop,27,1,0,,1,,,1,0,47,,,,0,,,0,0,0,Non-Hit
anh đã ổn hơn,rpt mck,,2023-03-02,"vietnamese hip hop, v-pop, vietnam indie",57,0,0,,,,,0,0,,,,,0,,,0,0,1,Catalog Hit (Saved)
vực thẳm của bình yên,jack - j97,,2025-06-26,"v-pop, vinahouse",53,0,0,,,,,0,0,,,,,0,,,0,0,1,Catalog Hit (Saved)
3 1 0 7,w/n,"duongg, nâu",2024-06-26,"v-pop, vietnamese lo-fi, vietnamese hip hop, vietnam indie",61,0,0,,,,,0,0,,,,,0,,,0,0,1,Catalog Hit (Saved)
xa em,thanh hưng,,2025-06-06,"v-pop, vinahouse",33,0,0,,,,,0,0,,,,,0,,,0,0,0,Non-Hit
24h,lyly,magazine,2020-10-28,"v-pop, vietnamese hip hop, vietnam indie",59,0,0,,,,,0,0,,,,,0,,,0,0,1,Catalog Hit (Saved)
xin đừng lặng im,soobin,,2025-02-13,"v-pop, vietnamese hip hop, vietnam indie, vinahouse",62,1,0,,,,1,1,0,,50,,,0,6183816,,0,0,1,Catalog Hit (Saved)
yêu 5,rhymastic,,2017-01-01,"v-pop, vietnamese hip hop, vietnam indie, vinahouse",60,0,0,,,,,0,0,,,,,0,,,0,0,1,Catalog Hit (Saved)
yêu rồi để đó,đàm vĩnh hưng,,2025-05-28,"vietnamese bolero, bolero, v-pop, vinahouse",33,0,0,,,,,0,0,,,,,0,,,0,0,0,Non-Hit
yêu thật lòng đâu dễ quên,the men,,2025-08-19,"v-pop, vinahouse, vietnamese bolero",32,0,0,,,,,0,0,,,,,0,,,0,0,0,Non-Hit
