title,artists,spotify_popularity,release_date,spotify_genres,spotify_track_id,total_plays,total_likes_nct,spotify_streams,is_hit,release_year
She Never Cries,Hoàng Duyên,53,2025-07-04,"v-pop, vietnam indie, vietnamese lo-fi",3MDrehKu2qDxYUnbVne7B6,0.0,0.0,0.0,1,
Thiên Mệnh,Quân A.P,58,2025-06-07,"v-pop, vietnamese lo-fi",0OB5hTu7ELKeVoD6JVRo6m,0.0,0.0,0.0,1,
Anh Là Ngoại Lệ Của Em,Phương Ly,57,2023-10-05,"v-pop, vietnamese hip hop, vietnam indie, vinahouse",6KgZf5gZgF1KLNxq1qZgHP,0.0,0.0,0.0,1,
Anh Là Ai,Phương Ly,54,2019-01-09,"v-pop, vietnamese hip hop, vietnam indie, vinahouse",3gLRyMbg5nWLcuKD46Uz72,0.0,0.0,0.0,1,
Mặt Trời Của Em,Phương Ly,55,2017-10-28,"v-pop, vietnamese hip hop, vietnam indie, vinahouse",5wOpabdhyumRX782o8J4rS,0.0,0.0,0.0,1,
Say Sóng,Tăng Duy Tân,55,2024-10-29,"v-pop, vinahouse, vietnamese lo-fi",4rIBbB1vt0lEKDG2UTmfP0,0.0,0.0,0.0,1,
Nỗi Đau Đính Kèm,Anh Tú Atus,53,2024-12-10,"v-pop, vietnamese hip hop",5gn0Df0Aa7EM98shC3daR6,0.0,0.0,0.0,1,
"NGÁO NGƠ (feat. HIEUTHUHAI, ERIK, Anh Tú Atus, JSOL & Orange)",ANH TRAI SAY HI,54,2024-08-29,"v-pop, vietnamese hip hop",0BX2eDMZJrGzApf4ZGXrFi,0.0,0.0,0.0,1,
"REGRET (feat. Quân A.P, Pháp Kiều, Quang Trung, Ali Hoàng Dương & Lâm Bảo Ngọc)",ANH TRAI SAY HI,54,2024-08-29,"v-pop, vietnamese hip hop",3JIfmjJbanxJkwaPzYa2gN,0.0,0.0,0.0,1,
"HÀO QUANG (feat. RHYDER, Dương Domic & Pháp Kiều)",ANH TRAI SAY HI,61,2024-08-06,"v-pop, vietnamese hip hop",7gSQxwCpEMjg8wb6Y3oqe7,0.0,0.0,0.0,1,
Đi Để Trở Về,SOOBIN,54,2017-01-17,"v-pop, vietnamese hip hop, vietnam indie, vinahouse",2qc4FFBylFT5YhvMJMX50R,0.0,0.0,0.0,1,
không lời,Thiều Bảo Trâm,54,2025-05-08,"v-pop, vietnamese lo-fi",4sUO0zmF9LZL1XNe1LjHvV,0.0,0.0,0.0,1,
"KIM PHÚT, KIM GIỜ (feat. HURRYKNG, HIEUTHUHAI, Negav, Pháp Kiều & Isaac)",ANH TRAI SAY HI,60,2024-08-26,"v-pop, vietnamese hip hop",2GE2p2dFpxp7OIz2QOFBzW,0.0,0.0,0.0,1,
Đừng Xin Lỗi Nữa,ERIK,54,2018,"v-pop, vinahouse, vietnam indie",1jGzz56TIOz7KIEK3t3e01,0.0,0.0,0.0,1,
Những Ngày Trời Bao La,Jun Phạm,50,2025-06-12,v-pop,6SfljFag2auetsjHi9V2BU,0.0,0.0,0.0,1,
Ngày Đẹp Trời Để Nói Chia Tay,Lou Hoàng,56,2024-06-13,"v-pop, vinahouse",3Alwi53Ahc2GwHgvel42b2,0.0,0.0,0.0,1,
Sẽ Quên Em Nhanh Thôi (feat. Rhymastic),SOOBIN,56,2025-07-24,"v-pop, vietnamese hip hop, vietnam indie, vinahouse",6AU9qkbiGBauGjmBX6GfuU,0.0,0.0,0.0,1,
Hoa sữa,JustaTee,50,2011-10-12,"v-pop, vietnamese hip hop, vietnam indie",3mAEEsw6zUJlpmjZOHdHPp,0.0,0.0,0.0,1,
Dân Chơi Sao Phải Khóc,Andree Right Hand,56,2024-01-05,"vietnamese hip hop, v-pop, vinahouse",0dBKcPEAsdxWJsqNDNHcPz,0.0,0.0,0.0,1,
Vệ Tinh,HIEUTHUHAI,50,2022-08-11,"v-pop, vietnamese hip hop, vietnamese lo-fi, vietnam indie, vinahouse",55nxEY2bGgcxSVLQ9hOFeR,0.0,0.0,0.0,1,
Yêu Em Rất Nhiều,Hoàng Tôn,56,2017-09-22,"v-pop, vietnamese hip hop, vinahouse, vietnam indie",0sVd1ZavOfbqd5AHspc1Tr,0.0,0.0,0.0,1,
Em Xinh,MONO,57,2023-11-30,"v-pop, vietnamese hip hop, vinahouse",6IHLOkgZftkcqS3fM0jMCT,0.0,0.0,0.0,1,
Người Đáng Thương Là Anh,Only C,58,2022-08-03,"v-pop, vietnamese hip hop, vinahouse",55K3e7BGewGDUJ4ZQwkh7M,0.0,0.0,0.0,1,
BADBYE,WEAN,56,2023-06-09,"v-pop, vietnamese hip hop, vietnam indie",78lw4wahFNotXb0mOEtPkM,0.0,0.0,0.0,1,
Vì Yêu Cứ Đâm Đầu,MIN,56,2020-07-29,"v-pop, vietnamese hip hop, vietnam indie, vinahouse",5YHDp3PnCQu8GsumxW65TG,0.0,0.0,0.0,1,
Em Là,MONO,58,2022-08-18,"v-pop, vietnamese hip hop, vinahouse",6GxdtMg7DdomU79EodUpfk,0.0,0.0,0.0,1,
Lệ Lưu Ly,Vũ Phụng Tiên,55,2023-09-20,"v-pop, vinahouse, vietnamese hip hop",2JuHIbFudHwDqQssgqsH3i,0.0,0.0,0.0,1,
"Anh Là Ai? (feat. Dick, DT & UMIE)",RAP VIỆT,51,2023-08-09,"vietnamese hip hop, v-pop",6HpkHTTwfVmSoopeloHqOp,0.0,0.0,0.0,1,
Thích Em Hơi Nhiều,Wren Evans,54,2021-06-18,"v-pop, vietnam indie, vietnamese hip hop, vinahouse",45Mswno1F7FoZkcmQkp7fi,0.0,0.0,0.0,1,
Phóng Đổ Tim Em,Wren Evans,53,2023-12-17,"v-pop, vietnam indie, vietnamese hip hop, vinahouse",2kauMp3YNHXULGXyJh4321,0.0,0.0,0.0,1,
"3107 4 (feat. Erik, Nâu)",W/N,59,2022-07-31,"v-pop, vietnamese lo-fi, vietnamese hip hop, vietnam indie",45PPoUgqs3JrhkZGEzSUHT,0.0,0.0,0.0,1,
Mượn Rượu Tỏ Tình,BigDaddy,56,2019-01-18,"v-pop, vietnamese hip hop, vietnam indie, vinahouse",21PfXNAfEIaw1XZeSFGHkt,0.0,0.0,0.0,1,
Dành Cho Em,Hoàng Tôn,55,2015-01-01,"v-pop, vietnamese hip hop, vinahouse, vietnam indie",37KEMM9tMw5Tb5GWlBmOVM,0.0,0.0,0.0,1,
Em Không Quay Về,Hoàng Tôn,52,2015-01-01,"v-pop, vietnamese hip hop, vinahouse, vietnam indie",36vTcKKh2EafskEYs4ju02,0.0,0.0,0.0,1,
Yêu Một Người Có Lẽ,Lou Hoàng,59,2016-03-07,"v-pop, vinahouse",2o4dDfLK6NVI7TjBm5VoMv,0.0,0.0,0.0,1,
Não Cá Vàng,Only C,54,2017-03-05,"v-pop, vietnamese hip hop, vinahouse",5WqyMMhbVsV7yR8lSNy5EI,0.0,0.0,0.0,1,
Mình Là Gì Của Nhau,Lou Hoàng,52,2016-09-21,"v-pop, vinahouse",4Wc98oLOg1IuVCGqIhTDVj,0.0,0.0,0.0,1,
Cảm Giác Lúc Ấy Sẽ Ra Sao,Lou Hoàng,52,2019-03-27,"v-pop, vinahouse",02fKj4He0UVECRfYkIT4EJ,0.0,0.0,0.0,1,
"TÌNH ĐẦU QUÁ CHÉN (feat. Quang Hùng MasterD, Negav, Pháp Kiều & Erik)",ANH TRAI SAY HI,55,2024-09-18,"v-pop, vietnamese hip hop",3Nn9QjxOEj1pleW9xTG6cq,0.0,0.0,0.0,1,
Có Ai Thương Em Như Anh,Tóc Tiên,58,2018-01-01,"v-pop, vietnam indie",7AD5F85waSb3yZxZxEXhJM,0.0,0.0,0.0,1,
Trên Tình Bạn Dưới Tình Yêu,MIN,54,2022-03-21,"v-pop, vietnamese hip hop, vietnam indie, vinahouse",46DiCDUqxQMUU6fSpBvSRG,0.0,0.0,0.0,1,
ANH ĐÃ LÀM GÌ ĐÂU (feat. Nhật Hoàng & Thùy Chi),RAP VIỆT,51,2024-12-02,"vietnamese hip hop, v-pop",37ull7GiBZRLhWYDBIYZzW,0.0,0.0,0.0,1,
Phép Màu - Đàn Cá Gỗ Original Soundtrack,MAYDAYs,68,2025-02-21,"v-pop, vietnam indie",1DVYafsLmcQySKkJnY4RCs,0.0,0.0,0.0,1,
Shay nắnggg,AMEE,53,2022-06-06,"v-pop, vietnamese hip hop, vietnam indie",0f9erLcde4CA2XrRg7mdeE,0.0,0.0,0.0,1,
Tớ Thích Cậu,Han Sara,50,2017-08-15,"v-pop, vietnamese hip hop",0JmYRsO1sanvPDPWKYk2r2,0.0,0.0,0.0,1,
Tâm Sự Tuổi 30,Trịnh Thăng Bình,50,2018-07-25,"v-pop, vinahouse",5H7c7TWQaFz7qQs3UCmtHZ,0.0,0.0,0.0,1,
shhhhhhh..,WEAN,60,2023-10-07,"v-pop, vietnamese hip hop, vietnam indie",4jWmhzf53Q0ZvZMuGdiR9x,0.0,0.0,0.0,1,
Yêu Em 2 Ngày,Dương Domic,58,2024-03-08,"v-pop, vietnamese hip hop",23ep27rDA9gklIzuJ6qzRD,0.0,0.0,0.0,1,
Thành phố phía Đông,VƯƠNG BÌNH,53,2024-11-04,"v-pop, vietnam indie",23v3rSWUt4YqbyH8BHoYWs,0.0,0.0,0.0,1,
Ừ Thì Chia Tay (feat. RHYDER),CAPTAIN BOY,57,2024-10-23,"v-pop, vietnamese hip hop",0HAfl1uPBf5qTMiuAi6Ym7,0.0,0.0,0.0,1,
Yêu Nắm,BigDaddy,50,2024-02-13,"v-pop, vietnamese hip hop, vietnam indie, vinahouse",5f4u0kPnU21qNe6fXgAUiV,0.0,0.0,0.0,1,
CHẠM,ANH TRAI SAY HI,55,2025-09-29,"v-pop, vietnamese hip hop",1KxHecfnS2u53hVKAxLTqs,0.0,0.0,0.0,1,
SO GOOD,ANH TRAI SAY HI,51,2025-09-29,"v-pop, vietnamese hip hop",1UaEQjhbyELaijLJZUD1TX,0.0,0.0,0.0,1,
QUAY ĐI QUAY LẠI (feat. HIEUTHUHAI),ANH TRAI SAY HI,51,2024-08-31,"v-pop, vietnamese hip hop",07d8eaOuAWdC0DANq3tdPd,0.0,0.0,0.0,1,
Ghệ Mới,B Ray,50,2025-07-08,"vietnamese hip hop, v-pop, vinahouse, vietnam indie",6TYqqAtKRmykGXrqLRpZSF,0.0,0.0,0.0,1,
KẺ HAI LỜI,ANH TRAI SAY HI,51,2025-11-18,"v-pop, vietnamese hip hop",3UxshXxzUvAVLc5NFL0wHg,0.0,0.0,0.0,1,
Cà Phê,MIN,55,2022-03-21,"v-pop, vietnamese hip hop, vietnam indie, vinahouse",1ggbqJAGPfhCXkAXPKTokY,0.0,0.0,0.0,1,
Hết Thương Cạn Nhớ,Đức Phúc,54,2019-09-29,"v-pop, vinahouse, vietnam indie",3rtMytBKFkyD0HygMUl727,0.0,0.0,0.0,1,
Người Gieo Mầm Xanh,Hứa Kim Tuyền,51,2021-05-19,"v-pop, vietnam indie",6vjzLoNJr2SX30jD9Hh0Dm,0.0,0.0,0.0,1,
2 Phút Hơn - KAIZ Remix,Pháo,60,2020-12-18,"v-pop, vinahouse, vietnamese hip hop",4SUk1ZTtA6OC120afxrpRZ,0.0,0.0,0.0,1,
Chuyện Đôi Ta (feat. Muộii),Emcee L (Da LAB),68,2021-12-01,"v-pop, vietnamese lo-fi, vietnam indie, vietnamese hip hop",4CUvVaAYuXtvYURLFz7EIL,0.0,0.0,0.0,1,
See Tình - Cukak Remix,Hoàng Thùy Linh,58,2022-05-05,"v-pop, vinahouse, vietnamese hip hop, vietnam indie",2QqUfCa7GbxQm6gB3K4hhi,0.0,0.0,0.0,1,
Sinh Ra Đã Là Thứ Đối Lập Nhau (feat. Badbies),Emcee L (Da LAB),65,2020-12-29,"v-pop, vietnamese lo-fi, vietnam indie, vietnamese hip hop",5BTzf3doGTigDIYUFtbkI9,0.0,0.0,0.0,1,
Lối Nhỏ,Đen,59,2019-10-21,"v-pop, vietnamese hip hop, vietnam indie, vietnamese lo-fi",25edeHHueINMguqu9emCyV,0.0,0.0,0.0,1,
Buồn Thì Cứ Khóc Đi,Lynk Lee,55,2019-12-13,"v-pop, vietnamese hip hop, vietnam indie, vietnamese lo-fi",6iXGivPFpsqKmrINhIbPvx,0.0,0.0,0.0,1,
Cứ Chill Thôi,Chillies,57,2020-07-11,"v-pop, vietnam indie, vietnamese hip hop",014DA3BdnmD3kI5pBogH7c,0.0,0.0,0.0,1,
Đi Về Nhà,Đen,59,2020-12-20,"v-pop, vietnamese hip hop, vietnam indie, vietnamese lo-fi",7LVrrX8pkzI9fMF88nGabt,0.0,0.0,0.0,1,
See Tình,Hoàng Thùy Linh,53,2022-02-20,"v-pop, vinahouse, vietnamese hip hop, vietnam indie",3bZGGKrMQLDGg18y2QqKFF,0.0,0.0,0.0,1,
Chuyện Rằng,Thịnh Suy,55,2020-08-08,"v-pop, vietnam indie, vietnamese lo-fi",7oBUoEbCDF748UkHnLusUB,0.0,0.0,0.0,1,
3107 3,W/N,62,2021-07-31,"v-pop, vietnamese lo-fi, vietnamese hip hop, vietnam indie",1EmMFSLRVkOszCa4ul9z0F,0.0,0.0,0.0,1,
Gác Lại Âu Lo (feat. Miu Lê),Da LAB,57,2020-07-25,"v-pop, vietnamese hip hop, vietnam indie, vietnamese lo-fi, vinahouse",1mKDbug8bbfDmLe7I4CJpe,0.0,0.0,0.0,1,
tiny love,Thịnh Suy,57,2021-12-05,"v-pop, vietnam indie, vietnamese lo-fi",4AgFXIVT7hVhBZ5DEOaLu3,0.0,0.0,0.0,1,
ngủ một mình (tình rất tình),HIEUTHUHAI,58,2022-12-15,"v-pop, vietnamese hip hop, vietnamese lo-fi, vietnam indie, vinahouse",65aTHDZWUdh6WIafu9MtNF,0.0,0.0,0.0,1,
See Tình - Speed Up Version,Hoàng Thùy Linh,53,2022-05-05,"v-pop, vinahouse, vietnamese hip hop, vietnam indie",5sCATdnR2mWbHgdmIXBFHa,0.0,0.0,0.0,1,
Hoa Hải Đường,Jack - J97,53,2020-09-22,"v-pop, vinahouse, vietnamese lo-fi",0J2otOvMdg62gVMMjwOvSK,0.0,0.0,0.0,1,
Em Bé,AMEE,51,2020-09-22,"v-pop, vietnamese hip hop, vietnam indie",4RZJObXQzsKQLd25LBjBG8,0.0,0.0,0.0,1,
Kẻ Cắp Gặp Bà Già (feat. Binz),Hoàng Thùy Linh,52,2019-10-20,"v-pop, vinahouse, vietnamese hip hop, vietnam indie",3HJ0EW4kd9S1NRCm039Fsk,0.0,0.0,0.0,1,
"Em Không Sai, Chúng Ta Sai",ERIK,55,2020-05-07,"v-pop, vinahouse, vietnam indie",3yWacnoBnM0lrzLmXAk44d,0.0,0.0,0.0,1,
Và Thế Là Hết,Chillies,51,2018-12-24,"v-pop, vietnam indie, vietnamese hip hop",0Bk064jKjWtfdOD8UkcImR,0.0,0.0,0.0,1,
Khó Vẽ Nụ Cười (feat. Du Uyen),Đạt G,55,2019-09-17,"v-pop, vietnamese hip hop, vinahouse",0piLGIj0C7RR4B2gowEqmO,0.0,0.0,0.0,1,
Thương Em Là Điều Anh Không Thể Ngờ,Noo Phước Thịnh,53,2018-12-18,"v-pop, vinahouse",2gT5LL3uRANxvvmDxaULbQ,0.0,0.0,0.0,1,
Đông Kiếm Em,Vũ.,58,2015-03-28,"v-pop, vietnam indie, vietnamese lo-fi",0B1ZnYwYefkNhZeE8ZQpv5,0.0,0.0,0.0,1,
Người Như Anh,Mai Tiến Dũng,50,2022-10-20,"v-pop, vietnamese bolero, vietnam indie",6mnkGSgd8eHVv1C38pDP9o,0.0,0.0,0.0,1,
Chạy Về Khóc Với Anh,ERIK,51,2022-01-26,"v-pop, vinahouse, vietnam indie",7hzVxbVA6Y5t9YDzpSgdRS,0.0,0.0,0.0,1,
Yêu Được Không,Đức Phúc,55,2019,"v-pop, vinahouse, vietnam indie",2PZENjHdoBW7u1qLB1Twra,0.0,0.0,0.0,1,
Yêu Xa,Vũ Cát Tường,53,2014-01-01,"v-pop, vietnam indie",7HkOqABWXwZwx9ujjnS6Tg,0.0,0.0,0.0,1,
Vết Mưa,Vũ Cát Tường,64,2014-01-01,"v-pop, vietnam indie",5cn5oHiXJTLiuthgbgfkMh,0.0,0.0,0.0,1,
Tái Sinh,Tùng Dương,51,2024-11-16,"v-pop, vinahouse",1dwlNRSofg8qKgBTqfqbft,0.0,0.0,0.0,1,
Miên Man,Minh Huy,59,2022-06-24,"v-pop, vietnam indie, vietnamese hip hop",6PJ4rafx2ufoaPaTewsRfh,0.0,0.0,0.0,1,
Ngày Em Đẹp Nhất,Tama,54,2023-04-07,"v-pop, vietnam indie",0DtarPcErIh4skfFtxzomo,0.0,0.0,0.0,1,
Rồi Ta Sẽ Ngắm Pháo Hoa Cùng Nhau,Olew,58,2023-01-02,"v-pop, vietnam indie",6azvhyagGek75gi0pLyl30,0.0,0.0,0.0,1,
Yêu Người Có Ước Mơ,buitruonglinh,58,2022-12-14,"v-pop, vietnamese lo-fi, vietnam indie, vinahouse",37rvzhxln4fXxaD6eG1bbR,0.0,0.0,0.0,1,
Ngồi Nhìn Em Khóc,Sáo,50,2023-04-24,"v-pop, vietnam indie",1wvLeW8THXNent0N2sGSgF,0.0,0.0,0.0,1,
Anh Đã Từ Bỏ Rồi Đấy,Nguyenn,52,2023-02-14,"v-pop, vietnam indie",1YW6r5WNuGOBiofHQZkyCM,0.0,0.0,0.0,1,
Không Còn Em,Madihu,50,2023-07-20,"v-pop, vietnam indie, vietnamese hip hop",1RGA13K66cABN7nYek6WNk,0.0,0.0,0.0,1,
3 1 0 7 (feat. Duongg & Nâu),W/N,61,2024-06-26,"v-pop, vietnamese lo-fi, vietnamese hip hop, vietnam indie",5xuaCJaNAqRLwV7OO5zPiF,0.0,0.0,0.0,1,
Chạy Khỏi Thế Giới Này,Da LAB,60,2022-06-30,"v-pop, vietnamese hip hop, vietnam indie, vietnamese lo-fi, vinahouse",2e6uyFP80Vuaz7V7bDWD0e,0.0,0.0,0.0,1,
Anh Đánh Rơi Người Yêu Này,Andiez,55,2019-07-15,"v-pop, vietnam indie, vietnamese lo-fi",5J90ah0ppUSev1uahqQiN6,0.0,0.0,0.0,1,
id 2022 (feat. 267),W/N,53,2023-12-31,"v-pop, vietnamese lo-fi, vietnamese hip hop, vietnam indie",5yNB5nPXblrSwtS9d0ssAU,0.0,0.0,0.0,1,
"3 1 0 7 7 - W/N ft. ( titie, Duongg )",W/N,52,2021-10-31,"v-pop, vietnamese lo-fi, vietnamese hip hop, vietnam indie",5jL0h9UUmy8NXq5Kz0E7Po,0.0,0.0,0.0,1,
Chúng Ta Rồi Sẽ Hạnh Phúc (Hướng Dương Ngược Nắng),Jack - J97,55,2023-12-12,"v-pop, vinahouse, vietnamese lo-fi",2QCbYz4XN9mzi5LJBuB3iP,0.0,0.0,0.0,1,
Hai đứa nhóc,Ronboogz,59,2023-01-09,"v-pop, vietnamese hip hop, vietnam indie",3AjXaNF3TPcdi5vTiQZxva,0.0,0.0,0.0,1,
Giấc Mơ Khác,Chillies,55,2023-02-09,"v-pop, vietnam indie, vietnamese hip hop",5YiqPAVbiFUj1G1qvbXo0X,0.0,0.0,0.0,1,
MỘT NGÀY NÀO ĐÓ,Hoàng Dũng,57,2025-09-15,"v-pop, vietnam indie, vietnamese lo-fi, vietnamese hip hop",0y9syFsnSuYnf0RUqxE1Ah,0.0,0.0,0.0,1,
Ai Lớn Cũng Phải,CAPTAIN BOY,54,2025-06-11,"v-pop, vietnamese hip hop",5e21jDDiJOuoAMd2k8FNn2,0.0,0.0,0.0,1,
một lời đồn,Bệt Band,50,2025-04-25,"vietnam indie, v-pop",0pkKpktoYIYzVMH5AGrdc8,0.0,0.0,0.0,1,
Giấc mơ từng rất thơ (ý thơ người ví em là ánh trăng lẻ loi...),Mer,57,2025-04-24,"vietnam indie, v-pop",7l4lXk92jV4Eg2r8ZRel4K,0.0,0.0,0.0,1,
Cay,Khắc Hưng,52,2025-04-14,"v-pop, vietnamese hip hop, vietnam indie, vinahouse",07iOBFmjZk97JBvPONW8Sj,0.0,0.0,0.0,1,
The One For Me,KayC,51,2025-03-27,"vietnamese hip hop, v-pop, vietnam indie",3eJr9Z8KZuOTRblAeJi2zB,0.0,0.0,0.0,1,
Anh Đã Chờ Rất Lâu,Sixkie Dawgz,51,2025-03-27,v-pop,5NWkYMp7RhANkoJqk3ZBGh,0.0,0.0,0.0,1,
Đã Lâu Rồi,Negav,51,2025-03-08,"v-pop, vietnamese hip hop, vietnam indie",4sUbVbW9m7WVX1KOZ4zLc9,0.0,0.0,0.0,1,
Bắc Bling (Bắc Ninh) (Prod. by Masew),Hoà Minzy,51,2025-03-01,"v-pop, vinahouse",4L2xuczFpbb7cjXebOBNkt,0.0,0.0,0.0,1,
ĐOÁ HOA,TeuYungBoy,59,2025-03-08,"vietnamese hip hop, v-pop",354swDEk1Zdo9y57fEqmRg,0.0,0.0,0.0,1,
NẾU KHI ẤY,Negav,54,2025-02-18,"v-pop, vietnamese hip hop, vietnam indie",40jjlmDAskFndmzjWVoCQk,0.0,0.0,0.0,1,
Ánh Mắt Biết Cười,Quang Hùng MasterD,61,2025-01-26,"v-pop, vinahouse, vietnamese hip hop",5JoQSuMrHdu7BcgIY9hDcX,0.0,0.0,0.0,1,
Tiến Hay Lùi (Nụ Hôn Bạc Tỷ Original Soundtrack),Bùi Công Nam,55,2025-01-21,"v-pop, vietnam indie",5ca1aUHYwTDNO5E6unithq,0.0,0.0,0.0,1,
Tình Yêu Buông Tha Cho Chúng Ta,Trungg I.U,55,2025-01-02,"v-pop, vinahouse, vietnam indie",3hjirCdXFnVJDZsXlOfhfd,0.0,0.0,0.0,1,
Track 06,Tyronee,60,2024-12-05,"v-pop, vietnam indie, vietnamese hip hop",72NMPuJCRsOUoXQJdzVfdo,0.0,0.0,0.0,1,
"SAO HẠNG A (feat. HIEUTHUHAI, Dương Domic, Song Luân, Jsol & Trần Đăng Dương)",ANH TRAI SAY HI,54,2024-09-18,"v-pop, vietnamese hip hop",446ygEWkggc5FMbBPQSMuM,0.0,0.0,0.0,1,
HOP ON DA SHOW,tlinh,56,2024-09-18,"v-pop, vietnamese hip hop, vietnam indie, vinahouse",0SLzsfxED15vyUccX4bCqo,0.0,0.0,0.0,1,
Bước Za Đi Xa,Wxrdie,59,2024-09-18,"vietnamese hip hop, v-pop",3ER1r0HipeSSu7YNImC6vd,0.0,0.0,0.0,1,
Mình Anh Thôi,Negav,57,2024-09-04,"v-pop, vietnamese hip hop, vietnam indie",7Cjsw965r7mVK888ZqP6Wo,0.0,0.0,0.0,1,
Say Yes (Vietnamese Version),Chọn gì? Chọn đi!,51,2024-09-11,v-pop,7mbWwlHgukuuW8r7Nc3FHv,0.0,0.0,0.0,1,
Cuộc gọi lúc nửa đêm,AMEE,50,2024-08-02,"v-pop, vietnamese hip hop, vietnam indie",6P7xEmk7ZZYz0AV84uOwiW,0.0,0.0,0.0,1,
Yên Bình Có Quá Đắt Không,Khiem,54,2024-06-23,"v-pop, vietnam indie",0A0oqleZkyD8FN6aW48Jzn,0.0,0.0,0.0,1,
2 4,W/N,58,2024-07-31,"v-pop, vietnamese lo-fi, vietnamese hip hop, vietnam indie",6r5o9yIc16ZvymXUKJQ1yy,0.0,0.0,0.0,1,
MỘNG YU,AMEE,60,2024-08-02,"v-pop, vietnamese hip hop, vietnam indie",5oFEvbM7lGnx8jfAkuhVyo,0.0,0.0,0.0,1,
Lặng,Rhymastic,59,2024-07-09,"v-pop, vietnamese hip hop, vietnam indie, vinahouse",6f7M5UzYYeLFCMIBQhxk2J,0.0,0.0,0.0,1,
Ngày Đầu Sau Chia Tay,Đức Phúc,56,2024-06-20,"v-pop, vinahouse, vietnam indie",6xKs4CnVadRzdNZ48vhT27,0.0,0.0,0.0,1,
Hẹn Một Mai - From 4 Năm 2 Chàng 1 Tình Yêu,Bùi Anh Tuấn,59,2024-03-04,v-pop,5BJqg07SKgmFnVLOBmLFvq,0.0,0.0,0.0,1,
Thiên Lý Ơi,Jack - J97,54,2024-02-22,"v-pop, vinahouse, vietnamese lo-fi",3ztP5O7dJSha2PG429eUCb,0.0,0.0,0.0,1,
Trái đất ôm Mặt trời,Kai Đinh,54,2023-12-18,"v-pop, vietnamese lo-fi, vietnam indie",4NTanSVXBkQ2NmDEbr2vLE,0.0,0.0,0.0,1,
Chàng Trai Bất Tử,An Vũ,57,2024-01-11,"v-pop, vinahouse, vietnamese lo-fi",18iADruKMXIloyA9vCJXFE,0.0,0.0,0.0,1,
Đại Lộ Mặt Trời,Chillies,52,2024-01-04,"v-pop, vietnam indie, vietnamese hip hop",0RRaMSF6sPNAvMTntUiv8m,0.0,0.0,0.0,1,
Tò Te Tí,Wren Evans,55,2023-12-17,"v-pop, vietnam indie, vietnamese hip hop, vinahouse",0X28PqBpbQhWdi4usYw0w5,0.0,0.0,0.0,1,
bé ơi từ từ,Wren Evans,52,2023-12-17,"v-pop, vietnam indie, vietnamese hip hop, vinahouse",0tGmDUHDoT8pxYhgAT3yNG,0.0,0.0,0.0,1,
ĐỢI (Prod. RIO),52Hz,60,2023-12-15,"v-pop, vietnam indie, vietnamese hip hop",5C1O3fpMsiisJpHiB1uuDf,0.0,0.0,0.0,1,
Rồi Em Sẽ Gặp Một Chàng Trai Khác,The Masked Singer,59,2023-11-12,v-pop,3K7RddI2L8Wiv7uIbrhfLc,0.0,0.0,0.0,1,
Em Có Nhớ Anh Không ?,Hiya,56,2023-11-05,"v-pop, vinahouse",4xjMsuPSMtGwFvwdnEFDKn,0.0,0.0,0.0,1,
id T41104 (feat. 267),W/N,55,2023-10-31,"v-pop, vietnamese lo-fi, vietnamese hip hop, vietnam indie",07tiPBhMqiKqHowwqDBtfK,0.0,0.0,0.0,1,
Hit Me Up (feat. Nomovodka),Binz,50,2023-10-19,"vietnamese hip hop, v-pop, vietnam indie, vinahouse",4acXEYw7ayyJnm9GXDrqiL,0.0,0.0,0.0,1,
Anh Luôn Như Vậy,B Ray,52,2023-10-05,"vietnamese hip hop, v-pop, vinahouse, vietnam indie",3CyGK8BeJ5iCunpzvHyINs,0.0,0.0,0.0,1,
Tình cờ yêu em,Kuun Đức Nam,58,2023-06-10,"v-pop, vietnam indie",0gzpqwLf1jhNjnSJEyweAX,0.0,0.0,0.0,1,
MAKING MY WAY,Sơn Tùng M-TP,50,2023-05-05,"v-pop, vinahouse, vietnamese hip hop",6HGOxrNik4iPurqStawTFQ,0.0,0.0,0.0,1,
Trước Khi Em Tồn Tại,Thắng,58,2023-04-30,"vietnam indie, v-pop, vietnamese hip hop",1yo967mk7CpjvruNxBecOY,0.0,0.0,0.0,1,
Thôi Em Đừng Đi,RPT MCK,55,2023-03-02,"vietnamese hip hop, v-pop, vietnam indie",7kpNUrBDYDoX6QKGzrBD1R,0.0,0.0,0.0,1,
Bật Tình Yêu Lên,Tăng Duy Tân,53,2023-02-14,"v-pop, vinahouse, vietnamese lo-fi",62SFLTN7txImu8pQwBMP6A,0.0,0.0,0.0,1,
Anh Chưa Thương Em Đến Vậy Đâu,Myra Trần,56,2023-01-04,"v-pop, vietnam indie, vietnamese hip hop",3QD2NfLEIvMRbzv2uTu4B7,0.0,0.0,0.0,1,
Thấy Chưa,Ngọt,55,2022-11-25,"vietnam indie, v-pop, vietnamese lo-fi, vietnamese hip hop",4r7hIDwLsasMfj6nk2Wrib,0.0,0.0,0.0,1,
Forget About Her,JustaTee,58,2022-10-31,"v-pop, vietnamese hip hop, vietnam indie",5kJMW3pK49PvQDtpVryHf5,0.0,0.0,0.0,1,
Anh Nhớ Ra (feat. TRANG),Vũ.,60,2022-09-09,"v-pop, vietnam indie, vietnamese lo-fi",7eDrdQ7PK9Xm1CZCKWsgmH,0.0,0.0,0.0,1,
Mặt Mộc,Phạm Nguyên Ngọc,52,2022-08-05,"v-pop, vietnam indie, vietnamese lo-fi",3dvkpe9FEekxxgaQtxOHQI,0.0,0.0,0.0,1,
Em iu - Radio Edit,Andree Right Hand,59,2022-01-30,"vietnamese hip hop, v-pop, vinahouse",5cml547MByVlaVrKU2lJTg,0.0,0.0,0.0,1,
Anh Ơi Ở Lại,Chi Pu,56,2019,"v-pop, vinahouse, vietnam indie",0VBv6oyMgeEBOIysaSV9aE,0.0,0.0,0.0,1,
Bước Qua Nhau,Vũ.,59,2022-09-09,"v-pop, vietnam indie, vietnamese lo-fi",38rjRVqEHSlDRrDWDvjkqW,0.0,0.0,0.0,1,
Đếm Ngày Xa Em,Only C,56,2016-06-22,"v-pop, vietnamese hip hop, vinahouse",2hLg1Pbi7UFMGGBqOPY5Rb,0.0,0.0,0.0,1,
Yêu Là Tha Thứ,Only C,56,2017-04-12,"v-pop, vietnamese hip hop, vinahouse",4bQdhlDMDBwGEVYu6dLK9Z,0.0,0.0,0.0,1,
Muộn Màng Là Từ Lúc,Mỹ Tâm,50,2017-12-06,"v-pop, vietnamese bolero, vietnam indie",5UeD0rVFJXXl3HGjKiZbrt,0.0,0.0,0.0,1,
Rồi Người Thương Cũng Hóa Người Dưng,Hiền Hồ,50,2019-11-27,"v-pop, vinahouse, vietnam indie",4UywEG4eLYxb6YYuAPmKWH,0.0,0.0,0.0,1,
Mot Dem Say (X),Thịnh Suy,55,2019-06-11,"v-pop, vietnam indie, vietnamese lo-fi",4NjYMfjV1bonlQxQFUjE4Y,0.0,0.0,0.0,1,
Cưới Đi,2T,50,2020-08-28,"vietnamese lo-fi, v-pop, vietnamese hip hop, vietnam indie",2zrQ6CKJuLH8GFOPNqAxys,0.0,0.0,0.0,1,
Một Nhà,Da LAB,52,2015-08-17,"v-pop, vietnamese hip hop, vietnam indie, vietnamese lo-fi, vinahouse",3EuOQ0v6LxsNFSf3BF5wrw,0.0,0.0,0.0,1,
Hơn Cả Yêu,Đức Phúc,50,2022-05-05,"v-pop, vinahouse, vietnam indie",5YouPnnFSfNJPXgrWZ0P8C,0.0,0.0,0.0,1,
Ta Cứ Đi Cùng Nhau,Đen,51,2017-09-11,"v-pop, vietnamese hip hop, vietnam indie, vietnamese lo-fi",0cuVWvlDAn6IErlvsZYKZf,0.0,0.0,0.0,1,
Mười Năm (Lộn Xộn 3),Đen,57,2019-02-01,"v-pop, vietnamese hip hop, vietnam indie, vietnamese lo-fi",4FT18tLTmf3QNBzG5r6OTj,0.0,0.0,0.0,1,
Mamma Mia,HIEUTHUHAI,50,2022-05-16,"v-pop, vietnamese hip hop, vietnamese lo-fi, vietnam indie, vinahouse",4uZs35Zm7ivjQCM7v5nQj8,0.0,0.0,0.0,1,
Bóng Phù Hoa,Phương Mỹ Chi,50,2023-09-18,"v-pop, vietnamese bolero",3fw9v7CztM2mqu1jCtbg9f,0.0,0.0,0.0,1,
Thủy Triều,Quang Hùng MasterD,58,2024-02-12,"v-pop, vinahouse, vietnamese hip hop",2CFC7iLurCyDYuXQcfem2l,0.0,0.0,0.0,1,
Chưa Quên Người Yêu Cũ,Hà Nhi,51,2022-08-03,"v-pop, vinahouse, vietnam indie, vietnamese lo-fi",3yKzLSeR9NTwCTg9HvQkcJ,0.0,0.0,0.0,1,
Một Ngàn Nỗi Đau,Văn Mai Hương,52,2022-06-23,"v-pop, vietnamese hip hop, vinahouse, vietnam indie",05X3a0YGmS1rbH50aL8lGF,0.0,0.0,0.0,1,
Exs Hate Me,B Ray,59,2023-04-15,"vietnamese hip hop, v-pop, vinahouse, vietnam indie",170CNv2CAZn8wg6GxvHXYC,0.0,0.0,0.0,1,
Lửng Lơ,Masew,52,2019-04-01,"v-pop, vietnamese hip hop, vinahouse, vietnamese lo-fi",1m4BSQjgXAfoR4dBAapAr7,0.0,0.0,0.0,1,
Hạ Còn Vương Nắng,DatKaa,55,2021-04-04,"v-pop, vinahouse, vietnamese lo-fi",7sKeO4FYQzjMUCnoyTo3dh,0.0,0.0,0.0,1,
She Neva Knows,JustaTee,56,2012-01-21,"v-pop, vietnamese hip hop, vietnam indie",0NyrI1tMvqcK3vU5z9DMdI,0.0,0.0,0.0,1,
Chạm Đáy Nỗi Đau,ERIK,52,2018-04-27,"v-pop, vinahouse, vietnam indie",1P1dtPn7zaZzFahKYJnYfH,0.0,0.0,0.0,1,
Cause I Love You,Noo Phước Thịnh,56,2016-03-23,"v-pop, vinahouse",5vODf231esazyTFBRN6Tdc,0.0,0.0,0.0,1,
Họ Yêu Ai Mất Rồi,Doãn Hiếu,51,2021-01-20,"v-pop, vietnamese lo-fi, vinahouse",6gBWxXAK6LTkGAy0062LoV,0.0,0.0,0.0,1,
Dừng Lại Đây Thôi,Hoa Vinh,52,2019-09-25,"v-pop, vinahouse",4zJmtAph1ENoEnSFHO3tlk,0.0,0.0,0.0,1,
Yêu Em Dại Khờ,Lou Hoàng,54,2019-01-01,"v-pop, vinahouse",3lyI1YkYDjyJVueTsmo9qk,0.0,0.0,0.0,1,
Bài Này Chill Phết,Đen,59,2019,"v-pop, vietnamese hip hop, vietnam indie, vietnamese lo-fi",2nR51wakN5K3AJENqGaNg9,0.0,0.0,0.0,1,
Có Chàng Trai Viết Lên Cây,Phan Mạnh Quỳnh,56,2019-12-20,"v-pop, vietnam indie, vietnamese lo-fi",2NEzxeMKW0mk5pr7tcrvs2,0.0,0.0,0.0,1,
TRÌNH,HIEUTHUHAI,51,2024-11-07,"v-pop, vietnamese hip hop, vietnamese lo-fi, vietnam indie, vinahouse",0WjdaO545q9Qn4SQtzRQu9,0.0,0.0,0.0,1,
Dưới Những Cơn Mưa,Mr.Siro,55,2017-02-17,v-pop,1t6SwYMSGIvfX7OZ9RwFdN,0.0,0.0,0.0,1,
Lac Nhau Co Phai Muon Doi (Music From “Cho Em Den Ngay Mai”),ERIK,55,2017-01-16,"v-pop, vinahouse, vietnam indie",5m6oe6saYJkVSbouNrNfUw,0.0,0.0,0.0,1,
Crying Over You,JustaTee,56,2014-03-23,"v-pop, vietnamese hip hop, vietnam indie",2OSjnBrQQ0CNKxIUM2GQDk,0.0,0.0,0.0,1,
Em Của Ngày Hôm Qua,Sơn Tùng M-TP,56,2014-10-20,"v-pop, vinahouse, vietnamese hip hop",6NX2B1nLrulC8XogMQzVaI,0.0,0.0,0.0,1,
Kỵ Sĩ Và Ánh Sao,Đông Nhi,52,2025-04-19,v-pop,62oJI8qLl1kFx77NQiCFo7,0.0,0.0,0.0,1,
HONGKONG1,Nguyễn Trọng Tài,56,2018-10-28,"vietnamese hip hop, v-pop, vietnam indie",6UFvSmKzCZ16fxsybf4PhE,0.0,0.0,0.0,1,
ĐÃ XINH LẠI CÒN THÔNG MINH,EM XINH SAY HI,52,2025-06-02,v-pop,5dEzjwYpSq7LtHOGYU9iah,0.0,0.0,0.0,1,
CẦM KỲ THI HOẠ,EM XINH SAY HI,54,2025-06-09,v-pop,6sH3hTKs0DcZvHASR7cQ6F,0.0,0.0,0.0,1,
AAA,EM XINH SAY HI,52,2025-06-02,v-pop,2R1sqa3gaeCXkqwjNF6YLC,0.0,0.0,0.0,1,
E Là Không Thể (Chốn Tìm Show),Anh Quân Idol,61,2024-11-29,"vinahouse, vietnamese lo-fi, v-pop",0mcveJtBYTbLJa5dHvtxJJ,0.0,0.0,0.0,1,
Đánh Mất Em,Quang Đăng Trần,50,2020-09-23,"vietnamese lo-fi, v-pop, vinahouse",6PFJUHt3vJP3qApZG5QmPw,0.0,0.0,0.0,1,
HỀ,EM XINH SAY HI,53,2025-06-23,v-pop,7C0kNQRFtNhs7Ibx1Q4sLy,0.0,0.0,0.0,1,
Dont Côi,RPT Orijinn,59,2022,"vietnamese hip hop, v-pop",3ukrFH17Zl6iEZ2QJ1Zwiy,,,,1,
Nấu ăn cho em,Đen,55,2023-05-13,"v-pop, vietnamese hip hop, vietnam indie, vietnamese lo-fi",7td8DTWoGC9u9db37mGHX6,0,0,0,1
Đá tan,Ngọt,57,2022-11-25,"vietnam indie, v-pop, vietnamese lo-fi, vietnamese hip hop",6Wi18yv3aoO0ZF4uulguof,0,0,0,1
Em Không Khóc (feat. Vũ Phụng Tiên),buitruonglinh,61,2022-03-28,"v-pop, vietnamese lo-fi, vietnam indie, vinahouse",4N99EuIjwSSFFFMDfTeOLU,0,0,0,1
Em Không Hiểu,Changg,60,2021-06-28,"v-pop, vietnam indie, vietnamese hip hop, vietnamese lo-fi",1izPmgSW7FV6XFdEOiTvOY,0,0,0,1
Hướng Dương,Changg,55,2021-05-20,"v-pop, vietnam indie, vietnamese hip hop, vietnamese lo-fi",65uxT4ZGe6eOABj1g5V2Fj,0,0,0,1
