title,artists,featured_artists,source,spotify_popularity,spotify_release_date,spotify_genres,spotify_track_id,total_platforms,best_peak_rank,overall_avg_rank,total_appearances,hit_score,APPLE_MUSIC_appearances,APPLE_MUSIC_peak_rank,SPOTIFY_appearances,SPOTIFY_peak_rank,SPOTIFY_days_on_chart,SPOTIFY_total_streams,SPOTIFY_peak_position,NCT_appearances,NCT_peak_rank,NCT_total_likes,ZINGMP3_appearances,ZINGMP3_peak_rank,ZINGMP3_total_likes,ZINGMP3_total_plays
người đầu tiên,juky san,buitruonglinh,"apple, nct, spotify, zingmp3",68,2025-08-18,v-pop,3qKeW2XJFZU5CvOQKStQW6,4,3.0,,57.0,98.8,20.0,11.0,11.0,3.0,14.0,1134778.0,3.0,9.0,5.0,20360.0,17.0,15.0,14000.0,506000.0
in love,low g,justatee,"apple, nct, spotify, zingmp3",66,2025-10-21,"vietnamese hip hop, v-pop, vietnam indie",7uUuftbcr94tzGOCJSM25u,4,2.0,,50.0,95.52,10.0,3.0,13.0,2.0,23.0,2586361.0,2.0,10.0,2.0,28629.0,17.0,26.0,6000.0,548000.0
anh đã không biết cách yêu em,quang đăng trần,,"apple, nct, spotify, zingmp3",66,2025-07-05,"vietnamese lo-fi, v-pop, vinahouse",2daxUR0gVJr2dOmOtYvW8R,4,2.0,,50.0,95.52,10.0,34.0,13.0,13.0,103.0,6485563.0,8.0,10.0,2.0,134072.0,17.0,3.0,405000.0,20700000.0
không buông,hngle,ari,"apple, nct, spotify, zingmp3",70,2025-08-25,v-pop,1ApIGNgp1azc0qB61x4GzG,4,3.0,,50.0,95.12,10.0,5.0,13.0,3.0,73.0,8080827.0,2.0,10.0,3.0,80388.0,17.0,12.0,73000.0,3700000.0
không thời gian,dương domic,,"apple, nct, spotify, zingmp3",67,2025-09-20,"v-pop, vietnamese hip hop",6GUKRhIsWxA7VuZW8MKQLG,4,6.0,,50.0,93.92,10.0,37.0,13.0,6.0,53.0,4268168.0,6.0,10.0,9.0,45971.0,17.0,18.0,44000.0,2300000.0
người như anh xứng đáng cô đơn,anh trai say hi,"vũ cát tường, karik, negav, ngô kiến huy, jey b","apple, nct, spotify, zingmp3",68,2025-09-29,"v-pop, vietnamese hip hop",5u5AsK8JLgkr154QHZjJqh,4,8.0,,50.0,93.12,10.0,12.0,13.0,14.0,46.0,4517378.0,2.0,10.0,8.0,69514.0,17.0,9.0,42000.0,3000000.0
không đau nữa rồi,em xinh say hi,"orange, châu bùi, mỹ mỹ, pháp kiều, 52hz","apple, nct, spotify, zingmp3",67,2025-06-23,v-pop,1uiqiUzPn2EJpvHDy84PEZ,4,8.0,,50.0,93.12,10.0,8.0,13.0,17.0,144.0,11882114.0,1.0,10.0,23.0,115249.0,17.0,41.0,88000.0,7500000.0
còn gì đẹp hơn (mưa đỏ original soundtrack),nguyễn hùng,,"apple, nct, spotify, zingmp3",65,2025-07-27,"v-pop, vietnam indie",5zXCoF69UxPNLrpar8Rk7e,4,13.0,,50.0,91.12,10.0,35.0,13.0,42.0,108.0,8067435.0,1.0,10.0,13.0,131686.0,17.0,24.0,124000.0,7400000.0
đoạn kịch câm,anh trai say hi,"congb, negav, b ray, codynamvo, phạm đình thái ngân, mỹ mỹ","apple, nct, spotify, zingmp3",56,2025-11-03,"v-pop, vietnamese hip hop",703nPWb6qOClgjJljvUx7Y,4,7.0,,44.0,90.36,10.0,20.0,10.0,29.0,11.0,586327.0,29.0,7.0,7.0,15893.0,17.0,9.0,10000.0,392000.0
hơn là bạn,anh trai say hi,"ngô kiến huy, vũ cát tường, karik, vương bình, sơn.k, min","apple, nct, spotify, zingmp3",52,2025-11-03,"v-pop, vietnamese hip hop",6HfodJwwVoCsygZqZ2xKYN,4,13.0,,41.0,86.38,10.0,64.0,7.0,60.0,10.0,384168.0,60.0,7.0,13.0,12353.0,17.0,28.0,7000.0,300000.0
kho báu,(s)trong,,"apple, nct, spotify, zingmp3",64,2025-08-14,"v-pop, vietnam indie",2qrpmvkxE0oz78ym1LEvXd,3,4.0,,48.0,86.16,17.0,8.0,,,,,,14.0,4.0,139885.0,17.0,37.0,63000.0,6500000.0
người đầu tiên,em xinh say hi,juky san,"nct, spotify, zingmp3",68,2025-08-18,v-pop,3qKeW2XJFZU5CvOQKStQW6,3,5.0,,40.0,81.55,,,13.0,5.0,87.0,7881414.0,2.0,10.0,16.0,65464.0,17.0,8.0,48000.0,3900000.0
love game,low g,tlinh,"apple, nct, spotify, zingmp3",63,2025-09-11,"vietnamese hip hop, v-pop, vietnam indie",0x7rhEP1Tak1guiTYODlic,4,19.0,,35.0,80.82,10.0,19.0,12.0,58.0,63.0,3722676.0,3.0,10.0,33.0,32626.0,3.0,90.0,11000.0,788000.0
ngày này năm ấy,việt anh,,"apple, nct, spotify, zingmp3",65,2025-07-12,"vinahouse, v-pop",1WbTOu4D2oHK9fg2qR6msd,3,7.0,,40.0,80.75,,,13.0,31.0,97.0,5587989.0,11.0,10.0,9.0,80757.0,17.0,7.0,131000.0,7200000.0
em không cần,hannie,,"nct, spotify, zingmp3",57,2025-10-16,"v-pop, vinahouse",3M8XPtbFW7xWyz2JmuDcce,3,1.0,,35.0,80.52,,,8.0,68.0,19.0,708993.0,67.0,10.0,16.0,14087.0,17.0,1.0,10000.0,493000.0
đa nghi,anh trai say hi,"negav, hải nam, codynamvo, dillan hoàng phan","apple, nct, spotify, zingmp3",62,2025-10-13,"v-pop, vietnamese hip hop",5ip4iGkbZNrihMGHAqOgMl,4,15.0,,31.0,80.32,2.0,79.0,2.0,68.0,24.0,1028166.0,21.0,10.0,15.0,23595.0,17.0,18.0,15000.0,903000.0
chẳng phải tình đầu sao đau đến thế,min,"dangrangto, antransax","apple, nct, spotify",67,2025-10-22,"v-pop, vietnamese hip hop, vietnam indie, vinahouse",3T7XHOdRcyhKU3QCB6kZG3,3,1.0,,33.0,79.47,10.0,1.0,13.0,2.0,22.0,2951875.0,2.0,10.0,1.0,54552.0,,,,
em,binz,,"apple, nct, spotify",65,2025-10-25,"vietnamese hip hop, v-pop, vietnam indie, vinahouse",1UhQ0VwKq2PGnLiAZOJYV1,3,2.0,,33.0,79.07,10.0,2.0,13.0,3.0,19.0,1914382.0,3.0,10.0,3.0,22935.0,,,,
ngàn năm ánh sáng,đặng vĩnh thịnh,bmz,"nct, spotify, zingmp3",66,2025-07-30,"v-pop, vietnam indie",4nyoalDFgUaZOzIKqj3aS5,3,13.0,,40.0,78.35,,,13.0,13.0,99.0,6445267.0,5.0,10.0,23.0,57034.0,17.0,38.0,41000.0,2600000.0
sớm muộn thì,anh trai say hi,"hustlang robber, nhâm phương nam, mason nguyen, jaysonlei, khoi vu, lamoon","apple, nct, spotify, zingmp3",46,2025-11-10,"v-pop, vietnamese hip hop",4yy21UkGZ7gZEGbSERllpE,4,2.0,,14.0,76.57,4.0,2.0,3.0,5.0,3.0,283375.0,5.0,3.0,2.0,11821.0,4.0,11.0,5000.0,156000.0
wrong times,puppy,dangrangto,"apple, nct, spotify",68,2023-05-17,"v-pop, vietnamese hip hop",3uT8QfoX0BE8ZJa4h98LDW,3,9.0,,33.0,76.27,10.0,59.0,13.0,9.0,727.0,50014681.0,3.0,10.0,41.0,174694.0,,,,
mất kết nối,dương domic,,"apple, nct, spotify",66,2024-11-22,"v-pop, vietnamese hip hop",3CmacJj7VC4W6daC8BWd0h,3,10.0,,33.0,75.87,10.0,10.0,13.0,28.0,357.0,42272949.0,1.0,10.0,12.0,371467.0,,,,
nắng ấm trong tim,duongg,dadeon,"nct, spotify, zingmp3",57,2025-10-24,"vietnamese lo-fi, v-pop, vietnam indie",3rIQPhzwnHiF3PzfFVnXp5,3,18.0,,39.0,75.83,,,12.0,31.0,18.0,778686.0,31.0,10.0,18.0,13396.0,17.0,20.0,20000.0,594000.0
bình yên,vũ.,binz,"apple, nct, spotify",64,2024-09-27,"v-pop, vietnam indie, vietnamese lo-fi",41DlPJXKTCypXdf2eSqa03,3,11.0,,33.0,75.47,10.0,13.0,13.0,11.0,442.0,39871673.0,3.0,10.0,18.0,224222.0,,,,
anh là thằng tồi,phùng khánh linh,,"apple, spotify, zingmp3",61,2025-10-18,"v-pop, vietnam indie",6GPcbZOX4h9MWert6xWpYw,3,5.0,,24.0,73.13,10.0,5.0,13.0,33.0,25.0,1198773.0,32.0,,,,1.0,12.0,17000.0,
panorama,richie d. icy,obito,"apple, nct, spotify",62,2025-10-10,"vietnamese hip hop, v-pop",6gmvd9Lld9MiNR9r6I9eFE,3,12.0,,23.0,69.81,10.0,27.0,3.0,82.0,27.0,1529968.0,13.0,10.0,12.0,20782.0,,,,
giờ thì,buitruonglinh,,"apple, nct, spotify",65,2024-12-12,"v-pop, vietnamese lo-fi, vietnam indie, vinahouse",7mblTCdc14ylJ1JW71MODb,3,27.0,,33.0,69.07,10.0,76.0,13.0,31.0,333.0,18259865.0,10.0,10.0,27.0,163938.0,,,,
người yêu chưa sinh ra,anh trai say hi,"ogenus, bigdaddy, phúc du, hustlang robber, dillan hoàng phan","apple, nct, zingmp3",60,2025-09-29,"v-pop, vietnamese hip hop",2ix8KB1Xm7rRGzkh3i8P1d,3,32.0,,36.0,68.65,9.0,85.0,,,,,,10.0,32.0,27445.0,17.0,64.0,16000.0,943000.0
gã săn cá,em xinh say hi,"lâm bảo ngọc, quỳnh anh shyn, maiquinn, saabirose, quang hùng masterd","apple, nct, zingmp3",61,2025-06-30,v-pop,34FhBswjcDbFzGx8zcPqoj,3,34.0,,37.0,68.37,10.0,74.0,,,,,,10.0,34.0,111656.0,17.0,59.0,113000.0,6900000.0
cứ đổ tại cơn mưa,em xinh say hi,"phương ly, orange, châu bùi, 52hz, vũ thảo my","apple, nct, zingmp3",59,2025-08-11,v-pop,0SNgVYcHY0UPil9YGmwU5k,3,17.0,,24.0,68.33,4.0,89.0,,,,,,3.0,48.0,42683.0,17.0,17.0,31000.0,3500000.0
quyền yếu đuối,miina,"rin9, dreamer","nct, zingmp3",49,2025-10-12,v-pop,5hxSgb5GRPvcjg06W4C3cF,2,4.0,,27.0,67.61,,,,,,,,10.0,7.0,31816.0,17.0,4.0,57000.0,1700000.0
10 mất 1 còn không,lê gia bảo,bmz,"nct, zingmp3",47,2025-05-08,"vinahouse, v-pop, vietnamese lo-fi, vietnam indie",4NksYk8JJnriSPy5eVj5MW,2,6.0,,27.0,66.81,,,,,,,,10.0,43.0,77808.0,17.0,6.0,376000.0,22800000.0
kho báu (with rhymastic),(s)trong,rhymastic,"apple, nct, zingmp3",64,2025-08-14,"v-pop, vietnam indie",2qrpmvkxE0oz78ym1LEvXd,2,6.0,,23.0,64.71,,,,,,,,6.0,6.0,136259.0,17.0,12.0,70000.0,5700000.0
mục hạ vô nhân,soobin,"binz, nsnd huỳnh tú","apple, nct, spotify",47,2025-11-10,"v-pop, vietnamese hip hop, vietnam indie, vinahouse",2jbwrUF3CCe68kztsvLsNC,3,7.0,,9.0,64.44,4.0,7.0,3.0,32.0,3.0,151680.0,32.0,2.0,14.0,3000.0,,,,
âm thầm bên em,sơn tùng m-tp,,"nct, spotify",68,2017-04-01,"v-pop, vinahouse, vietnamese hip hop",2wZAvkgiOE5tyrnqhB69KA,2,8.0,,23.0,63.91,,,13.0,8.0,1850.0,45058846.0,4.0,10.0,28.0,295407.0,,,,
exit sign,hieuthuhai,marzuz,"apple, spotify",70,2023-10-16,"v-pop, vietnamese hip hop, vietnamese lo-fi, vietnam indie, vinahouse",4nXrVH5xwN1w6TpmP7uu8n,2,8.0,,23.0,63.91,10.0,57.0,13.0,8.0,618.0,54942243.0,3.0,,,,,,,
thiệp hồng sai tên,nguyễn thành đạt,,"nct, zingmp3",27,2025-10-30,none,2CRh637uw03V8RkeovhcdF,2,3.0,,19.0,63.8,,,,,,,,2.0,32.0,10878.0,17.0,3.0,45000.0,701000.0
phép màu,maydays,minh tốc & lam,"apple, nct, spotify",68,2025-02-21,"v-pop, vietnam indie",1DVYafsLmcQySKkJnY4RCs,2,11.0,,23.0,62.71,,,13.0,13.0,263.0,23378867.0,2.0,10.0,11.0,208618.0,,,,
giá như,soobin,,"apple, spotify",61,2024-04-10,"v-pop, vietnamese hip hop, vietnam indie, vinahouse",1LxaXT8hwdBWSNpOqTjF8R,2,11.0,,23.0,62.71,10.0,28.0,13.0,11.0,582.0,27846863.0,9.0,,,,,,,
dẫu có đến đâu,anh trai say hi,"congb, vương bình, lohan, nhâm phương nam","nct, zingmp3",60,2025-10-13,"v-pop, vietnamese hip hop",5aDTawTXK6FJjXTUsR03n2,2,13.0,,24.0,62.43,,,,,,,,7.0,37.0,16992.0,17.0,13.0,11000.0,1100000.0
tiếc cho em,rhyder,,"spotify, zingmp3",66,2025-10-16,"v-pop, vietnamese hip hop",56LSZ1PFm7nOo734RfbEDo,2,21.0,,30.0,62.39,,,13.0,26.0,28.0,1638097.0,7.0,,,,17.0,21.0,8000.0,631000.0
một đời,14 casper,"bon nghiêm, buitruonglinh","nct, spotify",62,2023-03-03,"v-pop, vietnamese lo-fi, vietnam indie",4gaxEUZE4z9pJAVTSFwgQI,2,12.0,,23.0,62.31,,,13.0,12.0,592.0,31465299.0,10.0,10.0,43.0,168956.0,,,,
vùng an toàn,b ray,v#,"apple, spotify",63,2025-07-08,"vietnamese hip hop, v-pop, vinahouse, vietnam indie",6Zoi4ue74UdUeYmHXItXnf,2,12.0,,23.0,62.31,10.0,12.0,13.0,57.0,129.0,7836277.0,3.0,,,,,,,
dancing in the dark,soobin,,"apple, spotify",54,2024-06-25,"v-pop, vietnamese hip hop, vietnam indie, vinahouse",3x7Hh3zsE1wcXCU2G8l5tP,2,13.0,,23.0,61.91,10.0,21.0,13.0,13.0,246.0,21842532.0,3.0,,,,,,,
vết thương,fishy,,"apple, spotify",66,2023-06-29,"v-pop, vietnam indie, vietnamese lo-fi, vietnamese hip hop",6mKMGpkgP2cH5gmqILWe7b,2,13.0,,23.0,61.91,10.0,77.0,13.0,13.0,180.0,9658194.0,10.0,,,,,,,
những lời hứa bỏ quên,vũ.,dear jane,"apple, nct, spotify",58,2024-09-27,"v-pop, vietnam indie, vietnamese lo-fi",1LJyhnPdYGRLerwJd8CmL1,3,31.0,,22.0,61.68,10.0,68.0,2.0,71.0,694.0,41009967.0,1.0,10.0,31.0,295504.0,,,,
hermosa,anh trai say hi,"sơn.k, buitruonglinh, tez, mason nguyen, congb","nct, zingmp3",60,2025-09-29,"v-pop, vietnamese hip hop",7tDEWTNvUrVDCWdOrJWATZ,2,20.0,,27.0,61.21,,,,,,,,10.0,20.0,32582.0,17.0,47.0,18000.0,1300000.0
đừng làm trái tim anh đau,sơn tùng m-tp,,"apple, spotify",65,2024-06-08,"v-pop, vinahouse, vietnamese hip hop",31VNCmwspR7nVJ6kruUuJt,2,15.0,,23.0,61.11,10.0,15.0,13.0,54.0,524.0,50420010.0,1.0,,,,,,,
không thể say,hieuthuhai,,"apple, spotify",67,2023-10-16,"v-pop, vietnamese hip hop, vietnamese lo-fi, vietnam indie, vinahouse",1K0HQ30Wc11okzlcnFA7Ub,2,18.0,,23.0,59.91,10.0,18.0,13.0,21.0,940.0,57485014.0,7.0,,,,,,,
nơi này có anh,sơn tùng m-tp,,"nct, spotify",64,2017-04-01,"v-pop, vinahouse, vietnamese hip hop",5rSAUmbOg4giDrM29vUyHe,2,20.0,,23.0,59.11,,,13.0,31.0,2131.0,32541068.0,7.0,10.0,20.0,312726.0,,,,
em đau,phùng khánh linh,thành luke,"apple, zingmp3",55,2025-10-18,"v-pop, vietnam indie",317Lh6QCAz9JpWbV3oxrCf,2,7.0,,11.0,57.99,10.0,7.0,,,,,,,,,1.0,40.0,4000.0,316000.0
tháng năm,soobin,,"apple, spotify",65,2020-12-15,"v-pop, vietnamese hip hop, vietnam indie, vinahouse",0SmQ0UWeiHKQtxUej4Rem6,2,23.0,,23.0,57.91,10.0,23.0,13.0,45.0,1072.0,20090146.0,5.0,,,,,,,
ảo ảnh,anh trai say hi,"vũ cát tường, gill, ryn lee","nct, zingmp3",55,2025-10-20,"v-pop, vietnamese hip hop",2BKhVHyxHjbIAFVMfR4T3b,2,22.0,,21.0,57.25,,,,,,,,4.0,22.0,12921.0,17.0,44.0,9000.0,481000.0
buông đôi tay nhau ra,sơn tùng m-tp,,"nct, spotify",67,2017-04-01,"v-pop, vinahouse, vietnamese hip hop",3P3rcI48wwVEgxF5vPM6pG,2,25.0,,23.0,57.11,,,13.0,25.0,853.0,24956485.0,3.0,10.0,45.0,203477.0,,,,
hà nội,obito,"shiki, vstra","apple, spotify",64,2023-10-10,"v-pop, vietnamese hip hop, vietnam indie",5PGh9MyKry8slG5AfvD1eD,2,27.0,,23.0,56.31,10.0,27.0,13.0,50.0,492.0,23230951.0,11.0,,,,,,,
em thua cô ta,min quỳnh anh,,zingmp3,0,2025-11-11,"vinahouse, v-pop",5WFXRCjqQiAz1Dhijfn2Me,1,1.0,,17.0,56.05,,,,,,,,,,,17.0,1.0,152000.0,3400000.0
họa sĩ tồi,thái học,,zingmp3,49,2025-08-10,"vinahouse, v-pop, vietnamese bolero, vietnamese lo-fi",112QD7xBOqcYhe4eFrGlxu,1,1.0,,17.0,56.05,,,,,,,,,,,17.0,1.0,237000.0,10800000.0
cờ người,phùng khánh linh,,"apple, zingmp3",56,2025-10-18,"v-pop, vietnam indie",0IjFragIGhZPPhaF8HzJqo,2,12.0,,11.0,55.99,10.0,12.0,,,,,,,,,1.0,55.0,1000.0,
mỹ vị cuộc đời,trung quân,,zingmp3,35,2025-11-04,"v-pop, vietnam indie",7cRJyJIwN1BOBzvgxn9nJw,1,3.0,,17.0,55.25,,,,,,,,,,,17.0,3.0,4000.0,308000.0
phóng zìn zìn,tlinh,low g,"apple, spotify",65,2024-09-18,"v-pop, vietnamese hip hop, vietnam indie, vinahouse",3COYA2vgfcUhDyRlVpZy5p,2,30.0,,23.0,55.11,10.0,30.0,13.0,30.0,421.0,34285546.0,4.0,,,,,,,
vaicaunoicokhiennguoithaydoi,grey d,tlinh,"apple, spotify",65,2022-06-20,"v-pop, vietnam indie, vietnamese hip hop",5PLjpBivzvuaIIqqkQgnRK,2,30.0,,23.0,55.11,10.0,44.0,13.0,30.0,1243.0,58494365.0,1.0,,,,,,,
mình là người yêu cũ,khả hiệp,,zingmp3,37,2025-07-22,"vinahouse, v-pop, vietnamese lo-fi",2FkAmNeQP75saHAecg0vkr,1,4.0,,17.0,54.85,,,,,,,,,,,17.0,4.0,217000.0,9500000.0
canh bạc hôn nhân,lala trần,nguyễn hồng thuận,zingmp3,29,2025-10-28,"vinahouse, v-pop",79b1ZRb4jNckv5gTPYFJIL,1,5.0,,17.0,54.45,,,,,,,,,,,17.0,5.0,22000.0,570000.0
có đôi điều,shiki,,"apple, spotify",65,2024-06-27,"vietnamese hip hop, v-pop, vietnam indie",2Pwou3Q2Cf59RxdX2V6MgV,2,33.0,,23.0,53.91,10.0,33.0,13.0,42.0,318.0,21135853.0,9.0,,,,,,,
chằn tinh,lyhan,,"apple, zingmp3",32,2025-11-11,v-pop,5qQ5rZkL8iu3ZT8fEs6RLj,2,7.0,,3.0,53.78,1.0,91.0,,,,,,,,,2.0,7.0,1000.0,46000.0
tự dưng thành người lạ,quốc thiên,,zingmp3,26,2025-10-29,"v-pop, vietnamese bolero",0Mys71ZrkIYW1q0Hok3oJW,1,7.0,,17.0,53.65,,,,,,,,,,,17.0,7.0,20000.0,852000.0
nếu những tiếc nuối,vũ.,,"apple, spotify",59,2024-09-27,"v-pop, vietnam indie, vietnamese lo-fi",2dPJtlvoa3GDowCh035M8P,2,31.0,,21.0,53.65,10.0,31.0,11.0,78.0,204.0,7380459.0,34.0,,,,,,,
phim ba người,nguyễn vĩ,,zingmp3,47,2025-04-20,"vinahouse, v-pop",1ngbmFciEb4Kz19bPvPYby,1,9.0,,17.0,52.85,,,,,,,,,,,17.0,9.0,696000.0,38600000.0
xin lỗi vì đã xuất hiện,thanh hưng,,zingmp3,43,2025-10-19,"v-pop, vinahouse",1yeHV8EVa4BgrXy6bYQuT3,1,9.0,,17.0,52.85,,,,,,,,,,,17.0,9.0,11000.0,467000.0
linh cảm,phùng khánh linh,,"apple, zingmp3",55,2025-10-18,"v-pop, vietnam indie",2EnTkrLXgoGQ1S9atYZu2F,2,20.0,,11.0,52.79,10.0,20.0,,,,,,,,,1.0,69.0,1000.0,
thật không giống ai (from thà cô đơn),vicky nhung,,zingmp3,25,2025-11-05,"vinahouse, v-pop, vietnamese lo-fi",72iR6dKZlk5BMUhvOeE8Lp,1,1.0,,8.0,51.31,,,,,,,,,,,8.0,1.0,20000.0,68000.0
nỗi đau giữa hòa bình,hòa minzy,nguyễn văn chung,zingmp3,55,2025-08-22,"v-pop, vinahouse",0S1uRwIQF1AWR6gp4iXntl,1,13.0,,17.0,51.25,,,,,,,,,,,17.0,13.0,161000.0,6800000.0
nắng có mang em về,shartnuss,"tr.d, phankeo",spotify,68,2023-10-21,"v-pop, vietnam indie",6kCU6i8iRrAAmJJ8Sj4JYC,1,8.0,,13.0,51.14,,,13.0,8.0,638.0,27483861.0,4.0,,,,,,,
make up,anh trai say hi,"dillan hoàng phan, buitruonglinh, đỗ nam sơn, lohan, ryn lee, bảo thy","nct, zingmp3",48,2025-11-03,"v-pop, vietnamese hip hop",4jXsORpwH2lE52E0Md8u7y,2,36.0,,20.0,51.13,,,,,,,,4.0,36.0,6636.0,16.0,36.0,5000.0,191000.0
thằng điên,justatee,phương ly,"apple, spotify",63,2022-07-11,"v-pop, vietnamese hip hop, vietnam indie",27Z9T0mSWHYWSj9SNOGvyt,2,40.0,,23.0,51.11,10.0,58.0,13.0,40.0,1134.0,34821066.0,18.0,,,,,,,
ngày này năm ấy (metal rock),việt anh,,"nct, zingmp3",48,2025-10-19,"vinahouse, v-pop",3vCLYX5igpqSYXbFrbw9a9,2,27.0,,13.0,51.04,,,,,,,,10.0,27.0,10608.0,3.0,53.0,3000.0,116000.0
mo,vũ cát tường,,spotify,68,2016-01-01,"v-pop, vietnam indie",2a5hng9yXtbjtTVVm9UviC,1,9.0,,13.0,50.74,,,13.0,9.0,1144.0,38539082.0,4.0,,,,,,,
say một đời vì em,nguyên vũ,,zingmp3,32,2025-09-26,"v-pop, vinahouse",7BEPNEzZYMQp7I5XNrIMcY,1,15.0,,17.0,50.45,,,,,,,,,,,17.0,15.0,47000.0,1900000.0
phong sương tửu (ca si thiên đình),thiên đình,,zingmp3,29,2025-10-22,"vinahouse, v-pop",6QAFJqZCOZ6ctgdA1tyGZ8,1,15.0,,17.0,50.45,,,,,,,,,,,17.0,15.0,8000.0,500000.0
quá muộn,min,,apple,57,2025-10-22,"v-pop, vietnamese hip hop, vietnam indie, vinahouse",1rT8AzuWBXNbB6BFrGmxYV,1,6.0,,10.0,50.36,10.0,6.0,,,,,,,,,,,,
từng ngày yêu em,buitruonglinh,,spotify,67,2024-12-12,"v-pop, vietnamese lo-fi, vietnam indie, vinahouse",3Ids3RXurYBgySph53qWnB,1,10.0,,13.0,50.34,,,13.0,10.0,313.0,20900060.0,8.0,,,,,,,
bước qua mùa cô đơn,vũ.,,"apple, spotify",63,2022-09-09,"v-pop, vietnam indie, vietnamese lo-fi",6uxuJ8Fr1AAfSPJUF9N1yr,2,42.0,,23.0,50.31,10.0,61.0,13.0,42.0,1693.0,37364666.0,1.0,,,,,,,
hóa giải bằng nước mắt,cao thái sơn,lê chí trung,zingmp3,36,2024-10-25,"v-pop, vinahouse, vietnamese bolero",3OQiIsw7pY51x5OXtuD7qm,1,16.0,,17.0,50.05,,,,,,,,,,,17.0,16.0,275000.0,24600000.0
đưa em về nhàa,grey d,chillies,"apple, spotify",61,2023-04-24,"v-pop, vietnam indie, vietnamese hip hop",5LQpQ6SDeaz6SIkR0lvsoC,2,29.0,,12.0,49.72,10.0,29.0,2.0,99.0,932.0,36489800.0,3.0,,,,,,,
vừa lòng nhau chưa,thành đạt,"dickson, lê chí trung",zingmp3,21,2025-08-06,"vinahouse, v-pop",1f9ysIXLURcvP6eTnHsgXu,1,17.0,,17.0,49.65,,,,,,,,,,,17.0,17.0,35000.0,2700000.0
tâm sự với đêm một mình,phùng khánh linh,,"apple, zingmp3",54,2025-10-18,"v-pop, vietnam indie",5JkQq7lTADn7UR4AzAQsnz,2,28.0,,11.0,49.59,10.0,28.0,,,,,,,,,1.0,61.0,3000.0,261000.0
chế độ im lặng,min,,apple,56,2025-10-22,"v-pop, vietnamese hip hop, vietnam indie, vinahouse",44XA6tVReCIX8T1c3l9f75,1,8.0,,10.0,49.56,10.0,8.0,,,,,,,,,,,,
đớn đau vô cùng,datkaa,,zingmp3,16,2025-11-08,"v-pop, vinahouse, vietnamese lo-fi, vietnamese hip hop",6LdHGrdjMMGcaHFKfyOfQy,1,4.0,,6.0,49.06,,,,,,,,,,,6.0,4.0,18000.0,171000.0
nếu lúc đó,tlinh,2pillz,"apple, spotify",63,2023-08-16,"v-pop, vietnamese hip hop, vietnam indie, vinahouse",5ouxRyInSdRBQubu3KTd97,2,43.0,,21.0,48.85,10.0,43.0,11.0,61.0,988.0,59768369.0,1.0,,,,,,,
ám ảnh về anh,phùng khánh linh,,"apple, zingmp3",53,2025-10-18,"v-pop, vietnam indie",4mU4LOHUfY3Tv7V1F8pqsr,2,30.0,,11.0,48.79,10.0,35.0,,,,,,,,,1.0,30.0,2000.0,
hiện thực phũ phàng,phùng khánh linh,,apple,56,2025-10-18,"v-pop, vietnam indie",28X9PA12ANiyb1qExK6AEG,1,10.0,,10.0,48.76,10.0,10.0,,,,,,,,,,,,
hoa bất tử,thành đạt,,zingmp3,38,2025-04-18,"vinahouse, v-pop",3lotckWqqycAqYCGan0zZe,1,20.0,,17.0,48.45,,,,,,,,,,,17.0,20.0,241000.0,18100000.0
cạn dòng ướt mi,dee trần,,zingmp3,5,2025-11-01,"v-pop, vinahouse",3Jpf0TLSWmlDt4v9L3ck78,1,7.0,,7.0,48.38,,,,,,,,,,,7.0,7.0,1000.0,59000.0
phải viết bao nhiêu bản tình ca,min,,apple,55,2025-10-22,"v-pop, vietnamese hip hop, vietnam indie, vinahouse",5D7MGNckkAAGAiDqUDFclP,1,11.0,,10.0,48.36,10.0,11.0,,,,,,,,,,,,
có em là nhà,min,,apple,55,2025-10-22,"v-pop, vietnamese hip hop, vietnam indie, vinahouse",4ZIJScWMgbLgM0hhfY19Oy,1,11.0,,10.0,48.36,10.0,11.0,,,,,,,,,,,,
vạn vật như muốn ta bên nhau,rio,,spotify,67,2025-04-10,"v-pop, vietnam indie, vietnamese hip hop",5WkuMbkHX7yR7nnBKCn7tV,1,16.0,,13.0,47.94,,,13.0,16.0,217.0,15314179.0,4.0,,,,,,,
là ai có tội,lê gia bảo,t.a.p entertainment (producer t.a),zingmp3,0,2025-11-12,"vinahouse, v-pop, vietnamese lo-fi, vietnam indie",5As0A07tKPUb0Cj6EIMSJ8,1,1.0,,1.0,47.63,,,,,,,,,,,1.0,1.0,13000.0,
lạ lùng,vũ.,,"apple, spotify",64,2016-12-24,"v-pop, vietnam indie, vietnamese lo-fi",5Bti0azlFhMattVY76qFr9,2,49.0,,23.0,47.51,10.0,49.0,13.0,51.0,2751.0,40638877.0,12.0,,,,,,,
ếch ngoài đáy giếng,em xinh say hi,phương mỹ chi,zingmp3,53,2025-08-18,v-pop,3ZX71GsU4YKr4ZsAMty3i0,1,23.0,,17.0,47.25,,,,,,,,,,,17.0,23.0,80000.0,4300000.0
muốn cua anh làm bồ,dương ái vy,htm,zingmp3,41,2025-07-08,"vinahouse, v-pop, vietnamese hip hop",5dCbl3Jx20Yx65YN6bmXU0,1,23.0,,17.0,47.25,,,,,,,,,,,17.0,23.0,159000.0,7100000.0
ước anh tan nát con tim,phùng khánh linh,,apple,54,2025-10-18,"v-pop, vietnam indie",7dDbzI8ZchvQbrTHrpOUAA,1,14.0,,10.0,47.16,10.0,14.0,,,,,,,,,,,,
kết thúc và chia tay,nguyễn kiều oanh,,zingmp3,34,2025-10-21,v-pop,7wnIhOc840NgqG4xEbcWvu,1,14.0,,10.0,47.16,,,,,,,,,,,10.0,14.0,2000.0,117000.0
lý do nào để quay lại với nhau,par sg,new$oulz,spotify,66,2022-05-20,"vietnamese lo-fi, vietnamese hip hop, v-pop, vietnam indie",11OxuU5y7ebAJyKaY8dOl0,1,14.0,,10.0,47.16,,,10.0,14.0,398.0,11709797.0,8.0,,,,,,,
1000 ánh mắt,shiki,obito,"apple, spotify",64,2024-06-27,"vietnamese hip hop, v-pop, vietnam indie",5XfGQZA0ioQAWUjlyJRcHc,2,50.0,,23.0,47.11,10.0,61.0,13.0,50.0,504.0,24365585.0,8.0,,,,,,,
bạn đời,karik,gducky,"nct, spotify",58,2023-10-04,"v-pop, vietnamese hip hop, vietnam indie",0kHgteR4TV4LO80wrasDSR,2,45.0,,19.0,47.0,,,9.0,72.0,771.0,34395570.0,5.0,10.0,45.0,270516.0,,,,
mảnh tình sai đôi,thành đạt,,zingmp3,34,2025-10-08,"vinahouse, v-pop",2cY72eGi5dHcjRgKijHFFu,1,25.0,,17.0,46.45,,,,,,,,,,,17.0,25.0,14000.0,680000.0
nắng dưới chân mây,nguyễn hữu kha,,nct,54,2025-06-18,"vinahouse, v-pop",0rpypmIyrvM4ORUt8SYSdP,1,16.0,,10.0,46.36,,,,,,,,10.0,16.0,84975.0,,,,
loser,min,chillies,apple,54,2025-10-22,"v-pop, vietnamese hip hop, vietnam indie, vinahouse",30iU0Hny521RxJVtDq2LH9,1,16.0,,10.0,46.36,10.0,16.0,,,,,,,,,,,,
lưới tình,j.ade,,zingmp3,28,2025-10-30,"v-pop, vietnam indie",2Fxyo0hUNokG0pIGFlTWII,1,14.0,,8.0,46.11,,,,,,,,,,,8.0,14.0,66000.0,93000.0
trái tim không có tội,châu khải phong,,zingmp3,27,2025-09-10,"vinahouse, v-pop, vietnamese lo-fi, vietnamese bolero",6aET4QkbSqgaJsK1A7Nwnj,1,26.0,,17.0,46.05,,,,,,,,,,,17.0,26.0,31000.0,1800000.0
lệ ngang trời,hồ nhi,a tuân,zingmp3,28,2025-06-27,none,0efBHrS8V1AcHTDRynEG5g,1,26.0,,17.0,46.05,,,,,,,,,,,17.0,26.0,125000.0,4500000.0
sau cơn suy,rhyder,,"nct, zingmp3",62,2025-09-18,"v-pop, vietnamese hip hop",3VFb1YDFdoS6vRYW9n0egd,2,41.0,,14.0,45.97,,,,,,,,8.0,41.0,25784.0,6.0,81.0,15000.0,1100000.0
anh đã quen với cô đơn,soobin,,"apple, spotify",61,2017-03-14,"v-pop, vietnamese hip hop, vietnam indie, vinahouse",39KWnPNEvbXt423CzjvBfA,2,43.0,,15.0,45.69,10.0,43.0,5.0,47.0,378.0,9158471.0,47.0,,,,,,,
kho báu (rock ver.),(s)trong,,zingmp3,30,2025-11-06,"v-pop, vietnam indie",55ZbetqAcpX94GDFvtuN1G,1,6.0,,1.0,45.63,,,,,,,,,,,1.0,6.0,24000.0,
vì anh đâu có biết,madihu,vũ.,spotify,64,2022-08-04,"v-pop, vietnam indie, vietnamese hip hop",6VXVYATpQXEIoZ97NnWCmn,1,22.0,,13.0,45.54,,,13.0,22.0,1198.0,57708504.0,2.0,,,,,,,
nói dối,ronboogz,,spotify,66,2022-12-12,"v-pop, vietnamese hip hop, vietnam indie",3ET3xHCLMGd57u06A9RjJ0,1,22.0,,13.0,45.54,,,13.0,22.0,739.0,28670789.0,3.0,,,,,,,
nolovenolife,hieuthuhai,,"apple, spotify",61,2023-10-16,"v-pop, vietnamese hip hop, vietnamese lo-fi, vietnam indie, vinahouse",6D94p9ASguBcYlDC0o56vx,2,40.0,,12.0,45.32,10.0,40.0,2.0,87.0,758.0,33315369.0,22.0,,,,,,,
sự ưu tiên của em,lê gia bảo,,zingmp3,41,2025-03-27,"vinahouse, v-pop, vietnamese lo-fi, vietnam indie",4lMkHeFnrucJ1vRhWaPKlD,1,28.0,,17.0,45.25,,,,,,,,,,,17.0,28.0,237000.0,15900000.0
ánh trăng giả dối,quốc thiên,,zingmp3,6,2025-11-11,"v-pop, vietnamese bolero",25A2AvNV4rLDTMfRYpPYMq,1,7.0,,1.0,45.23,,,,,,,,,,,1.0,7.0,30000.0,
vòng xoay của ba chúng ta,thành đạt,,zingmp3,19,2025-09-26,"vinahouse, v-pop",2L8K5OZzBQf5Oxx7iHIiZG,1,15.0,,7.0,45.18,,,,,,,,,,,7.0,15.0,2000.0,243000.0
cưới chính,nal,ct,zingmp3,41,2025-09-30,"vinahouse, vietnamese bolero, bolero, v-pop",5MKyEfqhXnasPDIwmD0Dgi,1,29.0,,17.0,44.85,,,,,,,,,,,17.0,29.0,39000.0,1100000.0
Cảm Ơn,Will,Minh Tốc & Lam,zingmp3,0,2025-11-14,"v-pop, vietnam indie, vietnamese lo-fi",0djfbUERjJZby22gTdDhxL,1,8.0,,1.0,44.83,,,,,,,,,,,1.0,8.0,19000.0,
chuyện đôi ta,emcee l,muộii (starry night),"apple, spotify",67,2021-12-01,"v-pop, vietnamese lo-fi, vietnam indie, vietnamese hip hop",4CUvVaAYuXtvYURLFz7EIL,1,15.0,,6.0,44.66,,,6.0,15.0,1443.0,68943730.0,2.0,,,,,,,
e là không thể,anh quân,,"nct, spotify",61,2024-11-29,"vinahouse, vietnamese lo-fi, v-pop",0mcveJtBYTbLJa5dHvtxJJ,1,21.0,,10.0,44.36,,,,,,,,10.0,21.0,186545.0,,,,
anh nhớ ra,vũ.,trang,apple,59,2022-09-09,"v-pop, vietnam indie, vietnamese lo-fi",7eDrdQ7PK9Xm1CZCKWsgmH,1,21.0,,10.0,44.36,10.0,21.0,,,,,,,,,,,,
nếu ngày ấy,soobin,,spotify,63,2019-07-22,"v-pop, vietnamese hip hop, vietnam indie, vinahouse",4BdB08vuS9r4HOoY7GkAxT,1,25.0,,13.0,44.34,,,13.0,25.0,322.0,10315689.0,25.0,,,,,,,
polite,sonaone,tlinh,zingmp3,48,2025-11-04,"malay rap, malay, malay pop, malaysian pop",3EfychxMku3sRuso0jkGis,1,18.0,,7.0,43.98,,,,,,,,,,,7.0,18.0,,
"(từng là) boyfriend, girlfriend",min,,apple,51,2025-10-22,"v-pop, vietnamese hip hop, vietnam indie, vinahouse",7B2UpgEZe68OdfKzBb8JZq,1,22.0,,10.0,43.96,10.0,22.0,,,,,,,,,,,,
có em,madihu,low g,spotify,65,2022-04-22,"v-pop, vietnam indie, vietnamese hip hop",6Hs2xIgB8nzyGFDvVA8lFa,1,26.0,,13.0,43.94,,,13.0,26.0,1288.0,42625399.0,2.0,,,,,,,
chúng ta của hiện tại,sơn tùng m-tp,,"apple, spotify",63,2020-12-20,"v-pop, vinahouse, vietnamese hip hop",1J3SmWwlYAG68LGKr86MVH,2,52.0,,17.0,43.15,5.0,94.0,12.0,52.0,1790.0,58481631.0,1.0,,,,,,,
sinh ra đã là thứ đối lập nhau,emcee l,"da lab, badbies",spotify,65,2020-12-29,"v-pop, vietnamese lo-fi, vietnam indie, vietnamese hip hop",5BTzf3doGTigDIYUFtbkI9,1,28.0,,13.0,43.14,,,13.0,28.0,1519.0,52672401.0,16.0,,,,,,,
love is,dangrangto,,spotify,64,2023-06-27,"vietnamese hip hop, v-pop",226ljdOTLM2clGpm4mZvAm,1,29.0,,13.0,42.74,,,13.0,29.0,384.0,24015437.0,7.0,,,,,,,
một bài hát không vui mấy - extended version,t.r.i,"dangrangto, donal",spotify,65,2024-12-24,"v-pop, vietnamese lo-fi, vietnam indie, vietnamese hip hop",36fgG6NiEuQXznNgf5y2Ck,1,29.0,,13.0,42.74,,,13.0,29.0,313.0,16446746.0,17.0,,,,,,,
đừng đóng vai nạn nhân,wendy thảo,v2t media,zingmp3,31,2025-10-03,"v-pop, vinahouse",4zUu2z3zh1Swd5kKbjm9DG,1,36.0,,17.0,42.05,,,,,,,,,,,17.0,36.0,21000.0,700000.0
dự báo thời tiết hôm nay mưa,grey d,,"apple, spotify",62,2022-11-22,"v-pop, vietnam indie, vietnamese hip hop",65cM1nyMf9pFDZVV8xmPX9,2,55.0,,17.0,41.95,5.0,65.0,12.0,55.0,1087.0,35750067.0,5.0,,,,,,,
đại dương,pháp kiều,,zingmp3,0,2025-11-12,"v-pop, vietnamese hip hop",5osp8hYqK6oEjpzbChA54e,1,17.0,,2.0,41.75,,,,,,,,,,,2.0,17.0,60000.0,
chẳng thể cảm hóa,lương quý tuấn,an clock,zingmp3,43,2025-05-14,"vinahouse, v-pop",7GeFFX8J17502ne4TRDVSi,1,37.0,,17.0,41.65,,,,,,,,,,,17.0,37.0,158000.0,5900000.0
rơi tự do,em xinh say hi,lyhan,zingmp3,58,2025-08-18,v-pop,2xxneabRzrlVgHRv0HtHxl,1,39.0,,18.0,41.37,,,,,,,,,,,18.0,39.0,30000.0,2300000.0
mảnh tình sai đôi,quang hà,,zingmp3,36,2025-08-18,"vinahouse, v-pop, vietnamese bolero",4CbfBM3cqdXilXNSat7mnP,1,38.0,,17.0,41.25,,,,,,,,,,,17.0,38.0,26000.0,1600000.0
nhắn nhủ,ronboogz,,spotify,64,2023-12-12,"v-pop, vietnamese hip hop, vietnam indie",2uZmeuNAxSm7XfVIwLkhCx,1,33.0,,13.0,41.14,,,13.0,33.0,700.0,36988339.0,9.0,,,,,,,
chịu cách mình nói thua,rhyder,"coolkid, ban",spotify,64,2023-11-22,"v-pop, vietnamese hip hop",3ZbZtdEw9U0uZW4tZItIwq,1,33.0,,13.0,41.14,,,13.0,33.0,723.0,51359776.0,4.0,,,,,,,
anh thua người ta nhiều lắm,nb3 hoài bảo,ct,zingmp3,28,2025-08-17,"vinahouse, vietnamese lo-fi, v-pop, lo-fi",38I9WxdCEH2nlKAHsAayyI,1,40.0,,17.0,40.45,,,,,,,,,,,17.0,40.0,41000.0,1700000.0
dù cho tận thế,erik,,nct,60,2025-02-06,"v-pop, vinahouse, vietnam indie",0oSc7X1uRQGuEqNRtXEeQL,1,31.0,,10.0,40.36,,,,,,,,10.0,31.0,243205.0,,,,
tràn bộ nhớ,dương domic,,spotify,64,2024-11-22,"v-pop, vietnamese hip hop",0669gFIK8dYK9GGQ0K0QNF,1,35.0,,13.0,40.34,,,13.0,35.0,356.0,23096835.0,5.0,,,,,,,
độc nhất vô nhị,anh trai say hi,"karik, vũ cát tường, gill, tez","nct, zingmp3",57,2025-09-22,"v-pop, vietnamese hip hop",3nglEHRDn1MEy3vmMNfLl5,2,49.0,,9.0,40.14,,,,,,,,1.0,49.0,25775.0,8.0,83.0,16000.0,905000.0
có mình và ta,nguyễn vĩ,,zingmp3,40,2025-09-16,"vinahouse, vietnamese lo-fi, v-pop",00aePbGy0OSKVotPHGQlT2,1,41.0,,17.0,40.05,,,,,,,,,,,17.0,41.0,25000.0,981000.0
bắt con bướm vàng,danhka,,zingmp3,37,2025-08-05,"vinahouse, v-pop",1UlLetlR4rH6zU3azbU55V,1,42.0,,17.0,39.65,,,,,,,,,,,17.0,42.0,37000.0,1800000.0
anh vui,phạm kỳ,,nct,57,2023-03-10,"vinahouse, v-pop, vietnamese lo-fi",7asicziv1NB49eEA1ZPp2O,1,33.0,,10.0,39.56,,,,,,,,10.0,33.0,91882.0,,,,
điều em khó nói,min,,apple,53,2025-10-22,"v-pop, vietnamese hip hop, vietnam indie, vinahouse",1i8XBFqEFIGbzLXvqu9c3b,1,33.0,,10.0,39.56,10.0,33.0,,,,,,,,,,,,
sau cơn mưa,coolkid,rhyder,spotify,64,2023-07-28,"v-pop, vietnamese hip hop",4fj4Jn4nw8fGX8xdbCntJf,1,36.0,,12.0,39.42,,,12.0,36.0,803.0,51236484.0,7.0,,,,,,,
pin dự phòng,dương domic,lou hoàng,"apple, spotify",57,2024-11-22,"v-pop, vietnamese hip hop",29Tj2R8sZZ3fzlXZVe1OyY,2,47.0,,6.0,39.36,4.0,47.0,2.0,52.0,135.0,5738611.0,34.0,,,,,,,
hãy trao cho anh,sơn tùng m-tp,snoop dogg,nct,55,2019-07-02,"v-pop, vinahouse, vietnamese hip hop",5x5Vx0Musv3LSUKzjY73mA,1,34.0,,10.0,39.16,,,,,,,,10.0,34.0,927550.0,,,,
kịch bản,táo,hoàng yến chibi,spotify,58,2025-10-23,"vietnamese hip hop, vietnamese lo-fi, vietnam indie, v-pop",0gxXkhbz8x0P0GNN2Pc3lm,1,38.0,,13.0,39.14,,,13.0,38.0,19.0,795159.0,38.0,,,,,,,
đừng bất công với em mà,inso,viam,zingmp3,28,2025-07-11,"vinahouse, v-pop",0J3MfbyMKPSkhnxdU63XAJ,1,44.0,,17.0,38.85,,,,,,,,,,,17.0,44.0,36000.0,2400000.0
bầu trời mới,da lab,minh tốc & lam,spotify,63,2024-10-05,"v-pop, vietnamese hip hop, vietnam indie, vietnamese lo-fi, vinahouse",7fCeYpR02Q8JVuD88hJZVT,1,39.0,,13.0,38.74,,,13.0,39.0,407.0,28951859.0,6.0,,,,,,,
2am,justatee,bigdaddy,spotify,64,2022-05-10,"v-pop, vietnamese hip hop",3DLtPObflLQBodZN8qGODT,1,39.0,,13.0,38.74,,,13.0,39.0,1280.0,35728757.0,14.0,,,,,,,
thức giấc,da lab,,spotify,64,2021-07-14,"v-pop, vietnamese hip hop, vietnam indie, vietnamese lo-fi, vinahouse",1MiJk3dXC5jzhvLFP0dUM7,1,39.0,,13.0,38.74,,,13.0,39.0,1584.0,44329442.0,1.0,,,,,,,
id 072019,w/n,,spotify,64,2023-07-31,"v-pop, vietnamese lo-fi, vietnamese hip hop, vietnam indie",1o6cYDMHvKOfizi4d9Lqxr,1,39.0,,13.0,38.74,,,13.0,39.0,836.0,45371167.0,3.0,,,,,,,
tâm trí lang thang,ánh sáng aza,negav,spotify,64,2025-05-15,v-pop,3W77mLoXjQEkNjxvYRifjG,1,40.0,,13.0,38.34,,,13.0,40.0,163.0,7846779.0,7.0,,,,,,,
nhiều hơn,low g,,"apple, spotify",59,2025-10-21,"vietnamese hip hop, v-pop, vietnam indie",3PvxUf6vng5MtK1xDtbmFh,2,59.0,,12.0,37.72,6.0,59.0,6.0,73.0,18.0,655055.0,53.0,,,,,,,
điều em không muốn,phùng khánh linh,,apple,53,2025-10-18,"v-pop, vietnam indie",1hhHm16FmHwdob8X95frcB,1,38.0,,10.0,37.56,10.0,38.0,,,,,,,,,,,,
đừng yêu một người như,du uyên,,zingmp3,10,2025-10-29,"v-pop, vinahouse, vietnamese hip hop",6vH7sYEbvUcHwwJKQvW2xH,1,31.0,,4.0,37.21,,,,,,,,,,,4.0,31.0,3000.0,206000.0
khóa ly biệt,the masked singer,voi bản đôn,nct,51,2023-11-05,v-pop,3BlB5wlzdbgCJGkuPcNVIW,1,39.0,,10.0,37.16,,,,,,,,10.0,39.0,346950.0,,,,
10 ngàn năm,pc,,spotify,64,2019-12-21,"vietnamese hip hop, vietnamese lo-fi, v-pop, vietnam indie",2pm7K14nHj2fLrpU8j9bit,1,43.0,,13.0,37.14,,,13.0,43.0,1248.0,33111732.0,25.0,,,,,,,
nụ hôn đầu,đậu tất đạt,,zingmp3,11,2025-10-30,"v-pop, vietnamese hip hop, vietnam indie",2cZEbXZ7i1HVn2FvXrqInO,1,31.0,,3.0,36.68,,,,,,,,,,,3.0,31.0,5000.0,
3 bích,pháp kiều,tlinh,nct,59,2025-10-15,"v-pop, vietnamese hip hop",3yrQAZrdlrMVtI4DN9FTIc,1,35.0,,6.0,36.66,,,,,,,,6.0,35.0,9694.0,,,,
đánh đổi,obito,"shiki, rpt mck","apple, spotify",62,2023-10-10,"v-pop, vietnamese hip hop, vietnam indie",1UQNU5O9VttUgO16pxUnjw,2,64.0,,13.0,36.24,10.0,64.0,3.0,69.0,489.0,17580986.0,46.0,,,,,,,
thương,bích phương,,zingmp3,52,2025-10-23,"v-pop, vietnamese hip hop, vinahouse, vietnam indie",64R6c49ljNaTEl7sGZxQ00,1,48.0,,14.0,35.67,,,,,,,,,,,14.0,48.0,4000.0,372000.0
cơ hội cuối,an vũ,,zingmp3,52,2025-04-25,"v-pop, vinahouse, vietnamese lo-fi",2UntIOBeaSlLJrZbc3bdmD,1,52.0,,17.0,35.65,,,,,,,,,,,17.0,52.0,189000.0,11600000.0
hoa đỗ quyên,khả hiệp,,zingmp3,13,2025-09-22,"vinahouse, v-pop, vietnamese lo-fi",683tqruHrjbdocY4cJtCW5,1,38.0,,6.0,35.46,,,,,,,,,,,6.0,38.0,2000.0,106000.0
chim hót bên trong lâu đài,lyhan,,zingmp3,29,2025-11-11,v-pop,3Js7L0R4Kx9zcx8GTaEira,1,32.0,,1.0,35.23,,,,,,,,,,,1.0,32.0,4000.0,
thanh xuân,da lab,,apple,61,2018-08-24,"v-pop, vietnamese hip hop, vietnam indie, vietnamese lo-fi, vinahouse",3b34161QoxLwsqhWSPy9i5,1,44.0,,10.0,35.16,10.0,44.0,,,,,,,,,,,,
anh thua anh ta,gia huy singer,,zingmp3,20,2025-11-06,"vinahouse, v-pop",2JLbmO8Hs5LHJRUMxQefwM,1,41.0,,7.0,34.78,,,,,,,,,,,7.0,41.0,6000.0,148000.0
không yêu em thì yêu ai?,vũ.,low g,spotify,64,2024-09-27,"v-pop, vietnam indie, vietnamese lo-fi",0e6fZkLArSmDIHnZcIua7t,1,49.0,,13.0,34.74,,,13.0,49.0,413.0,21901550.0,14.0,,,,,,,
lo người ướt áo,nguyễn thạc bảo ngọc,,zingmp3,0,2025-11-11,"vinahouse, v-pop",5XnkbEgL1vKoor7Us9YLTr,1,53.0,,16.0,34.72,,,,,,,,,,,16.0,53.0,5000.0,234000.0
mê cung 79 (metal rock),phương thanh,,zingmp3,7,2025-10-17,"v-pop, vietnamese bolero",3LV8EqCzpObmq8eI7nMZ4D,1,35.0,,2.0,34.55,,,,,,,,,,,2.0,35.0,1000.0,
kẻ say tình,quốc thiên,,zingmp3,40,2025-07-30,"v-pop, vietnamese bolero",6a5IEsMgdzImE9cYLAQ900,1,55.0,,17.0,34.45,,,,,,,,,,,17.0,55.0,23000.0,2600000.0
thấu tình,trung hiếu,,zingmp3,24,2025-10-04,none,1b91Vu4yC75Gs0m8AooXCo,1,56.0,,17.0,34.05,,,,,,,,,,,17.0,56.0,12000.0,456000.0
bóng tối yêu đời,lyhan,,zingmp3,27,2025-11-11,v-pop,3b95RXhPw2BBufUMhTzPPw,1,35.0,,1.0,34.03,,,,,,,,,,,1.0,35.0,10000.0,
sau ngần ấy năm,hà nhi,,zingmp3,50,2025-05-21,"v-pop, vinahouse, vietnam indie, vietnamese lo-fi",2k6iN3YG0R1uIWIhY4GsH9,1,57.0,,17.0,33.65,,,,,,,,,,,17.0,57.0,77000.0,6800000.0
hoa,chung thanh duy,,zingmp3,32,2025-06-26,"vinahouse, v-pop, vietnamese hip hop, vietnamese lo-fi",5Dn0JXPDrBrYW3CXEaAnRl,1,57.0,,17.0,33.65,,,,,,,,,,,17.0,57.0,47000.0,3300000.0
đại khải hoàn,the flob,chin,zingmp3,39,2025-11-06,"vietnam indie, v-pop",2Yp2PMt1fepfBELHIPzvaA,1,36.0,,1.0,33.63,,,,,,,,,,,1.0,36.0,8000.0,
vật đổi sao dời,lyhan,,zingmp3,27,2025-11-11,v-pop,1Uxzka7zY7lHrWqiXtMPQN,1,38.0,,1.0,32.83,,,,,,,,,,,1.0,38.0,3000.0,
duyên nợ còn đâu,phạm vũ luân,,zingmp3,1,2025-10-30,none,00oXuoc8EYyZpg0FYJHqE3,1,44.0,,5.0,32.53,,,,,,,,,,,5.0,44.0,4000.0,102000.0
đường tôi chở em về,buitruonglinh,,spotify,63,2020-07-03,"v-pop, vietnamese lo-fi, vietnam indie, vinahouse",27F22WcGDyl4Z2KylVJkXL,1,52.0,,11.0,32.49,,,11.0,52.0,1099.0,19010832.0,13.0,,,,,,,
chẳng nợ ai ngoài em,lê gia bảo,,zingmp3,36,2025-09-23,"vinahouse, v-pop, vietnamese lo-fi, vietnam indie",0kjkrg5N3Hf0mPcF5tqOyK,1,60.0,,17.0,32.45,,,,,,,,,,,17.0,60.0,17000.0,895000.0
anh lại say rồi,phan duy anh,t.a.p entertainment (producer t.a),zingmp3,23,2025-09-20,"vinahouse, v-pop, vietnamese bolero",2xO02FYqG0OKm53WwEU4FL,1,60.0,,17.0,32.45,,,,,,,,,,,17.0,60.0,12000.0,863000.0
hãy nói anh sai rồi,phùng khánh linh,,apple,53,2025-10-18,"v-pop, vietnam indie",1mZCfyJVxvkqkKd3xlOk2H,1,50.0,,9.0,32.24,9.0,50.0,,,,,,,,,,,,
giữ anh cho ngày hôm qua,hoàng dũng,"rhymastic, lelarec","apple, zingmp3",61,2025-07-09,"v-pop, vietnam indie, vietnamese lo-fi, vietnamese hip hop",5wYQC7AuxV8ROALWcbVNxc,2,72.0,,11.0,31.99,10.0,72.0,,,,,,,,,1.0,90.0,13000.0,1400000.0
ghé qua,pc,"dick, tofutns",spotify,62,2018-03-17,"vietnamese hip hop, vietnamese lo-fi, v-pop, vietnam indie",6Q2oEdOhRjZ1DTv2a7j0lN,1,54.0,,11.0,31.69,,,11.0,54.0,458.0,13862162.0,44.0,,,,,,,
trạm dừng chân,jack - j97,,zingmp3,52,2025-06-05,"v-pop, vinahouse",2LFIRb0QGk7fylgT70idKy,1,62.0,,17.0,31.65,,,,,,,,,,,17.0,62.0,107000.0,6900000.0
lễ đường,kai đinh,,"spotify, zingmp3",62,2025-03-09,"v-pop, vietnamese lo-fi, vietnam indie",3y66li7DIrH7HLKIZzxR5H,2,79.0,,15.0,31.29,,,11.0,79.0,246.0,15139606.0,3.0,,,,4.0,97.0,149000.0,10300000.0
vet mua,vũ cát tường,,spotify,63,2014-01-01,"v-pop, vietnam indie",5cn5oHiXJTLiuthgbgfkMh,1,58.0,,13.0,31.14,,,13.0,58.0,553.0,14167099.0,37.0,,,,,,,
mộng tình si,đan trường,"hòa minzy, lê thành trung",zingmp3,0,2025-11-08,none,2XRX3BGuwrIQd5vJR4U2KJ,1,43.0,,1.0,30.83,,,,,,,,,,,1.0,43.0,1000.0,29000.0
từng quen,wren evans,itsnk,apple,56,2023-12-17,"v-pop, vietnam indie, vietnamese hip hop, vinahouse",4qYfRfSxsmhJ1WMaywtLyI,1,55.0,,10.0,30.76,10.0,55.0,,,,,,,,,,,,
yêu 5,rhymastic,,apple,60,2017-01-01,"v-pop, vietnamese hip hop, vietnam indie, vinahouse",5U30iZBlmxkpHqzb1OSnBS,1,55.0,,10.0,30.76,10.0,55.0,,,,,,,,,,,,
hẹn gặp em dưới ánh trăng,manbo,"hieuthuhai, hurrykng",spotify,63,2020-09-25,"vietnamese hip hop, v-pop, vietnam indie",0s7RyyUlQfd8mnnboHe18n,1,59.0,,13.0,30.74,,,13.0,59.0,630.0,29605275.0,15.0,,,,,,,
anh muốn nhìn thấy em,the wind,dangrangto,spotify,61,2023-07-27,"vietnamese hip hop, v-pop",5VGOYjxkEaf19LoRPIolD2,1,51.0,,6.0,30.26,,,6.0,51.0,333.0,10573813.0,51.0,,,,,,,
cục vàng của anh,nana liu,,zingmp3,29,2025-08-07,v-pop,3nYfepu0HuPI6sidP45wo3,1,66.0,,17.0,30.05,,,,,,,,,,,17.0,66.0,30000.0,1400000.0
đã lỡ yêu em nhiều,justatee,,spotify,62,2022-07-11,"v-pop, vietnamese hip hop, vietnam indie",3J3nv18iIrOhca1ZWNeuyW,1,59.0,,11.0,29.69,,,11.0,59.0,957.0,15997590.0,59.0,,,,,,,
nàng thơ,hoàng dũng,,apple,56,2020-12-16,"v-pop, vietnam indie, vietnamese lo-fi, vietnamese hip hop",1w3eUC89GPspKpi62tPwjt,1,58.0,,10.0,29.56,10.0,58.0,,,,,,,,,,,,
chăm hoa,mono,,apple,61,2024-10-22,"v-pop, vietnamese hip hop, vinahouse",40pWxpbXoBYGPCiofujjZ6,1,58.0,,10.0,29.56,10.0,58.0,,,,,,,,,,,,
vũ trụ song song,lyhan,,zingmp3,27,2025-11-11,v-pop,5xhufZL7XF5TUlXCC8yFch,1,47.0,,1.0,29.23,,,,,,,,,,,1.0,47.0,3000.0,
xin đừng lặng im,soobin,,spotify,62,2025-02-13,"v-pop, vietnamese hip hop, vietnam indie, vinahouse",4CVxKSRLUxqUuj2z9vn4fS,1,64.0,,13.0,28.74,,,13.0,64.0,171.0,6137853.0,33.0,,,,,,,
đoạn kết mới,hoàng dũng,,apple,55,2022-08-24,"v-pop, vietnam indie, vietnamese lo-fi, vietnamese hip hop",72YmbRPOa2DZKe4HzdFG9B,1,62.0,,10.0,27.96,10.0,62.0,,,,,,,,,,,,
nếu biết đó là lần cuối,đức trường,bmz,spotify,60,2022-08-19,v-pop,2w7jOvl0kpplNxisgfnCdT,1,67.0,,12.0,27.02,,,12.0,67.0,85.0,2406583.0,67.0,,,,,,,
grief is the price you pay for love,phùng khánh linh,,apple,52,2025-10-18,"v-pop, vietnam indie",0No0rqyK0KIsesiwrnnhaf,1,58.0,,5.0,26.93,5.0,58.0,,,,,,,,,,,,
tình yêu chậm trễ,monstar,,spotify,62,2021-08-01,"v-pop, vietnam indie",6jcLKVmEKAQIXIVHJZ8vzS,1,66.0,,11.0,26.89,,,11.0,66.0,1051.0,29343014.0,39.0,,,,,,,
Người Tốt Nhất Cho Em,14 Casper,Bon Nghiêm,zingmp3,0,2025-11-13,"v-pop, vietnamese lo-fi, vietnam indie",6ksgcnzN9lnSK3LJYIvoov,1,53.0,,1.0,26.83,,,,,,,,,,,1.0,53.0,22000.0,
hư không,kha,,spotify,61,2023-12-14,"v-pop, vietnamese lo-fi, vietnam indie, vietnamese hip hop",3A9A7mfVDVm3rrS9SMGhg5,1,66.0,,10.0,26.36,,,10.0,66.0,672.0,26282538.0,18.0,,,,,,,
fragile (intro),min,,apple,49,2025-10-22,"v-pop, vietnamese hip hop, vietnam indie, vinahouse",4pqM9QR5Lhqff8od49nFjr,1,57.0,,3.0,26.28,3.0,57.0,,,,,,,,,,,,
khóc blóck,phùng khánh linh,,apple,51,2025-10-18,"v-pop, vietnam indie",7D7Atev6IsLXMvO7Z5MnL0,1,65.0,,9.0,26.24,9.0,65.0,,,,,,,,,,,,
ước anh nhiều nỗi buồn,charmy pham,,apple,23,2025-11-11,"v-pop, vinahouse",6zyZJEl43HJwmalzO1Lj1J,1,56.0,,2.0,26.15,2.0,56.0,,,,,,,,,,,,
hai thế giới,hoàng thống,trang hàn,zingmp3,18,2025-10-16,"vietnam indie, v-pop",0fXxzf54BMzKQjFSYIpSH5,1,58.0,,3.0,25.88,,,,,,,,,,,3.0,58.0,5000.0,
ngày bình thường quên người mình thương,phát huy t4,,zingmp3,35,2025-09-11,"vinahouse, v-pop, vietnamese lo-fi",5g7XMUEmsbomaF9iSfZX4s,1,77.0,,17.0,25.65,,,,,,,,,,,17.0,77.0,11000.0,813000.0
em nhắc anh,nana liu,htm,zingmp3,28,2025-09-15,v-pop,0w56wxs7eDLdzoM8Svatxl,1,78.0,,17.0,25.25,,,,,,,,,,,17.0,78.0,17000.0,684000.0
tưởng rằng sau cơn mưa,lê gia bảo,bmz,zingmp3,25,2025-06-25,"vinahouse, v-pop, vietnamese lo-fi, vietnam indie",303ASjpwoiTxGr35416OmR,1,75.0,,14.0,24.87,,,,,,,,,,,14.0,75.0,18000.0,1900000.0
thiêu thân,anh trai say hi,"khoi vu, b ray, ryn lee, phạm đình thái ngân, bùi duy ngọc",zingmp3,57,2025-09-29,"v-pop, vietnamese hip hop",5o5ITFH6KuV6OrdTJqZ80A,1,76.0,,14.0,24.47,,,,,,,,,,,14.0,76.0,12000.0,756000.0
ngã về không,đặng thiên chí,,zingmp3,30,2025-05-09,"vinahouse, vietnamese lo-fi",4OZpPHVEIIHFhVOu2DBGJd,1,77.0,,14.0,24.07,,,,,,,,,,,14.0,77.0,90000.0,5700000.0
ilysmbihtlyg (interlude),min,,apple,49,2025-10-22,"v-pop, vietnamese hip hop, vietnam indie, vinahouse",3To9alnOgQ0abb9odA1C74,1,64.0,,3.0,23.48,3.0,64.0,,,,,,,,,,,,
moiem,dangrangto,donal,spotify,62,2024-11-06,"vietnamese hip hop, v-pop",265hQASPY3HFmUH38zZrSK,1,72.0,,9.0,23.44,,,9.0,72.0,371.0,15220899.0,22.0,,,,,,,
sài gòn hôm nay mưa,jsol,hoàng duyên,spotify,62,2021-05-29,"v-pop, vietnamese hip hop, vietnamese lo-fi",1xoadYaxtOp9gHDwgmPDuz,1,77.0,,12.0,23.02,,,12.0,77.0,1629.0,47044840.0,2.0,,,,,,,
nhiều chuyện,the flob,,zingmp3,38,2025-10-24,"vietnam indie, v-pop",2Dz03B4vbLiViXJvHOFrm9,1,63.0,,1.0,22.83,,,,,,,,,,,1.0,63.0,16000.0,
ướt lòng,văn mai hương,,zingmp3,46,2025-07-29,"v-pop, vietnamese hip hop, vinahouse, vietnam indie",6EkzQNe7SEAuFZbeo4Gf1S,1,83.0,,16.0,22.72,,,,,,,,,,,16.0,83.0,23000.0,2300000.0
đợi,52hz,"wean, rio",spotify,62,2024-01-31,"v-pop, vietnam indie, vietnamese hip hop",33S16Xa5cZmLPhn6eZI4Nm,1,70.0,,6.0,22.66,,,6.0,70.0,477.0,15456357.0,40.0,,,,,,,
kệ nhắm mắt yêu luôn,hana cẩm tiên,tuệ ny,zingmp3,32,2025-08-05,"vinahouse, v-pop, vietnamese bolero, vietnamese lo-fi",1tteKpc4fNBOmx9kjORyeH,1,82.0,,15.0,22.59,,,,,,,,,,,15.0,82.0,35000.0,1300000.0
24h,lyly,magazine,spotify,59,2020-10-28,"v-pop, vietnamese hip hop, vietnam indie",4inMQ83GNpQ2OHDredH5hW,1,65.0,,2.0,22.55,,,2.0,65.0,90.0,2361343.0,65.0,,,,,,,
feel at home,b ray,,apple,61,2025-07-08,"vietnamese hip hop, v-pop, vinahouse, vietnam indie",7uulTURh3qtUEUnMNtgcA6,1,76.0,,10.0,22.36,10.0,76.0,,,,,,,,,,,,
hải trình tan vỡ,trungg i.u,phạm anh duy,zingmp3,50,2025-09-15,"v-pop, vinahouse, vietnam indie",5teXF6aAKNuZSSpaP7Bjbo,1,81.0,,13.0,21.94,,,,,,,,,,,13.0,81.0,8000.0,756000.0
yêu thật lòng đâu dễ quên,the men,,zingmp3,32,2025-08-19,"v-pop, vinahouse, vietnamese bolero",3vbTwb2UUQivQtu1rAq1zu,1,84.0,,15.0,21.79,,,,,,,,,,,15.0,84.0,10000.0,1300000.0
thích quá rùi nà,tlinh,trung trần,spotify,62,2023-07-14,"v-pop, vietnamese hip hop, vietnam indie, vinahouse",4qJSUFwZFouto5VZUlln75,1,71.0,,5.0,21.73,,,5.0,71.0,1882.0,40104582.0,30.0,,,,,,,
simp gái 808,low g,,spotify,61,2023-10-18,"vietnamese hip hop, v-pop, vietnam indie",2ppLwHSMgDGEQ5c8o6nAX2,1,69.0,,3.0,21.48,,,3.0,69.0,752.0,35241506.0,7.0,,,,,,,
the playah (special performance),soobin,,apple,51,2021-05-14,"v-pop, vietnamese hip hop, vietnam indie, vinahouse",63qZf6349d3ngku9hrzLac,1,77.0,,9.0,21.44,9.0,77.0,,,,,,,,,,,,
nỗi nhớ không tên,will,myra trần,zingmp3,35,2025-10-15,"v-pop, vietnam indie, vietnamese lo-fi",4MoHww9gEkwPbPWoebIVra,1,67.0,,1.0,21.23,,,,,,,,,,,1.0,67.0,2000.0,183000.0
chúc phúc,pialinh,,zingmp3,36,2025-10-15,"v-pop, vietnam indie",4H2Tp0m4qVHdMc70g2Wf8J,1,68.0,,1.0,20.83,,,,,,,,,,,1.0,68.0,21000.0,
nhói lòng thuyền hoa (rock version),tlong,lkt media,zingmp3,4,2025-10-28,"vinahouse, v-pop, vietnamese lo-fi",2dbZRzKtHp4NSnFwECJp6g,1,70.0,,2.0,20.55,,,,,,,,,,,2.0,70.0,2000.0,
trọn vẹn chính mình,hương giang,nguyễn văn chung,zingmp3,23,2025-11-07,"v-pop, vietnamese bolero",51jTXqdqEMoXsa73nqb05a,1,69.0,,1.0,20.43,,,,,,,,,,,1.0,69.0,34000.0,
một mình chẳng sao,ngân ngân,,zingmp3,11,2025-10-31,"vinahouse, v-pop, vietnamese bolero",61p3IxFOF7tzVJvl2whEmP,1,77.0,,7.0,20.38,,,,,,,,,,,7.0,77.0,3000.0,193000.0
love my friend,shayda,,"apple, spotify",59,2025-10-10,"v-pop, vietnamese hip hop",6CjmlnDoRepubCwg3hFO1H,2,92.0,,4.0,20.31,1.0,98.0,3.0,92.0,20.0,736208.0,53.0,,,,,,,
người bình thường,vũ cát tường,,spotify,61,2023-12-04,"v-pop, vietnam indie",1fFvYVg1v3rpUSqKNCUh7b,1,80.0,,9.0,20.24,,,9.0,80.0,247.0,7417916.0,43.0,,,,,,,
nước mắt cá sấu,hieuthuhai,,apple,63,2025-04-01,"v-pop, vietnamese hip hop, vietnamese lo-fi, vietnam indie, vinahouse",39XiO6D9cuMfJXObD6gVjY,1,82.0,,10.0,19.96,10.0,82.0,,,,,,,,,,,,
bắc thang lên hỏi ông trời,em xinh say hi,"bích phương, juky san, lamoon, mỹ mỹ, quỳnh anh shyn",zingmp3,56,2025-08-04,v-pop,15YePdrwoWzDN68BanP7r4,1,85.0,,12.0,19.82,,,,,,,,,,,12.0,85.0,34000.0,2600000.0
em đã chờ anh bao lâu,anh trai say hi,"phúc du, ogenus, bùi duy ngọc, rio, otis, 52hz",zingmp3,45,2025-11-03,"v-pop, vietnamese hip hop",4laDe7NUQ0uAZsuER4KK8a,1,72.0,,1.0,19.23,,,,,,,,,,,1.0,72.0,2000.0,56000.0
nghe như tình yêu,hieuthuhai,,spotify,61,2021-07-09,"v-pop, vietnamese hip hop, vietnamese lo-fi, vietnam indie, vinahouse",1J12HjUuXfJnaUdubTEzSR,1,75.0,,3.0,19.08,,,3.0,75.0,1511.0,39104108.0,30.0,,,,,,,
giá mà anh,captain boy,,spotify,58,2025-10-23,"v-pop, vietnamese hip hop",7hF5DFtzMER5KzHA1nCTYq,1,75.0,,3.0,19.08,,,3.0,75.0,12.0,416932.0,69.0,,,,,,,
cứ khóc hết đi em,cao thái sơn,,zingmp3,18,2025-07-08,"v-pop, vinahouse, vietnamese bolero",1sslAVOfUCEorztohvA41g,1,78.0,,5.0,18.93,,,,,,,,,,,5.0,78.0,7000.0,821000.0
bông hoa đẹp nhất,quân a.p,,spotify,60,2020-09-07,"v-pop, vietnamese lo-fi",4TyQKEifYDWTfTSRwpxlYI,1,77.0,,4.0,18.81,,,4.0,77.0,713.0,6230098.0,31.0,,,,,,,
bao tiền một mớ bình yên?,14 casper,bon nghiêm,spotify,59,2023-03-03,"v-pop, vietnamese lo-fi, vietnam indie",7kgzRBNkBRArtTPkYjWLYT,1,78.0,,4.0,18.41,,,4.0,78.0,1348.0,43063183.0,7.0,,,,,,,
quên rồi khổ đau năm ấy,vicky nhung,đông thiên đức,zingmp3,32,2025-04-17,"vinahouse, v-pop, vietnamese lo-fi",28pdR27ksvbwEDuLy8pb4r,1,81.0,,6.0,18.26,,,,,,,,,,,6.0,81.0,11000.0,1700000.0
có còn yêu em,nguyễn kiều oanh,,zingmp3,44,2025-08-16,v-pop,2omZCdoslK3YXKOS4oFQVl,1,89.0,,12.0,18.22,,,,,,,,,,,12.0,89.0,12000.0,963000.0
mùa mưa ấy,vũ.,,apple,57,2024-09-27,"v-pop, vietnam indie, vietnamese lo-fi",3qllaNK66kKxX123f0eKpj,1,84.0,,8.0,18.11,8.0,84.0,,,,,,,,,,,,
anh đã ổn hơn,rpt mck,,apple,57,2023-03-02,"vietnamese hip hop, v-pop, vietnam indie",3YctJXK6kznnWl68TnYobN,1,84.0,,8.0,18.11,8.0,84.0,,,,,,,,,,,,
chìm sâu,rpt mck,trung trần,apple,59,2023-03-02,"vietnamese hip hop, v-pop, vietnam indie",7jLSThU5Kg1RWt19Leiaxm,1,87.0,,10.0,17.96,10.0,87.0,,,,,,,,,,,,
cưa em bốn mùa,nb3 hoài bảo,ct,zingmp3,32,2025-10-27,"vinahouse, vietnamese lo-fi, v-pop, lo-fi",1arYzhjZeNFSzHDXL1YjOd,1,77.0,,2.0,17.75,,,,,,,,,,,2.0,77.0,5000.0,210000.0
vai lan don dua,soobin,,"apple, spotify",60,2017-01-27,"v-pop, vietnamese hip hop, vietnam indie, vinahouse",6hUpxEKFSjS8metuA1yxlf,1,77.0,,2.0,17.75,,,2.0,77.0,1485.0,14541672.0,26.0,,,,,,,
cứ đổ tại cơn mưa (solo & piano),em xinh say hi,orange,zingmp3,41,2025-09-18,v-pop,2XMgt7faxpOomPIZN9TEK8,1,84.0,,7.0,17.58,,,,,,,,,,,7.0,84.0,1000.0,262000.0
Máy Bay Giấy,(S)TRONG,,zingmp3,37,2025-09-24,"v-pop, vietnam indie",09ycwhJy7IEi35ZiJpcwit,1,78.0,,1.0,16.83,,,,,,,,,,,1.0,78.0,3000.0,297000.0
buồn thật đấy,sofia,nguyễn thương,zingmp3,26,2025-09-29,"vietnamese hip hop, v-pop, vietnam indie",6LmOwhZnpkZmGyS737d9mH,1,78.0,,1.0,16.83,,,,,,,,,,,1.0,78.0,2000.0,134000.0
mảnh tình sai đôi,yến nhi,,zingmp3,29,2025-10-02,"v-pop, vinahouse",2ik6v5h2sXSiUjfbchPRtb,1,81.0,,3.0,16.68,,,,,,,,,,,3.0,81.0,5000.0,214000.0
tình nhân ơi,orange,binz,apple,46,2019-01-07,"v-pop, vietnamese hip hop, vietnam indie, vinahouse",7KNVYQdx7arRoeEJi9C9IR,1,89.0,,9.0,16.64,9.0,89.0,,,,,,,,,,,,
vực thẳm của bình yên,jack - j97,,zingmp3,53,2025-06-26,"v-pop, vinahouse",6O7qAKr3OBNcQVSRMs0USA,1,80.0,,2.0,16.55,,,,,,,,,,,2.0,80.0,34000.0,2600000.0
một mình ở đây,bùi lan hương,,zingmp3,32,2025-06-20,"v-pop, vietnam indie",2Voeolkjs3dZxjK04Kpdkh,1,84.0,,5.0,16.53,,,,,,,,,,,5.0,84.0,2000.0,164000.0
peace n' love,low g,mỹ anh,zingmp3,51,2025-10-21,"vietnamese hip hop, v-pop, vietnam indie",6AJXc3mnynpCegfUcQbwat,1,79.0,,1.0,16.43,,,,,,,,,,,1.0,79.0,64000.0,
muộn rồi mà sao còn,sơn tùng m-tp,,spotify,62,2021-04-29,"v-pop, vinahouse, vietnamese hip hop",4vfhartd7HDWGJbdVIycEu,1,82.0,,3.0,16.28,,,3.0,82.0,1656.0,49244172.0,1.0,,,,,,,
vai chính tội nghiệp,an vũ,,zingmp3,15,2025-09-26,"v-pop, vinahouse, vietnamese lo-fi",0kfA0BRHpTswudSnnhOAXm,1,81.0,,2.0,16.15,,,,,,,,,,,2.0,81.0,1000.0,136000.0
em còn nhớ anh không - remastered,hoàng tôn,koo,spotify,60,2021-04-26,"v-pop, vietnamese hip hop, vinahouse, vietnam indie",7q1qYSyRkGT4ZaCc2ZQihP,1,82.0,,2.0,15.75,,,2.0,82.0,210.0,6119864.0,58.0,,,,,,,
sad nhân,(s)trong,,zingmp3,45,2025-09-24,"v-pop, vietnam indie",2FqWfZLNHJTXMYZIB5U3rw,1,82.0,,2.0,15.75,,,,,,,,,,,2.0,82.0,1000.0,180000.0
cơn mưa cuối,justatee,binz,spotify,58,2016-11-03,"v-pop, vietnamese hip hop, vietnam indie",6E3P4uOfKHYXJLK6Q3s0Tj,1,83.0,,2.0,15.35,,,2.0,83.0,13.0,355886.0,83.0,,,,,,,
thả anh ra,quang hùng masterd,hino,zingmp3,62,2025-08-16,"v-pop, vinahouse, vietnamese hip hop",01oJRNQrFwJu3jgGVo8K58,1,95.0,,11.0,15.29,,,,,,,,,,,11.0,95.0,43000.0,2200000.0
em cưới rồi à,thanh hưng,,zingmp3,47,2025-02-25,"v-pop, vinahouse",7oHtN1f2nW0rV3NayfO3rJ,1,89.0,,6.0,15.06,,,,,,,,,,,6.0,89.0,211000.0,15000000.0
ôm lấy trái tim,kairon,,zingmp3,45,2025-05-23,v-pop,3o1Dy1cZKTmaEIxRgBlALQ,1,84.0,,2.0,14.95,,,,,,,,,,,2.0,84.0,27000.0,2200000.0
text 07,w/n,267,zingmp3,57,2025-07-30,"v-pop, vietnamese lo-fi, vietnamese hip hop, vietnam indie",1cVc6XetpYuJRm4R1MhSW7,1,83.0,,1.0,14.83,,,,,,,,,,,1.0,83.0,,
chỉ anh làm em khóc,đàm vĩnh hưng,trần mạnh cường,zingmp3,29,2025-10-08,"vietnamese bolero, bolero, v-pop, vinahouse",1cU4xCTzmAI7irO2pqFYEX,1,83.0,,1.0,14.83,,,,,,,,,,,1.0,83.0,3000.0,288000.0
past won't leave my bed,joji,,apple,76,2025-11-07,none,16Z0an8D4BJNm3VbWWpTnv,1,85.0,,2.0,14.55,2.0,85.0,,,,,,,,,,,,
từng là,vũ cát tường,,spotify,61,2024-03-01,"v-pop, vietnam indie",2xOhv7XudrBDtkID1jwsFE,1,84.0,,1.0,14.43,,,1.0,84.0,617.0,36412234.0,2.0,,,,,,,
mến tay mến chân,phạm quỳnh anh,thanh duy,zingmp3,24,2025-11-05,v-pop,780fc4fTrkO9lW89f4F9jO,1,84.0,,1.0,14.43,,,,,,,,,,,1.0,84.0,1000.0,63000.0
thanh xuân là anh,2t,"n.diên, shenlongz",zingmp3,51,2019-02-23,"vietnamese lo-fi, v-pop, vietnamese hip hop, vietnam indie",0NxqMsJHjk0EO77yNjAGDs,1,87.0,,2.0,13.75,,,,,,,,,,,2.0,87.0,68000.0,
3 1 0 7,w/n,"duongg, nâu",spotify,61,2024-06-26,"v-pop, vietnamese lo-fi, vietnamese hip hop, vietnam indie",5xuaCJaNAqRLwV7OO5zPiF,1,86.0,,1.0,13.63,,,1.0,86.0,1572.0,34403488.0,11.0,,,,,,,
dù cho mai về sau,buitruonglinh,,spotify,62,2020-11-17,"v-pop, vietnamese lo-fi, vietnam indie, vinahouse",4Iz5EWPCAT8jYNk4IpLoll,1,90.0,,4.0,13.61,,,4.0,90.0,1678.0,33158072.0,9.0,,,,,,,
thời thế thế thời,nguyễn vĩ,,zingmp3,29,2025-02-17,"vinahouse, vietnamese lo-fi, v-pop",16lFf9WIESyzL8W3GP4wCd,1,90.0,,4.0,13.61,,,,,,,,,,,4.0,90.0,220000.0,14900000.0
missing you,phương ly,,apple,54,2020-08-18,"v-pop, vietnamese hip hop, vietnam indie, vinahouse",7D5hQQZXK33EpJdn1zdLch,1,92.0,,5.0,13.33,5.0,92.0,,,,,,,,,,,,
forget me now,fishy,trí dũng,spotify,59,2021-04-11,"v-pop, vietnam indie, vietnamese lo-fi, vietnamese hip hop",12DNdwLD9oZOPADqM10oyE,1,87.0,,1.0,13.23,,,1.0,87.0,95.0,2382182.0,86.0,,,,,,,
em chỉ sợ ngày mai,mochiii,,zingmp3,29,2025-10-13,"vinahouse, v-pop",5HwhXGpBA93SxsfaCCm1uv,1,89.0,,1.0,12.43,,,,,,,,,,,1.0,89.0,,
nằm bên anh,minh đinh,hà an huy,spotify,57,2025-05-16,"vietnam indie, v-pop, vietnamese hip hop",5LuyL5o2BcFKK4FOJLYsSy,1,91.0,,2.0,12.15,,,2.0,91.0,164.0,7261761.0,15.0,,,,,,,
nhà tôi có treo một lá cờ,dtap,hà anh tuấn,zingmp3,52,2025-08-19,v-pop,2L3R75fV5mZIGDVm3nDKqI,1,95.0,,5.0,12.13,,,,,,,,,,,5.0,95.0,20000.0,2200000.0
đến đây bên anh,cloud 5,dangrangto,spotify,61,2023-09-28,v-pop,55Eo6NDkVhSRBonrT16kXM,1,90.0,,1.0,12.03,,,1.0,90.0,217.0,6849039.0,53.0,,,,,,,
tham phú phụ bần,nguyễn vĩ,,zingmp3,41,2024-12-25,"vinahouse, vietnamese lo-fi, v-pop",3pKezs83huL6fTGrsVhfek,1,93.0,,3.0,11.88,,,,,,,,,,,3.0,93.0,169000.0,14800000.0
ex's hate me pt.2,amee,,spotify,61,2020-06-20,"v-pop, vietnamese hip hop, vietnam indie",5tdz7T4hTxA1ipJMBe24uX,1,94.0,,3.0,11.48,,,3.0,94.0,490.0,13559060.0,67.0,,,,,,,
viết tiếp câu chuyện hòa bình,nguyễn văn chung,tùng dương,zingmp3,48,2023-12-21,"v-pop, vinahouse, vietnamese bolero",4L0zBncAEvt5RLAI0IbTKs,1,94.0,,3.0,11.48,,,,,,,,,,,3.0,94.0,30000.0,2000000.0
chờ bao lâu,út nhị mino,hào jk,zingmp3,33,2025-05-16,"vinahouse, vietnamese bolero, v-pop",2YD5RI5M1uoIJrKavDyopq,1,93.0,,2.0,11.35,,,,,,,,,,,2.0,93.0,66000.0,3400000.0
khi em lớn,orange,hoàng dũng,spotify,59,2021-04-20,"v-pop, vietnamese hip hop, vietnam indie, vinahouse",3J06iY9IRWKr1H0zIxrUby,1,93.0,,2.0,11.35,,,2.0,93.0,1416.0,24984814.0,3.0,,,,,,,
cho tôi lang thang,ngọt,đen,spotify,60,2018-03-27,"vietnam indie, v-pop, vietnamese lo-fi, vietnamese hip hop",2zRzmGerfTxc2epZHgaTdh,1,93.0,,2.0,11.35,,,2.0,93.0,1729.0,23265159.0,18.0,,,,,,,
tạm bợ,miina,"zio.b, rin9, dreamer",zingmp3,27,2025-05-30,v-pop,00dggIDSzu0KPsK07wAGtZ,1,92.0,,1.0,11.23,,,,,,,,,,,1.0,92.0,5000.0,612000.0
chill guys ngon zai,anh trai say hi,"bigdaddy, ogenus, b ray, phúc du",zingmp3,55,2025-09-22,"v-pop, vietnamese hip hop",7bRV274z4g3Lns0xV8xYzY,1,94.0,,2.0,10.95,,,,,,,,,,,2.0,94.0,14000.0,754000.0
sân ga đời anh,dương masterd,,zingmp3,0,2025-10-18,none,7Hq4Qu97GjkzDVY9IQEpgF,1,93.0,,1.0,10.83,,,,,,,,,,,1.0,93.0,,
nửa quân bài,trịnh đình quang,,zingmp3,6,2025-11-05,"vinahouse, v-pop",1Cz1n58NwjYu2Oh5actO2b,1,93.0,,1.0,10.83,,,,,,,,,,,1.0,93.0,9000.0,789000.0
Khép Lại,Linh Hương Luz,,zingmp3,14,2025-08-22,"vinahouse, v-pop, vietnamese lo-fi",7al6ZREBUKbtwH2VpsaAkh,1,95.0,,1.0,10.03,,,,,,,,,,,1.0,95.0,1000.0,244000.0
tình yêu bất diệt,hồ việt trung,saka trương tuyền,zingmp3,30,2025-04-03,"vietnamese bolero, v-pop, vinahouse, vietnamese lo-fi, bolero",3Ut2FPcM4l3wGEjvpGmulk,1,96.0,,1.0,9.63,,,,,,,,,,,1.0,96.0,167000.0,8600000.0
ngày mai em đi,lê hiếu,"soobin, touliver",spotify,59,2017-08-02,"v-pop, vietnam indie, vietnamese bolero, vietnamese hip hop, vinahouse",0ZP4bO2ywAv44HiEzzHaq5,1,96.0,,1.0,9.63,,,1.0,96.0,1661.0,15857549.0,2.0,,,,,,,
yêu rồi để đó,đàm vĩnh hưng,,zingmp3,33,2025-05-28,"vietnamese bolero, bolero, v-pop, vinahouse",65kpTC4uDN8jbbkEHgAqdk,1,98.0,,1.0,8.83,,,,,,,,,,,1.0,98.0,81000.0,5800000.0
an thần,low g,thắng,spotify,61,2021-10-21,"vietnamese hip hop, v-pop, vietnam indie",5C3fx9rdM4Bxf1MSOQC4Ym,1,98.0,,1.0,8.83,,,1.0,98.0,1467.0,44190203.0,1.0,,,,,,,
Ngày Đầu Tiên,Đức Phúc,,apple,53,2022-02-11,"v-pop, vinahouse, vietnam indie",5Msoarj5hk9LguTtiIyqug,1,98.0,,1.0,8.83,1.0,98.0,,,,,,,,,,,,
xa em,thanh hưng,,zingmp3,33,2025-06-06,"v-pop, vinahouse",37zRN1vtKBGw5KD3pP4VmR,1,98.0,,1.0,8.83,,,,,,,,,,,1.0,98.0,24000.0,2400000.0
vỗ tay,em xinh say hi,phương ly,zingmp3,55,2025-08-18,v-pop,4NLtxANI9YZgZbrZdOaSZJ,1,99.0,,1.0,8.43,,,,,,,,,,,1.0,99.0,19000.0,1400000.0
để tôi ôm em bằng giai điệu này,Kai Đinh,"GREY D, MIN",apple,56,2022-12-22,"v-pop, vietnamese lo-fi, vietnam indie",5qbjUmVV1yOOjcMOInNPYD,1,99.0,,1.0,8.43,1.0,99.0,,,,,,,,,,,,
ngây ther,kidsai,"vstra, whenitsasunniday",spotify,54,2025-10-30,"v-pop, vietnamese hip hop, vietnam indie",437CIQ8M980cDL9Xh9eUoP,1,100.0,,1.0,8.03,,,1.0,100.0,3.0,85421.0,100.0,,,,,,,
Sẽ Quên Em Nhanh Thôi,SOOBIN,,spotify,55,2025-07-24,"v-pop, vietnamese hip hop, vietnam indie, vinahouse",6AU9qkbiGBauGjmBX6GfuU,1,100.0,,1.0,8.03,,,1.0,100.0,104.0,2918088.0,65.0,,,,,,,
chí phèo,đinh tiến đạt,monocycle,zingmp3,18,2025-10-15,"v-pop, vietnamese hip hop, vietnam indie",7tG1fSCUeG9NqCeyRonXPG,0,,,0.0,,,,,,,,,,,,,,,
PRE-ECHO,Lohan,"A1J, Diiton",zingmp3,15,2025-11-11,v-pop,6oFjIywtPgod5uHciLBsYc,0,,,0.0,,,,,,,,,,,,,,,
